job_name,job_salary,job_area,com_name,com_type,com_size,education,work_year,job_benefits,category_path,crawl_time,salary_min_k,salary_max_k,salary_avg_k,salary_months,annual_salary_avg_k,salary_type,city,district,business_area,company_type_clean,company_size_clean,industry,category,subcategory,position
AI产品经理,2.8-5.5万,上海·徐汇·虹梅路,上海统才企业管理咨询服务有限公司,民营,1000-9999人,学历不限,1-3年,人工智能产品经理,产品-互联网产品经理-AI产品经理,2026-05-20 18:44:50,28.0,55.0,41.5,12.0,498.0,monthly,上海,徐汇,虹梅路,民营,1000-9999人,未知,产品,互联网产品经理,AI产品经理
AI产品经理(金融科技),3-4万·13薪,上海·浦东·唐镇,北京谆航科技有限公司,民营,100-299人,本科,5-10年,"智能机器人, AI产品",产品-互联网产品经理-AI产品经理,2026-05-20 18:44:49,30.0,40.0,35.0,13.0,455.0,monthly,上海,浦东,唐镇,民营,100-299人,未知,产品,互联网产品经理,AI产品经理
AI产品经理,2-4万,上海·黄浦·淮海中路,上海畅商亨霖信息技术有限公司,20-99人,软件/IT服务,本科,3-5年,"搜索, 推荐, NLP, 大模型, AIGC",产品-互联网产品经理-AI产品经理,2026-05-20 18:44:51,20.0,40.0,30.0,12.0,360.0,monthly,上海,黄浦,淮海中路,软件/IT服务,20-99人,未知,产品,互联网产品经理,AI产品经理
AI产品经理-效率方向 (MJ003663),2-3.5万·13薪,上海·青浦·重固,申通快递,上市公司,10000人以上,本科,3-5年,AI方向,产品-互联网产品经理-AI产品经理,2026-05-20 18:44:50,20.0,35.0,27.5,13.0,357.5,monthly,上海,青浦,重固,上市公司,10000人以上,未知,产品,互联网产品经理,AI产品经理
AI产品经理-质量方向 (MJ003664),2-3.5万·13薪,上海·青浦·重固,申通快递,上市公司,10000人以上,本科,5-10年,"B端产品, AI",产品-互联网产品经理-AI产品经理,2026-05-20 18:44:51,20.0,35.0,27.5,13.0,357.5,monthly,上海,青浦,重固,上市公司,10000人以上,未知,产品,互联网产品经理,AI产品经理
AI产品经理,2-2.5万,上海·闵行·新虹,上海熙软科技有限公司,民营,500-999人,本科,5-10年,"NLP, 大模型, 智能问答",产品-互联网产品经理-AI产品经理,2026-05-20 18:44:50,20.0,25.0,22.5,12.0,270.0,monthly,上海,闵行,新虹,民营,500-999人,未知,产品,互联网产品经理,AI产品经理
AI产品经理（财务系统方向）-税务部-上海,1.5-2.9万,上海·黄浦·外滩,德勤企业咨询(上海)有限公司,外商独资,10000人以上,本科,3-5年,,产品-互联网产品经理-AI产品经理,2026-05-20 18:44:50,15.0,29.0,22.0,12.0,264.0,monthly,上海,黄浦,外滩,外商独资,10000人以上,未知,产品,互联网产品经理,AI产品经理
AI产品经理（上海、嘉兴）,1.8-2.5万·13薪,上海·静安·大宁路,浙江和达科技股份有限公司,上市公司,500-999人,本科,3-5年,AI,产品-互联网产品经理-AI产品经理,2026-05-20 18:44:49,18.0,25.0,21.5,13.0,279.5,monthly,上海,静安,大宁路,上市公司,500-999人,未知,产品,互联网产品经理,AI产品经理
AI产品经理(J10377),1.5-2.5万·13薪,上海·闵行·浦江,上海欧易生物医学科技有限公司,民营,500-999人,本科,3-5年,"大模型, AIGC",产品-互联网产品经理-AI产品经理,2026-05-20 18:44:49,15.0,25.0,20.0,13.0,260.0,monthly,上海,闵行,浦江,民营,500-999人,未知,产品,互联网产品经理,AI产品经理
AI产品经理,1.6-2万,上海·徐汇·虹梅路,金桥信息,上市公司,500-999人,本科,3-5年,,产品-互联网产品经理-AI产品经理,2026-05-20 18:44:50,16.0,20.0,18.0,12.0,216.0,monthly,上海,徐汇,虹梅路,上市公司,500-999人,未知,产品,互联网产品经理,AI产品经理
AI产品经理（石油石化领域）,1.5-2万·13薪,上海·浦东·金桥,上海艾策通讯科技股份有限公司,股份制企业,20-99人,本科,3-5年,大模型,产品-互联网产品经理-AI产品经理,2026-05-20 18:44:50,15.0,20.0,17.5,13.0,227.5,monthly,上海,浦东,金桥,股份制企业,20-99人,未知,产品,互联网产品经理,AI产品经理
AI产品经理（教育领域）,1.5-2万·13薪,上海·浦东·金桥,上海艾策通讯科技股份有限公司,股份制企业,20-99人,本科,3-5年,大模型,产品-互联网产品经理-AI产品经理,2026-05-20 18:44:50,15.0,20.0,17.5,13.0,227.5,monthly,上海,浦东,金桥,股份制企业,20-99人,未知,产品,互联网产品经理,AI产品经理
AI产品经理（医疗领域）,1.5-2万·13薪,上海·浦东·金桥,上海艾策通讯科技股份有限公司,股份制企业,20-99人,本科,3-5年,大模型,产品-互联网产品经理-AI产品经理,2026-05-20 18:44:50,15.0,20.0,17.5,13.0,227.5,monthly,上海,浦东,金桥,股份制企业,20-99人,未知,产品,互联网产品经理,AI产品经理
AI产品经理（上市企业）,1.2-1.5万,上海·徐汇·虹梅路,金桥信息,上市公司,500-999人,本科,3-5年,大模型,产品-互联网产品经理-AI产品经理,2026-05-20 18:44:51,12.0,15.0,13.5,12.0,162.0,monthly,上海,徐汇,虹梅路,上市公司,500-999人,未知,产品,互联网产品经理,AI产品经理
AI产品经理,1-1.5万,上海·静安·彭浦,慧研智投科技有限公司,民营,1000-9999人,本科,3-5年,大模型,产品-互联网产品经理-AI产品经理,2026-05-20 18:44:49,10.0,15.0,12.5,12.0,150.0,monthly,上海,静安,彭浦,民营,1000-9999人,未知,产品,互联网产品经理,AI产品经理
ai产品经理,1-1.5万,上海·静安·彭浦,慧研智投科技有限公司,民营,1000-9999人,本科,3-5年,,产品-互联网产品经理-AI产品经理,2026-05-20 18:44:50,10.0,15.0,12.5,12.0,150.0,monthly,上海,静安,彭浦,民营,1000-9999人,未知,产品,互联网产品经理,AI产品经理
ai产品经理,8000-12000元·13薪,上海·静安·天目西路,上海广拓信息技术有限公司,民营,100-299人,本科,1-3年,"NLP, 推荐, 智能客服, AI产品全生命周期管理, 跨团队协作推进",产品-互联网产品经理-AI产品经理,2026-05-20 18:44:50,8.0,12.0,10.0,13.0,130.0,monthly,上海,静安,天目西路,民营,100-299人,未知,产品,互联网产品经理,AI产品经理
科技管培生（AI产品经理方向）,8000-12000元·20薪,上海·浦东·陆家嘴,平安国际融资租赁有限公司,民营,1000-9999人,本科,经验不限,产品经理,产品-互联网产品经理-AI产品经理,2026-05-20 18:44:50,8.0,12.0,10.0,20.0,200.0,monthly,上海,浦东,陆家嘴,民营,1000-9999人,未知,产品,互联网产品经理,AI产品经理
AI产品经理,5000-7000元,上海·浦东·张江,上海世纪云端人工智能科技有限公司,民营,20-99人,大专,经验不限,"大模型, 智能机器人, 智能问答",产品-互联网产品经理-AI产品经理,2026-05-20 18:44:50,5.0,7.0,6.0,12.0,72.0,monthly,上海,浦东,张江,民营,20-99人,未知,产品,互联网产品经理,AI产品经理
营销AI产品经理,面议,上海·杨浦·大桥,北京三快在线科技有限公司,上市公司,10000人以上,本科,1-3年,,产品-互联网产品经理-AI产品经理,2026-05-20 18:44:49,,,,,,negotiable,上海,杨浦,大桥,上市公司,10000人以上,未知,产品,互联网产品经理,AI产品经理
外企-14薪 急招 产品经理,2.2-4万·14薪,上海·浦东·陆家嘴,中美联泰大都会人寿保险有限公司浙江分公司懿元营业部,民营,1000-9999人,大专,1-3年,,产品-互联网产品经理-电商产品经理,2026-05-20 18:44:03,22.0,40.0,31.0,14.0,434.0,monthly,上海,浦东,陆家嘴,民营,1000-9999人,未知,产品,互联网产品经理,电商产品经理
电商产品经理,2-3.5万,上海·徐汇·龙华,白象食品,民营,1000-9999人,本科,5-10年,"直播产品, 市场调研, 产品规划, 需求分析, 产品设计",产品-互联网产品经理-电商产品经理,2026-05-20 18:44:02,20.0,35.0,27.5,12.0,330.0,monthly,上海,徐汇,龙华,民营,1000-9999人,未知,产品,互联网产品经理,电商产品经理
产品经理(快消电商产品),2-3.5万,上海·浦东·北蔡,永和食品(中国)股份有限公司,300-499人,食品/饮料/酒水批发/零售/贸易,本科,5-10年,"快消产品, 电商产品",产品-互联网产品经理-电商产品经理,2026-05-20 18:44:02,20.0,35.0,27.5,12.0,330.0,monthly,上海,浦东,北蔡,食品/饮料/酒水批发/零售/贸易,300-499人,未知,产品,互联网产品经理,电商产品经理
产品经理岗,2-3.5万·14薪,上海·浦东·高东,上海环信国际货物运输代理有限公司,民营,20人以下,大专,3-5年,"软件产品, 数据产品, AI产品, 大模型产品, 智能问答产品",产品-互联网产品经理-电商产品经理,2026-05-20 18:44:03,20.0,35.0,27.5,14.0,385.0,monthly,上海,浦东,高东,民营,20人以下,未知,产品,互联网产品经理,电商产品经理
量子云平台产品经理,2-3.5万,上海·浦东·康桥,九章(济南)量子科技有限公司,股份制企业,20-99人,本科,3-5年,"云平台, 产品经理",产品-互联网产品经理-电商产品经理,2026-05-20 18:44:03,20.0,35.0,27.5,12.0,330.0,monthly,上海,浦东,康桥,股份制企业,20-99人,未知,产品,互联网产品经理,电商产品经理
跨境电商产品经理,1.8-2.8万,上海·徐汇·龙华,江苏万舜机械科技有限公司,民营,100-299人,本科,5-10年,,产品-互联网产品经理-电商产品经理,2026-05-20 18:44:02,18.0,28.0,23.0,12.0,276.0,monthly,上海,徐汇,龙华,民营,100-299人,未知,产品,互联网产品经理,电商产品经理
电商搜索高级产品经理,1.5-3万,上海·浦东·宣桥,上海清美绿色食品(集团)有限公司,合资,1000-9999人,本科,3-5年,,产品-互联网产品经理-电商产品经理,2026-05-20 18:44:02,15.0,30.0,22.5,12.0,270.0,monthly,上海,浦东,宣桥,合资,1000-9999人,未知,产品,互联网产品经理,电商产品经理
车载产品经理,2-2.5万,上海·嘉定·安亭,中科创达软件股份有限公司,合资,1000-9999人,大专,5-10年,"软件产品, ERP系统, 车载, 座舱, 车控",产品-互联网产品经理-电商产品经理,2026-05-20 18:44:03,20.0,25.0,22.5,12.0,270.0,monthly,上海,嘉定,安亭,合资,1000-9999人,未知,产品,互联网产品经理,电商产品经理
Product Manager 产品经理,2-2.5万,上海·虹口·嘉兴路,菲仕乐贸易（上海）有限公司,外商独资,1000-9999人,本科,5-10年,,产品-互联网产品经理-电商产品经理,2026-05-20 18:44:03,20.0,25.0,22.5,12.0,270.0,monthly,上海,虹口,嘉兴路,外商独资,1000-9999人,未知,产品,互联网产品经理,电商产品经理
产品经理-低压配电(J16181),1.8-2.5万·16薪,上海·闵行·新虹,震坤行工业超市(上海)有限公司,合资,1000-9999人,本科,3-5年,"市场调研, 产品规划, 需求分析, 用户增长, 数据分析",产品-互联网产品经理-电商产品经理,2026-05-20 18:44:04,18.0,25.0,21.5,16.0,344.0,monthly,上海,闵行,新虹,合资,1000-9999人,未知,产品,互联网产品经理,电商产品经理
产品经理,1.5-2.5万·16薪,上海·闵行·颛桥,思源电气,民营,1000-9999人,本科,3-5年,,产品-互联网产品经理-电商产品经理,2026-05-20 18:44:04,15.0,25.0,20.0,16.0,320.0,monthly,上海,闵行,颛桥,民营,1000-9999人,未知,产品,互联网产品经理,电商产品经理
海外产品经理,1.5-2.5万·15薪,上海·闵行·颛桥,思源电气,民营,1000-9999人,本科,5-10年,海外电力系统,产品-互联网产品经理-电商产品经理,2026-05-20 18:44:22,15.0,25.0,20.0,15.0,300.0,monthly,上海,闵行,颛桥,民营,1000-9999人,未知,产品,互联网产品经理,电商产品经理
产品经理-物流服务体验方向 (MJ003707),1.5-2.2万·13薪,上海·青浦·重固,申通快递,上市公司,10000人以上,学历不限,3-5年,B端产品,产品-互联网产品经理-电商产品经理,2026-05-20 18:44:03,15.0,22.0,18.5,13.0,240.5,monthly,上海,青浦,重固,上市公司,10000人以上,未知,产品,互联网产品经理,电商产品经理
售前/产品经理,1-2万,上海·浦东·航头,爱谱华顿,合资,1000-9999人,大专,5-10年,"软件产品, 硬件产品, 智慧服务, 智慧园区, 智慧社区, 智能制造",产品-互联网产品经理-电商产品经理,2026-05-20 18:44:03,10.0,20.0,15.0,12.0,180.0,monthly,上海,浦东,航头,合资,1000-9999人,未知,产品,互联网产品经理,电商产品经理
产品经理,1-1.5万,上海·浦东·金桥,上海天跃科技股份有限公司,上市公司,1000-9999人,本科,5-10年,,产品-互联网产品经理-电商产品经理,2026-05-20 18:44:03,10.0,15.0,12.5,12.0,150.0,monthly,上海,浦东,金桥,上市公司,1000-9999人,未知,产品,互联网产品经理,电商产品经理
产品专员-运动服装,1-1.2万,上海·徐汇·徐家汇,中智经济技术合作股份有限公司,国企,20-99人,本科,1-3年,,产品-互联网产品经理-电商产品经理,2026-05-20 18:44:03,10.0,12.0,11.0,12.0,132.0,monthly,上海,徐汇,徐家汇,国企,20-99人,未知,产品,互联网产品经理,电商产品经理
电商供应链产品经理,8000-12000元,上海·浦东·陆家嘴,上海岑瑞实业发展有限公司,20人以下,互联网电商,大专,1-3年,"B端产品, 采购计划, 供应链管理",产品-互联网产品经理-电商产品经理,2026-05-20 18:44:02,8.0,12.0,10.0,12.0,120.0,monthly,上海,浦东,陆家嘴,互联网电商,20人以下,未知,产品,互联网产品经理,电商产品经理
商业化策略产品经理,面议,上海·杨浦·大桥,北京三快在线科技有限公司,上市公司,10000人以上,本科,1-3年,,产品-互联网产品经理-电商产品经理,2026-05-20 18:44:03,,,,,,negotiable,上海,杨浦,大桥,上市公司,10000人以上,未知,产品,互联网产品经理,电商产品经理
酒店SaaS 直连产品,面议,上海·杨浦·大桥,北京三快在线科技有限公司,上市公司,10000人以上,本科,1-3年,,产品-互联网产品经理-电商产品经理,2026-05-20 18:44:03,,,,,,negotiable,上海,杨浦,大桥,上市公司,10000人以上,未知,产品,互联网产品经理,电商产品经理
用户增长产品经理-互动数值方向,面议,上海,北京三快在线科技有限公司,上市公司,10000人以上,本科,3-5年,,产品-互联网产品经理-电商产品经理,2026-05-20 18:44:03,,,,,,negotiable,上海,未知,,上市公司,10000人以上,未知,产品,互联网产品经理,电商产品经理
智能KYC产品,面议,上海·杨浦·大桥,北京三快在线科技有限公司,上市公司,10000人以上,本科,1-3年,,产品-互联网产品经理-电商产品经理,2026-05-20 18:44:04,,,,,,negotiable,上海,杨浦,大桥,上市公司,10000人以上,未知,产品,互联网产品经理,电商产品经理
营销AI产品经理,面议,上海·杨浦·大桥,北京三快在线科技有限公司,上市公司,10000人以上,本科,1-3年,,产品-互联网产品经理-电商产品经理,2026-05-20 18:44:14,,,,,,negotiable,上海,杨浦,大桥,上市公司,10000人以上,未知,产品,互联网产品经理,电商产品经理
大模型平台产品实习生,面议,上海·杨浦·大桥,北京三快在线科技有限公司,上市公司,10000人以上,本科,经验不限,,产品-互联网产品经理-电商产品经理,2026-05-20 18:44:40,,,,,,negotiable,上海,杨浦,大桥,上市公司,10000人以上,未知,产品,互联网产品经理,电商产品经理
软件产品经理（IDE）(J10267),2.5-3.5万·16薪,上海·松江·九亭,埃夫特智能机器人股份有限公司,上市公司,1000-9999人,本科,5-10年,,产品-互联网产品经理-软件产品经理,2026-05-20 18:43:14,25.0,35.0,30.0,16.0,480.0,monthly,上海,松江,九亭,上市公司,1000-9999人,未知,产品,互联网产品经理,软件产品经理
软件产品经理(J10266),2.5-3.5万·16薪,上海·松江·九亭,埃夫特智能机器人股份有限公司,上市公司,1000-9999人,本科,3-5年,B端产品,产品-互联网产品经理-软件产品经理,2026-05-20 18:43:15,25.0,35.0,30.0,16.0,480.0,monthly,上海,松江,九亭,上市公司,1000-9999人,未知,产品,互联网产品经理,软件产品经理
软件产品经理,1.8-3.5万,上海·闵行·新虹,上海瑞太信业科技有限公司,100-299人,人工智能,本科,3-5年,新零售,产品-互联网产品经理-软件产品经理,2026-05-20 18:43:14,18.0,35.0,26.5,12.0,318.0,monthly,上海,闵行,新虹,人工智能,100-299人,未知,产品,互联网产品经理,软件产品经理
软件产品经理,1.8-3.5万,上海·浦东·金桥,上海瑞太信业科技有限公司,100-299人,人工智能,本科,3-5年,新零售,产品-互联网产品经理-软件产品经理,2026-05-20 18:43:15,18.0,35.0,26.5,12.0,318.0,monthly,上海,浦东,金桥,人工智能,100-299人,未知,产品,互联网产品经理,软件产品经理
软件产品经理,2-3万,上海·浦东·张江,苏州人瑞普惠人力资源服务有限公司,上市公司,20-99人,大专,3-5年,"B端产品, 产业互联网产品规划, 跨团队项目落地, 数据驱动产品迭代",产品-互联网产品经理-软件产品经理,2026-05-20 18:43:14,20.0,30.0,25.0,12.0,300.0,monthly,上海,浦东,张江,上市公司,20-99人,未知,产品,互联网产品经理,软件产品经理
软件产品经理,2-2.8万,上海·静安·石门二路,上海畅商亨霖信息技术有限公司,20-99人,软件/IT服务,学历不限,3-5年,,产品-互联网产品经理-软件产品经理,2026-05-20 18:43:14,20.0,28.0,24.0,12.0,288.0,monthly,上海,静安,石门二路,软件/IT服务,20-99人,未知,产品,互联网产品经理,软件产品经理
软件产品经理,1.9-2.7万·13薪,上海·青浦·徐泾,三棵树涂料股份有限公司,上市公司,10000人以上,本科,5-10年,"财务软件, OA系统, CRM系统, HR系统",产品-互联网产品经理-软件产品经理,2026-05-20 18:43:13,19.0,27.0,23.0,13.0,299.0,monthly,上海,青浦,徐泾,上市公司,10000人以上,未知,产品,互联网产品经理,软件产品经理
软件产品经理（APP&云平台）,1.5-3万·13薪,上海·闵行·新虹,合肥哈工澳汀智能科技有限公司,民营,100-299人,本科,5-10年,B端产品,产品-互联网产品经理-软件产品经理,2026-05-20 18:43:14,15.0,30.0,22.5,13.0,292.5,monthly,上海,闵行,新虹,民营,100-299人,未知,产品,互联网产品经理,软件产品经理
软件产品经理,1.8-2.5万,上海·浦东·潍坊新村,上海有浩信息科技有限公司,民营,20-99人,本科,3-5年,"B端产品, C端产品, SaaS",产品-互联网产品经理-软件产品经理,2026-05-20 18:43:14,18.0,25.0,21.5,12.0,258.0,monthly,上海,浦东,潍坊新村,民营,20-99人,未知,产品,互联网产品经理,软件产品经理
软件产品经理（SPD方向）,1.5-2.2万,上海·杨浦·平凉路,上海建发致新医疗科技集团股份有限公司,国企,1000-9999人,本科,3-5年,"B端产品, 智慧医疗, SaaS",产品-互联网产品经理-软件产品经理,2026-05-20 18:43:13,15.0,22.0,18.5,12.0,222.0,monthly,上海,杨浦,平凉路,国企,1000-9999人,未知,产品,互联网产品经理,软件产品经理
软件产品经理,1.5-2万,上海·徐汇·漕河泾,上海协赢信息科技有限公司,软件/IT服务,,本科,3-5年,"B端产品, C端产品",产品-互联网产品经理-软件产品经理,2026-05-20 18:43:14,15.0,20.0,17.5,12.0,210.0,monthly,上海,徐汇,漕河泾,软件/IT服务,未知,未知,产品,互联网产品经理,软件产品经理
软件产品经理,1.5-1.8万,上海·普陀·长寿路,苏州弗格信息科技有限公司,股份制企业,20-99人,大专,5-10年,"TRAE CURSUR, IDE, STITCH, AI工具",产品-互联网产品经理-软件产品经理,2026-05-20 18:43:14,15.0,18.0,16.5,12.0,198.0,monthly,上海,普陀,长寿路,股份制企业,20-99人,未知,产品,互联网产品经理,软件产品经理
软件产品经理（企业内部信息系统-上海）,1.2-2万·14薪,上海·浦东·周家渡,上海华讯网络系统有限公司,国企,1000-9999人,本科,3-5年,"财务软件, HR系统, ERP系统, 需求分析",产品-互联网产品经理-软件产品经理,2026-05-20 18:43:13,12.0,20.0,16.0,14.0,224.0,monthly,上海,浦东,周家渡,国企,1000-9999人,未知,产品,互联网产品经理,软件产品经理
软件产品经理,1.3-1.8万,上海·徐汇·虹梅路,上海云房客信息科技有限公司,民营,100-299人,本科,3-5年,"流程梳理, Axure, PRD, 墨刀, B端产品, 后台产品",产品-互联网产品经理-软件产品经理,2026-05-20 18:43:14,13.0,18.0,15.5,12.0,186.0,monthly,上海,徐汇,虹梅路,民营,100-299人,未知,产品,互联网产品经理,软件产品经理
软件产品经理,1.1-1.9万,上海·嘉定,上海吾烁科技有限公司,20人以下,软件/IT服务,大专,5-10年,"MES系统, ERP系统, B端产品",产品-互联网产品经理-软件产品经理,2026-05-20 18:43:13,11.0,19.0,15.0,12.0,180.0,monthly,上海,嘉定,,软件/IT服务,20人以下,未知,产品,互联网产品经理,软件产品经理
软件产品经理,1.2-1.8万·13薪,上海·杨浦·新江湾城,琅琛信息技术(上海)有限公司,民营,20人以下,大专,5-10年,B端产品,产品-互联网产品经理-软件产品经理,2026-05-20 18:43:14,12.0,18.0,15.0,13.0,195.0,monthly,上海,杨浦,新江湾城,民营,20人以下,未知,产品,互联网产品经理,软件产品经理
软件产品经理,1-2万,上海·静安·天目西路,岱特智能科技（上海）有限公司,港澳台公司,20-99人,本科,3-5年,,产品-互联网产品经理-软件产品经理,2026-05-20 18:43:15,10.0,20.0,15.0,12.0,180.0,monthly,上海,静安,天目西路,港澳台公司,20-99人,未知,产品,互联网产品经理,软件产品经理
软件产品经理（AI方向）,8000-16000元,上海·静安·彭浦,一橙网络,股份制企业,1000-9999人,本科,1-3年,"AIGC, 大模型应用",产品-互联网产品经理-软件产品经理,2026-05-20 18:43:14,8.0,16.0,12.0,12.0,144.0,monthly,上海,静安,彭浦,股份制企业,1000-9999人,未知,产品,互联网产品经理,软件产品经理
软件产品经理,1-1.3万,上海·浦东·康桥,上海盛慧信息技术有限公司,民营,20人以下,大专,3-5年,,产品-互联网产品经理-软件产品经理,2026-05-20 18:43:14,10.0,13.0,11.5,12.0,138.0,monthly,上海,浦东,康桥,民营,20人以下,未知,产品,互联网产品经理,软件产品经理
兼职软件产品经理,7000-8000元,上海·浦东·潍坊新村,上海有浩信息科技有限公司,民营,20-99人,本科,3-5年,"B端产品, C端产品, SaaS",产品-互联网产品经理-软件产品经理,2026-05-20 18:43:14,7.0,8.0,7.5,12.0,90.0,monthly,上海,浦东,潍坊新村,民营,20-99人,未知,产品,互联网产品经理,软件产品经理
AI算法工程师（机器学习/深度学习方向）(J13012),3-4.5万·15薪,上海·浦东·张江,中芯国际集成电路制造(上海)有限公司,上市公司,10000人以上,硕士,经验不限,"深度学习, 机器学习, 大模型算法",技术-人工智能/算法-机器学习,2026-05-20 17:51:04,30.0,45.0,37.5,15.0,562.5,monthly,上海,浦东,张江,上市公司,10000人以上,未知,技术,人工智能/算法,机器学习
机器学习算法工程师,2-4万,上海·浦东·康桥,九章(济南)量子科技有限公司,股份制企业,20-99人,硕士,经验不限,"机器学习, Python",技术-人工智能/算法-机器学习,2026-05-20 17:51:04,20.0,40.0,30.0,12.0,360.0,monthly,上海,浦东,康桥,股份制企业,20-99人,未知,技术,人工智能/算法,机器学习
AI算法/机器学习/大模型（算法工程师）,2-4万·14薪,上海·青浦·金泽,外企德科数字技术有限公司,合资,10000人以上,本科,经验不限,深度学习,技术-人工智能/算法-机器学习,2026-05-20 17:51:04,20.0,40.0,30.0,14.0,420.0,monthly,上海,青浦,金泽,合资,10000人以上,未知,技术,人工智能/算法,机器学习
机器学习工程师,2-4万,上海·浦东·洋泾,上海中智人才顾问咨询有限公司,国企,20-99人,本科,3-5年,"自然语言处理, 机器视觉, 搜索/推荐算法",技术-人工智能/算法-机器学习,2026-05-20 17:51:04,20.0,40.0,30.0,12.0,360.0,monthly,上海,浦东,洋泾,国企,20-99人,未知,技术,人工智能/算法,机器学习
资深机器视觉算法开发工程师（不招应届生）,2-3.5万·14薪,上海·闵行·虹桥,上海昊量光电设备有限公司,民营,100-299人,本科,3-5年,"图像识别产品, 3D相机, 机器视觉, Transformer, C++",技术-人工智能/算法-机器学习,2026-05-20 17:51:05,20.0,35.0,27.5,14.0,385.0,monthly,上海,闵行,虹桥,民营,100-299人,未知,技术,人工智能/算法,机器学习
资深3D机器视觉算法开发工程师（不招应届生）,2-3.5万·14薪,上海·闵行·虹桥,上海昊量光电设备有限公司,民营,100-299人,本科,1-3年,"图像处理, C++, 机器视觉, OpenCV, 视觉图像算法",技术-人工智能/算法-机器学习,2026-05-20 17:51:06,20.0,35.0,27.5,14.0,385.0,monthly,上海,闵行,虹桥,民营,100-299人,未知,技术,人工智能/算法,机器学习
NLP/CV/语音/深度学习/算法岗（接受应届+考研失败）,1.8-3.5万·16薪,上海·浦东·金桥,外企德科数字技术有限公司,合资,10000人以上,本科,经验不限,"Java, Python, C++, C语言, 主题模型, PyTorch",技术-人工智能/算法-机器学习,2026-05-20 17:51:05,18.0,35.0,26.5,16.0,424.0,monthly,上海,浦东,金桥,合资,10000人以上,未知,技术,人工智能/算法,机器学习
AI工程师-机器学习,1.5-3万·14薪,上海·浦东·金桥,外企德科数字技术有限公司,合资,10000人以上,本科,1-3年,"机器视觉, 图像算法, 智能驾驶, Python, C++, C语言",技术-人工智能/算法-机器学习,2026-05-20 17:51:04,15.0,30.0,22.5,14.0,315.0,monthly,上海,浦东,金桥,合资,10000人以上,未知,技术,人工智能/算法,机器学习
高级机器视觉算法工程师,1.5-3万,上海·闵行·莘庄,上海凯奈芮科技有限公司,20-99人,食品/饮料/酒水批发/零售/贸易,本科,1-3年,"图像识别产品, HALCON, PyTorch, PCL, Python",技术-人工智能/算法-机器学习,2026-05-20 17:51:05,15.0,30.0,22.5,12.0,270.0,monthly,上海,闵行,莘庄,食品/饮料/酒水批发/零售/贸易,20-99人,未知,技术,人工智能/算法,机器学习
3D机器视觉算法研发工程师（不招应届生）,1.4-2.8万·14薪,上海·闵行·虹桥,上海昊量光电设备有限公司,民营,100-299人,本科,1-3年,"图像识别产品, 3D相机, 机器视觉, Transformer, C++",技术-人工智能/算法-机器学习,2026-05-20 17:51:04,14.0,28.0,21.0,14.0,294.0,monthly,上海,闵行,虹桥,民营,100-299人,未知,技术,人工智能/算法,机器学习
ai机器视觉算法工程师,1.4-2.8万,上海·浦东·金桥,外企德科数字技术有限公司,合资,10000人以上,本科,经验不限,"机器人, 图像识别产品, 人脸识别产品",技术-人工智能/算法-机器学习,2026-05-20 17:51:05,14.0,28.0,21.0,12.0,252.0,monthly,上海,浦东,金桥,合资,10000人以上,未知,技术,人工智能/算法,机器学习
机器视觉算法研发工程师（不招应届生）,1.4-2.8万·14薪,上海·闵行·虹桥,上海昊量光电设备有限公司,民营,100-299人,本科,1-3年,"图像识别产品, 3D相机, 机器视觉, Transformer, C++",技术-人工智能/算法-机器学习,2026-05-20 17:51:05,14.0,28.0,21.0,14.0,294.0,monthly,上海,闵行,虹桥,民营,100-299人,未知,技术,人工智能/算法,机器学习
人工智能/机器学习工程师,1.5-2.5万,上海·杨浦·新江湾城,爱多邦(北京)信息技术服务有限公司,民营,100-299人,本科,5-10年,"自然语言处理, 机器视觉, 集成学习, 分类回归, 聚类算法",技术-人工智能/算法-机器学习,2026-05-20 17:51:04,15.0,25.0,20.0,12.0,240.0,monthly,上海,杨浦,新江湾城,民营,100-299人,未知,技术,人工智能/算法,机器学习
机器视觉算法工程师,1.5-2.5万,上海·浦东·周家渡,济南银狐网络科技有限公司,民营,20-99人,本科,3-5年,"ViT, CLIP, Transformer, PyTorch",技术-人工智能/算法-机器学习,2026-05-20 17:51:04,15.0,25.0,20.0,12.0,240.0,monthly,上海,浦东,周家渡,民营,20-99人,未知,技术,人工智能/算法,机器学习
机器视觉算法工程师 周末双休,1.5-2.5万,上海·浦东·周家渡,济南银狐网络科技有限公司,民营,20-99人,本科,3-5年,"机器人, PyTorch, TensorFlow, ViT, CLIP, Transformer",技术-人工智能/算法-机器学习,2026-05-20 17:51:05,15.0,25.0,20.0,12.0,240.0,monthly,上海,浦东,周家渡,民营,20-99人,未知,技术,人工智能/算法,机器学习
机器视觉工程师,1.2-2万·13薪,上海·松江·小昆山,上海先惠自动化技术股份有限公司,上市公司,1000-9999人,本科,3-5年,"C/C++, C#, 工业机器人, 智能机器人, 视觉定位, OCR识别",技术-人工智能/算法-机器学习,2026-05-20 17:51:06,12.0,20.0,16.0,13.0,208.0,monthly,上海,松江,小昆山,上市公司,1000-9999人,未知,技术,人工智能/算法,机器学习
金融工程组量化研究员(机器学习及NLP方向),1-2万,上海·浦东·陆家嘴,中信建投期货有限公司,国企,500-999人,硕士,经验不限,"期货研究, 量化策略研究, 风险模型研究",技术-人工智能/算法-机器学习,2026-05-20 17:51:04,10.0,20.0,15.0,12.0,180.0,monthly,上海,浦东,陆家嘴,国企,500-999人,未知,技术,人工智能/算法,机器学习
机器视觉工程师,7000-12000元,上海·闵行·马桥,衡视智能科技(上海)有限公司,民营,20人以下,大专,1-3年,"图像识别产品, OpenCV, 算法优化, 机器视觉项目管理",技术-人工智能/算法-机器学习,2026-05-20 17:51:05,7.0,12.0,9.5,12.0,114.0,monthly,上海,闵行,马桥,民营,20人以下,未知,技术,人工智能/算法,机器学习
机器视觉算法工程师,250-500元/天,上海·奉贤·奉城,上海研润光机科技有限公司,民营,20-99人,硕士,经验不限,"机器人, 图像识别产品, 智能硬件, CCD, C++",技术-人工智能/算法-机器学习,2026-05-20 17:51:05,5.44,10.88,8.16,12.0,97.88,daily,上海,奉贤,奉城,民营,20-99人,未知,技术,人工智能/算法,机器学习
【实习】机器学习平台研发实习生,面议,上海·杨浦·大桥,北京三快在线科技有限公司,上市公司,10000人以上,本科,经验不限,,技术-人工智能/算法-机器学习,2026-05-20 17:51:04,,,,,,negotiable,上海,杨浦,大桥,上市公司,10000人以上,未知,技术,人工智能/算法,机器学习
（国企）多模态、VLA、世界模型,8-12万,上海·浦东·川沙新,外企德科数字技术有限公司,合资,1000-9999人,硕士,5-10年,"多模态算法, 大模型算法, 智能驾驶",技术-人工智能/算法-深度学习,2026-05-20 17:51:54,80.0,120.0,100.0,12.0,1200.0,monthly,上海,浦东,川沙新,合资,1000-9999人,未知,技术,人工智能/算法,深度学习
深度学习算法工程师(J11743),4-7万·14薪,上海·普陀·桃浦,烟台睿创微纳技术股份有限公司,民营,1000-9999人,硕士,5-10年,"深度学习算法, 深度学习, 图像算法",技术-人工智能/算法-深度学习,2026-05-20 17:51:53,40.0,70.0,55.0,14.0,770.0,monthly,上海,普陀,桃浦,民营,1000-9999人,未知,技术,人工智能/算法,深度学习
深度学习算法工程师,3-6万,上海·青浦·香花桥,江西众加利高科技股份有限公司,上市公司,100-299人,本科,1-3年,"图像算法, 目标检测跟踪, 图像分割, PyTorch, TensorFlow",技术-人工智能/算法-深度学习,2026-05-20 17:51:53,30.0,60.0,45.0,12.0,540.0,monthly,上海,青浦,香花桥,上市公司,100-299人,未知,技术,人工智能/算法,深度学习
AI算法工程师（机器学习/深度学习方向）(J13012),3-4.5万·15薪,上海·浦东·张江,中芯国际集成电路制造(上海)有限公司,上市公司,10000人以上,硕士,经验不限,"深度学习, 机器学习, 大模型算法",技术-人工智能/算法-深度学习,2026-05-20 17:51:53,30.0,45.0,37.5,15.0,562.5,monthly,上海,浦东,张江,上市公司,10000人以上,未知,技术,人工智能/算法,深度学习
Vibe Coding 专家 / AI 编程提效专家,2.5-4.5万,上海·虹口·广中路,软通动力信息技术(集团)股份有限公司,上市公司,10000人以上,本科,10年以上,"大模型算法, 知识图谱",技术-人工智能/算法-深度学习,2026-05-20 17:51:54,25.0,45.0,35.0,12.0,420.0,monthly,上海,虹口,广中路,上市公司,10000人以上,未知,技术,人工智能/算法,深度学习
音频算法工程师,2.5-4.5万·14薪,上海·浦东·洋泾,大连弗斯特高新人才发展管理有限公司,民营,100-299人,硕士,5-10年,"Python, C++, 深度学习, 语音识别",技术-人工智能/算法-深度学习,2026-05-20 17:52:02,25.0,45.0,35.0,14.0,490.0,monthly,上海,浦东,洋泾,民营,100-299人,未知,技术,人工智能/算法,深度学习
机器学习算法工程师,2-4万,上海·浦东·康桥,九章(济南)量子科技有限公司,股份制企业,20-99人,硕士,经验不限,"机器学习, Python",技术-人工智能/算法-深度学习,2026-05-20 17:51:53,20.0,40.0,30.0,12.0,360.0,monthly,上海,浦东,康桥,股份制企业,20-99人,未知,技术,人工智能/算法,深度学习
机器学习工程师,2-4万,上海·浦东·洋泾,上海中智人才顾问咨询有限公司,国企,20-99人,本科,3-5年,"自然语言处理, 机器视觉, 搜索/推荐算法",技术-人工智能/算法-深度学习,2026-05-20 17:51:53,20.0,40.0,30.0,12.0,360.0,monthly,上海,浦东,洋泾,国企,20-99人,未知,技术,人工智能/算法,深度学习
AI算法/机器学习/大模型（算法工程师）,2-4万·14薪,上海·青浦·金泽,外企德科数字技术有限公司,合资,10000人以上,本科,经验不限,深度学习,技术-人工智能/算法-深度学习,2026-05-20 17:51:53,20.0,40.0,30.0,14.0,420.0,monthly,上海,青浦,金泽,合资,10000人以上,未知,技术,人工智能/算法,深度学习
强化学习算法工程师,2-4万,上海·浦东·泥城,中曼石油,股份制企业,1000-9999人,硕士,1-3年,"人工神经网络, 强化学习, 深度学习, 数据建模",技术-人工智能/算法-深度学习,2026-05-20 17:51:54,20.0,40.0,30.0,12.0,360.0,monthly,上海,浦东,泥城,股份制企业,1000-9999人,未知,技术,人工智能/算法,深度学习
算法工程师,2-4万,上海·浦东·金桥,武创大智科学技术(上海)有限公司,国企,20-99人,本科,3-5年,,技术-人工智能/算法-深度学习,2026-05-20 17:51:54,20.0,40.0,30.0,12.0,360.0,monthly,上海,浦东,金桥,国企,20-99人,未知,技术,人工智能/算法,深度学习
图像算法工程师,2-4万·14薪,上海·浦东·洋泾,大连弗斯特高新人才发展管理有限公司,民营,100-299人,硕士,3-5年,"图像识别产品, Python, C++, 智慧农业",技术-人工智能/算法-深度学习,2026-05-20 17:52:21,20.0,40.0,30.0,14.0,420.0,monthly,上海,浦东,洋泾,民营,100-299人,未知,技术,人工智能/算法,深度学习
高级深度学习算法工程师,2.3-3.5万,上海·松江·洞泾,上海朗惠包装机械有限公司,合资,100-299人,本科,5-10年,机器视觉,技术-人工智能/算法-深度学习,2026-05-20 17:51:53,23.0,35.0,29.0,12.0,348.0,monthly,上海,松江,洞泾,合资,100-299人,未知,技术,人工智能/算法,深度学习
深度学习算法工程师,2-3.5万,上海·浦东·张江,图漾科技,民营,100-299人,硕士,3-5年,"机器视觉, 图像算法, 深度学习, PyTorch, OpenCV",技术-人工智能/算法-深度学习,2026-05-20 17:51:53,20.0,35.0,27.5,12.0,330.0,monthly,上海,浦东,张江,民营,100-299人,未知,技术,人工智能/算法,深度学习
NLP/CV/语音/深度学习/算法岗（接受应届+考研失败）,1.8-3.5万·16薪,上海·浦东·金桥,外企德科数字技术有限公司,合资,10000人以上,本科,经验不限,"Java, Python, C++, C语言, 主题模型, PyTorch",技术-人工智能/算法-深度学习,2026-05-20 17:51:52,18.0,35.0,26.5,16.0,424.0,monthly,上海,浦东,金桥,合资,10000人以上,未知,技术,人工智能/算法,深度学习
AI工程师-机器学习,1.5-3万·14薪,上海·浦东·金桥,外企德科数字技术有限公司,合资,10000人以上,本科,1-3年,"机器视觉, 图像算法, 智能驾驶, Python, C++, C语言",技术-人工智能/算法-深度学习,2026-05-20 17:51:53,15.0,30.0,22.5,14.0,315.0,monthly,上海,浦东,金桥,合资,10000人以上,未知,技术,人工智能/算法,深度学习
3D多人动作捕捉算法开发工程师,1.5-3万,上海·静安·彭浦,上海晨雨信息科技有限公司,其它,20-99人,大专,3-5年,"图像算法, 时序动作重建, MEDIAPIPE 姿态优化",技术-人工智能/算法-深度学习,2026-05-20 17:51:54,15.0,30.0,22.5,12.0,270.0,monthly,上海,静安,彭浦,其它,20-99人,未知,技术,人工智能/算法,深度学习
人工智能/机器学习工程师,1.5-2.5万,上海·杨浦·新江湾城,爱多邦(北京)信息技术服务有限公司,民营,100-299人,本科,5-10年,"自然语言处理, 机器视觉, 集成学习, 分类回归, 聚类算法",技术-人工智能/算法-深度学习,2026-05-20 17:51:54,15.0,25.0,20.0,12.0,240.0,monthly,上海,杨浦,新江湾城,民营,100-299人,未知,技术,人工智能/算法,深度学习
ai深度学习算法工程师,1.5-2.4万,上海·宝山·杨行,上海慧铂信息技术有限公司,民营,300-499人,本科,经验不限,"自然语言处理, 图像算法, PyTorch, 人工神经网络, OpenCV",技术-人工智能/算法-深度学习,2026-05-20 17:51:53,15.0,24.0,19.5,12.0,234.0,monthly,上海,宝山,杨行,民营,300-499人,未知,技术,人工智能/算法,深度学习
上位机软件工程师,1.2-2万,上海·闵行·江川路,上海钜蛟光电科技有限公司,20-99人,仪器仪表,本科,3-5年,"C#, C语言, LabVIEW, 图形图像处理, QT开发, Qt",技术-人工智能/算法-深度学习,2026-05-20 17:51:54,12.0,20.0,16.0,12.0,192.0,monthly,上海,闵行,江川路,仪器仪表,20-99人,未知,技术,人工智能/算法,深度学习
模仿学习感知高级设计师,1.2-1.6万,上海·徐汇·虹梅路,中国电子科技集团公司第二十一研究所,事业单位,500-999人,硕士,经验不限,"Python, C++, 图像算法, 导航算法, 机器视觉",技术-人工智能/算法-深度学习,2026-05-20 17:51:54,12.0,16.0,14.0,12.0,168.0,monthly,上海,徐汇,虹梅路,事业单位,500-999人,未知,技术,人工智能/算法,深度学习
深度学习算法工程师,1.1-1.3万·13薪,上海·杨浦·定海路,上海术源信息科技有限公司,民营,20-99人,硕士,经验不限,,技术-人工智能/算法-深度学习,2026-05-20 17:51:53,11.0,13.0,12.0,13.0,156.0,monthly,上海,杨浦,定海路,民营,20-99人,未知,技术,人工智能/算法,深度学习
高阶大模型算法工程师（驻场广州佛山）,3.5-6万,上海·浦东·潍坊新村,北京可利邦信息技术股份有限公司,民营,100-299人,本科,经验不限,"文本分析, 句法分析, 舆情分析, 语义分析, TensorFlow",技术-人工智能/算法-算法工程师,2026-05-20 17:50:13,35.0,60.0,47.5,12.0,570.0,monthly,上海,浦东,潍坊新村,民营,100-299人,未知,技术,人工智能/算法,算法工程师
图像算法工程师-北京/上海/武汉-深圳-00075,3-5.5万,上海·浦东·花木,深圳中科飞测科技股份有限公司,上市公司,500-999人,硕士,5-10年,图像识别产品,技术-人工智能/算法-算法工程师,2026-05-20 17:50:13,30.0,55.0,42.5,12.0,510.0,monthly,上海,浦东,花木,上市公司,500-999人,未知,技术,人工智能/算法,算法工程师
执行算法工程师,2.5-5万,上海·浦东·花木,上海洛书投资管理有限公司,民营,20-99人,本科,经验不限,Python,技术-人工智能/算法-算法工程师,2026-05-20 17:50:12,25.0,50.0,37.5,12.0,450.0,monthly,上海,浦东,花木,民营,20-99人,未知,技术,人工智能/算法,算法工程师
音频算法工程师,2.5-4.5万·14薪,上海·浦东·洋泾,大连弗斯特高新人才发展管理有限公司,民营,100-299人,硕士,5-10年,"Python, C++, 深度学习, 语音识别",技术-人工智能/算法-算法工程师,2026-05-20 17:50:12,25.0,45.0,35.0,14.0,490.0,monthly,上海,浦东,洋泾,民营,100-299人,未知,技术,人工智能/算法,算法工程师
控制算法工程师,2.5-4万·14薪,上海·嘉定,上光通信技术(上海)有限公司,其它,100-299人,硕士,3-5年,"航天器动力学与控制理论, 高精度动态指向算法",技术-人工智能/算法-算法工程师,2026-05-20 17:50:13,25.0,40.0,32.5,14.0,455.0,monthly,上海,嘉定,,其它,100-299人,未知,技术,人工智能/算法,算法工程师
算法工程师,2-4万,上海·浦东·金桥,武创大智科学技术(上海)有限公司,国企,20-99人,本科,3-5年,,技术-人工智能/算法-算法工程师,2026-05-20 17:50:12,20.0,40.0,30.0,12.0,360.0,monthly,上海,浦东,金桥,国企,20-99人,未知,技术,人工智能/算法,算法工程师
图像算法工程师,2-4万·14薪,上海·浦东·洋泾,大连弗斯特高新人才发展管理有限公司,民营,100-299人,硕士,3-5年,"图像识别产品, Python, C++, 智慧农业",技术-人工智能/算法-算法工程师,2026-05-20 17:50:12,20.0,40.0,30.0,14.0,420.0,monthly,上海,浦东,洋泾,民营,100-299人,未知,技术,人工智能/算法,算法工程师
运筹算法工程师,2-4万,上海·浦东·康桥,九章(济南)量子科技有限公司,股份制企业,20-99人,硕士,经验不限,"Python, 机器学习, 深度学习, CPLEX、GUROBI",技术-人工智能/算法-算法工程师,2026-05-20 17:50:14,20.0,40.0,30.0,12.0,360.0,monthly,上海,浦东,康桥,股份制企业,20-99人,未知,技术,人工智能/算法,算法工程师
机器学习算法工程师,2-4万,上海·浦东·康桥,九章(济南)量子科技有限公司,股份制企业,20-99人,硕士,经验不限,"机器学习, Python",技术-人工智能/算法-算法工程师,2026-05-20 17:50:45,20.0,40.0,30.0,12.0,360.0,monthly,上海,浦东,康桥,股份制企业,20-99人,未知,技术,人工智能/算法,算法工程师
量子算法工程师,2-4万,上海·浦东·康桥,九章(济南)量子科技有限公司,股份制企业,20-99人,硕士,1-3年,"Python, 机器学习, 深度学习, CPLEX、GUROBI",技术-人工智能/算法-算法工程师,2026-05-20 17:50:54,20.0,40.0,30.0,12.0,360.0,monthly,上海,浦东,康桥,股份制企业,20-99人,未知,技术,人工智能/算法,算法工程师
算法工程师,2.5-3万,上海·徐汇·枫林路,上海船舶工艺研究所(中国船舶集团有限公司第十一研究所),事业单位,300-499人,硕士,3-5年,"计算机视觉算法, 安全应用, 智慧监控",技术-人工智能/算法-算法工程师,2026-05-20 17:50:12,25.0,30.0,27.5,12.0,330.0,monthly,上海,徐汇,枫林路,事业单位,300-499人,未知,技术,人工智能/算法,算法工程师
图像处理算法工程师,1.5-3万,上海·浦东·金桥,上海聪鸣路智能科技有限公司,民营,20-99人,本科,经验不限,"图像处理, 图像识别产品, 智能硬件, 机器人, OpenCV",技术-人工智能/算法-算法工程师,2026-05-20 17:50:13,15.0,30.0,22.5,12.0,270.0,monthly,上海,浦东,金桥,民营,20-99人,未知,技术,人工智能/算法,算法工程师
"AI算法工程师((14薪,六险一金,接受考公考研失败/25届)",1.5-3万·14薪,上海·青浦·金泽,外企德科数字技术有限公司,合资,10000人以上,本科,经验不限,"大模型算法, 自然语言处理, Python, C++, Java",技术-人工智能/算法-算法工程师,2026-05-20 17:50:14,15.0,30.0,22.5,14.0,315.0,monthly,上海,青浦,金泽,合资,10000人以上,未知,技术,人工智能/算法,算法工程师
算法工程师,1.5-3万,上海·浦东·金桥,外企德科数字技术有限公司,合资,10000人以上,本科,经验不限,"多模态算法, 大模型算法, Python, C++, Java",技术-人工智能/算法-算法工程师,2026-05-20 17:50:23,15.0,30.0,22.5,12.0,270.0,monthly,上海,浦东,金桥,合资,10000人以上,未知,技术,人工智能/算法,算法工程师
算法工程师,1.5-3万·16薪,上海·浦东·金桥,外企德科数字技术有限公司,合资,10000人以上,本科,经验不限,"机器学习, 图像算法, 大模型算法, GPT, RoBERTa",技术-人工智能/算法-算法工程师,2026-05-20 17:50:34,15.0,30.0,22.5,16.0,360.0,monthly,上海,浦东,金桥,合资,10000人以上,未知,技术,人工智能/算法,算法工程师
运动控制算法工程师,1.8-2.5万,上海·闵行·江川路,上海飒智智能科技有限公司,民营,100-299人,本科,3-5年,"C/C++, 规控算法, 运动控制算法",技术-人工智能/算法-算法工程师,2026-05-20 17:50:23,18.0,25.0,21.5,12.0,258.0,monthly,上海,闵行,江川路,民营,100-299人,未知,技术,人工智能/算法,算法工程师
ai机器视觉算法工程师,1.4-2.8万,上海·浦东·金桥,外企德科数字技术有限公司,合资,10000人以上,本科,经验不限,"机器人, 图像识别产品, 人脸识别产品",技术-人工智能/算法-算法工程师,2026-05-20 17:50:13,14.0,28.0,21.0,12.0,252.0,monthly,上海,浦东,金桥,合资,10000人以上,未知,技术,人工智能/算法,算法工程师
算法工程师（FAE）,1.8-2.3万,上海·青浦·金泽,外企德科数字技术有限公司,合资,10000人以上,本科,3-5年,"深度学习, 多模态算法, 大模型算法",技术-人工智能/算法-算法工程师,2026-05-20 17:50:45,18.0,23.0,20.5,12.0,246.0,monthly,上海,青浦,金泽,合资,10000人以上,未知,技术,人工智能/算法,算法工程师
机器视觉算法工程师,1.5-2.5万,上海·浦东·周家渡,济南银狐网络科技有限公司,民营,20-99人,本科,3-5年,"ViT, CLIP, Transformer, PyTorch",技术-人工智能/算法-算法工程师,2026-05-20 17:50:12,15.0,25.0,20.0,12.0,240.0,monthly,上海,浦东,周家渡,民营,20-99人,未知,技术,人工智能/算法,算法工程师
机器视觉算法工程师 周末双休,1.5-2.5万,上海·浦东·周家渡,济南银狐网络科技有限公司,民营,20-99人,本科,3-5年,"机器人, PyTorch, TensorFlow, ViT, CLIP, Transformer",技术-人工智能/算法-算法工程师,2026-05-20 17:50:13,15.0,25.0,20.0,12.0,240.0,monthly,上海,浦东,周家渡,民营,20-99人,未知,技术,人工智能/算法,算法工程师
图像算法工程师,1.5-2.4万·13薪,上海·松江·永丰,苏州赫芯科技有限公司,民营,100-299人,硕士,1-3年,"Halcon, QT, Python, 数据库, C#, 图像处理, OpenCV",技术-人工智能/算法-算法工程师,2026-05-20 17:50:13,15.0,24.0,19.5,13.0,253.5,monthly,上海,松江,永丰,民营,100-299人,未知,技术,人工智能/算法,算法工程师
算法工程师,1.8-1.9万,上海·浦东·张江,上海微创软件股份有限公司,合资,10000人以上,大专,3-5年,"机器学习, 逻辑回归, 通信算法, 反欺诈/风控, XGBoost",技术-人工智能/算法-算法工程师,2026-05-20 17:50:12,18.0,19.0,18.5,12.0,222.0,monthly,上海,浦东,张江,合资,10000人以上,未知,技术,人工智能/算法,算法工程师
机器视觉算法工程师,250-500元/天,上海·奉贤·奉城,上海研润光机科技有限公司,民营,20-99人,硕士,经验不限,"机器人, 图像识别产品, 智能硬件, CCD, C++",技术-人工智能/算法-算法工程师,2026-05-20 17:50:13,5.44,10.88,8.16,12.0,97.88,daily,上海,奉贤,奉城,民营,20-99人,未知,技术,人工智能/算法,算法工程师
控制算法工程师,250-500元/天,上海·奉贤·奉城,上海研润光机科技有限公司,民营,20-99人,硕士,经验不限,"机器学习, 图像算法, 多模态算法, 机器视觉, 知识图谱",技术-人工智能/算法-算法工程师,2026-05-20 17:50:14,5.44,10.88,8.16,12.0,97.88,daily,上海,奉贤,奉城,民营,20-99人,未知,技术,人工智能/算法,算法工程师
图像算法工程师,250-500元/天,上海·奉贤·奉城,上海研润光机科技有限公司,民营,20-99人,硕士,经验不限,"图像识别产品, 智能硬件, 机器人, CCD, OpenCV, Open3D",技术-人工智能/算法-算法工程师,2026-05-20 17:50:34,5.44,10.88,8.16,12.0,97.88,daily,上海,奉贤,奉城,民营,20-99人,未知,技术,人工智能/算法,算法工程师
大模型与智能体算法工程师/专家,面议,上海,北京三快在线科技有限公司,上市公司,10000人以上,硕士,1-3年,,技术-人工智能/算法-算法工程师,2026-05-20 17:50:13,,,,,,negotiable,上海,未知,,上市公司,10000人以上,未知,技术,人工智能/算法,算法工程师
大模型与智能体算法工程师,面议,上海·杨浦·大桥,北京三快在线科技有限公司,上市公司,10000人以上,硕士,1-3年,,技术-人工智能/算法-算法工程师,2026-05-20 17:50:13,,,,,,negotiable,上海,杨浦,大桥,上市公司,10000人以上,未知,技术,人工智能/算法,算法工程师
Web3D开发工程师（AI+实时渲染方向）,2-4万,上海·嘉定·马陆,吉林吉动文化艺术集团股份有限公司,民营,300-499人,本科,经验不限,"大屏/可视化项目, 游戏项目, JavaScript, WebGL, Node.js",技术-前端开发-Node.js,2026-05-20 17:36:53,20.0,40.0,30.0,12.0,360.0,monthly,上海,嘉定,马陆,民营,300-499人,未知,技术,前端开发,Node.js
前端开发-全额六险一金-3-6个月年终奖-免费三餐,1.8-3.5万·15薪,上海·杨浦·新江湾城,外企德科数字技术有限公司,合资,10000人以上,本科,3-5年,"React, Vue, Node.js, 互联网",技术-前端开发-Node.js,2026-05-20 17:36:53,18.0,35.0,26.5,15.0,397.5,monthly,上海,杨浦,新江湾城,合资,10000人以上,未知,技术,前端开发,Node.js
前端工程师,2-3万·15薪,上海·杨浦·新江湾城,外企德科数字技术有限公司,合资,10000人以上,本科,3-5年,"JavaScript, TypeScript, CSS, React, Node.js, Echarts",技术-前端开发-Node.js,2026-05-20 17:36:54,20.0,30.0,25.0,15.0,375.0,monthly,上海,杨浦,新江湾城,合资,10000人以上,未知,技术,前端开发,Node.js
中高级前端开发工程师,1.5-3万·15薪,上海·杨浦·新江湾城,外企德科数字技术有限公司,合资,10000人以上,本科,3-5年,"ERP项目, 电商项目, JavaScript, TypeScript, React, Vue",技术-前端开发-Node.js,2026-05-20 17:36:55,15.0,30.0,22.5,15.0,337.5,monthly,上海,杨浦,新江湾城,合资,10000人以上,未知,技术,前端开发,Node.js
高级web前端开发工程师,1.8-2.6万·14薪,上海·浦东·张江,山东普罗世纪人力资源有限公司,民营,100-299人,大专,5-10年,"大屏/可视化项目, Vue, React, TypeScript, HTML5, CSS",技术-前端开发-Node.js,2026-05-20 17:36:52,18.0,26.0,22.0,14.0,308.0,monthly,上海,浦东,张江,民营,100-299人,未知,技术,前端开发,Node.js
前端后端开发工程师,1.3-2.3万·14薪,上海·浦东·金桥,外企德科数字技术有限公司,合资,10000人以上,本科,经验不限,"CSS, JavaScript, HTML5, Vue, React, Angular, Node.js",技术-前端开发-Node.js,2026-05-20 17:36:53,13.0,23.0,18.0,14.0,252.0,monthly,上海,浦东,金桥,合资,10000人以上,未知,技术,前端开发,Node.js
前端开发工程师,1.2-2.4万,上海·青浦·金泽,外企德科数字技术有限公司,合资,10000人以上,本科,经验不限,"HTML5, CSS, JavaScript, React, Vue, React Native",技术-前端开发-Node.js,2026-05-20 17:36:53,12.0,24.0,18.0,12.0,216.0,monthly,上海,青浦,金泽,合资,10000人以上,未知,技术,前端开发,Node.js
前端开发工程师,1.3-2万,上海·浦东·陆家嘴,赢时胜,民营,1000-9999人,本科,3-5年,"金融项目, JavaScript, HTML5, CSS, Vue, React",技术-前端开发-Node.js,2026-05-20 17:36:54,13.0,20.0,16.5,12.0,198.0,monthly,上海,浦东,陆家嘴,民营,1000-9999人,未知,技术,前端开发,Node.js
前端开发工程师 外企 现场面试,1.5-1.7万,上海·浦东·航头,软通动力信息技术(集团)股份有限公司,上市公司,10000人以上,本科,3-5年,"大屏/可视化项目, Vue, Node.js",技术-前端开发-Node.js,2026-05-20 17:36:53,15.0,17.0,16.0,12.0,192.0,monthly,上海,浦东,航头,上市公司,10000人以上,未知,技术,前端开发,Node.js
Python/Node.js开发工程师,1.5-1.6万,上海·浦东·金桥,深圳南区人瑞人力资源服务有限公司,上市公司,500-999人,本科,5-10年,Python,技术-前端开发-Node.js,2026-05-20 17:36:52,15.0,16.0,15.5,12.0,186.0,monthly,上海,浦东,金桥,上市公司,500-999人,未知,技术,前端开发,Node.js
前端工程师,1.3-1.8万,上海·浦东·金桥,北京中凯达自动化工程有限公司,民营,500-999人,本科,5-10年,"Vue, React, jQuery, Node.js, UI, 半导体运维软件前端开发经验",技术-前端开发-Node.js,2026-05-20 17:36:52,13.0,18.0,15.5,12.0,186.0,monthly,上海,浦东,金桥,民营,500-999人,未知,技术,前端开发,Node.js
全栈工程师,1.1-2万,上海·宝山·杨行,江苏群引力文化传媒有限公司,股份制企业,20-99人,本科,3-5年,"全栈开发, HTML, Node.js, 架构开发, 前端开发",技术-前端开发-Node.js,2026-05-20 17:36:52,11.0,20.0,15.5,12.0,186.0,monthly,上海,宝山,杨行,股份制企业,20-99人,未知,技术,前端开发,Node.js
h5前端开发,1.2-1.6万,上海·徐汇·斜土路,清瑶智能科技(杭州)有限公司,民营,100-299人,学历不限,5-10年,"金融项目, 保险项目, JavaScript, TypeScript, Vue, React",技术-前端开发-Node.js,2026-05-20 17:36:53,12.0,16.0,14.0,12.0,168.0,monthly,上海,徐汇,斜土路,民营,100-299人,未知,技术,前端开发,Node.js
前端开发工程师 中核集团,1.2-1.5万,上海·浦东·周家渡,软通动力信息技术(集团)股份有限公司,上市公司,10000人以上,本科,3-5年,"Vue, Node.js",技术-前端开发-Node.js,2026-05-20 17:36:53,12.0,15.0,13.5,12.0,162.0,monthly,上海,浦东,周家渡,上市公司,10000人以上,未知,技术,前端开发,Node.js
前端开发-上海,1-1.6万,上海·虹口·北外滩,外企德科数字技术有限公司,合资,1000-9999人,本科,3-5年,"CSS, Vue, React, JavaScript, Angular, HTML5, Node.js",技术-前端开发-Node.js,2026-05-20 17:36:54,10.0,16.0,13.0,12.0,156.0,monthly,上海,虹口,北外滩,合资,1000-9999人,未知,技术,前端开发,Node.js
Web前端开发工程师,1-1.5万,上海·闵行·颛桥,上海通立信息科技有限公司,民营,20-99人,本科,3-5年,"Web前端, Javascript, AJAX, CSS, HTML, Node.js",技术-前端开发-Node.js,2026-05-20 17:36:53,10.0,15.0,12.5,12.0,150.0,monthly,上海,闵行,颛桥,民营,20-99人,未知,技术,前端开发,Node.js
前端开发工程师,1-1.5万,上海·黄浦·南京东路,上海理想集团公司,国企,100-299人,本科,3-5年,"Vue, JavaScript, HTML5, Node.js, Bootstrap, IT软件",技术-前端开发-Node.js,2026-05-20 17:36:54,10.0,15.0,12.5,12.0,150.0,monthly,上海,黄浦,南京东路,国企,100-299人,未知,技术,前端开发,Node.js
中级前端开发D1岗,1.1-1.3万,上海·浦东·三林,上海策贸科技有限公司,20-99人,软件/IT服务,本科,3-5年,"JavaScript, Vue, Node.js",技术-前端开发-Node.js,2026-05-20 17:36:54,11.0,13.0,12.0,12.0,144.0,monthly,上海,浦东,三林,软件/IT服务,20-99人,未知,技术,前端开发,Node.js
软件开发工程师【校招实习转正】,8000-14000元,上海·普陀·长风新村,上海影动医疗科技有限公司,民营,20-99人,本科,经验不限,"JavaScript, 负载均衡技术, 容器技术, Socket技术, 网络协议",技术-前端开发-Node.js,2026-05-20 17:36:54,8.0,14.0,11.0,12.0,132.0,monthly,上海,普陀,长风新村,民营,20-99人,未知,技术,前端开发,Node.js
前端开发工程师（Vue）,9000-13000元,上海·徐汇·天平路,上海海盾安全技术培训中心,民营,20-99人,大专,3-5年,"Vue, HTML5, CSS, Node.js, Ant Design, 全栈",技术-前端开发-Node.js,2026-05-20 17:37:06,9.0,13.0,11.0,12.0,132.0,monthly,上海,徐汇,天平路,民营,20-99人,未知,技术,前端开发,Node.js
前端开发工程师,150-200元/天,上海·浦东·张江,上海世纪云端人工智能科技有限公司,民营,20-99人,大专,经验不限,"React, Node.js, VIBECODING",技术-前端开发-Node.js,2026-05-20 17:36:54,3.26,4.35,3.81,12.0,45.67,daily,上海,浦东,张江,民营,20-99人,未知,技术,前端开发,Node.js
全栈工程师,2.4-3万,上海·长宁·虹桥,康龙化成(成都)临床研究服务有限公司,合资,10000人以上,本科,10年以上,"前端开发, 后端开发, 架构开发, react, Vue, Java, Python",技术-前端开发-全栈工程师,2026-05-20 17:36:04,24.0,30.0,27.0,12.0,324.0,monthly,上海,长宁,虹桥,合资,10000人以上,未知,技术,前端开发,全栈工程师
AI全栈工程师(A190586),1.7-3万,上海·浦东·陆家嘴,星火智云(上海)科技发展有限公司,民营,100-299人,本科,3-5年,"后端开发, Java, Python",技术-前端开发-全栈工程师,2026-05-20 17:36:03,17.0,30.0,23.5,12.0,282.0,monthly,上海,浦东,陆家嘴,民营,100-299人,未知,技术,前端开发,全栈工程师
前端开发/后端开发/全栈工程师,1.5-3万·15薪,上海·青浦·金泽,外企德科数字技术有限公司,合资,10000人以上,本科,经验不限,"C语言, Python",技术-前端开发-全栈工程师,2026-05-20 17:36:04,15.0,30.0,22.5,15.0,337.5,monthly,上海,青浦,金泽,合资,10000人以上,未知,技术,前端开发,全栈工程师
全栈工程师,1.8-2.6万,上海·浦东·张江,上海度特信息科技有限公司,民营,20-99人,大专,5-10年,"后端开发, 全栈",技术-前端开发-全栈工程师,2026-05-20 17:36:04,18.0,26.0,22.0,12.0,264.0,monthly,上海,浦东,张江,民营,20-99人,未知,技术,前端开发,全栈工程师
.net全栈工程师(常州\上海\深圳）,1.4-2.8万,上海·奉贤·奉浦,上海森储科技有限公司,民营,20-99人,本科,5-10年,"SQL Server, MySQL, Java, 后端开发, .NET",技术-前端开发-全栈工程师,2026-05-20 17:36:03,14.0,28.0,21.0,12.0,252.0,monthly,上海,奉贤,奉浦,民营,20-99人,未知,技术,前端开发,全栈工程师
前端开发/后端开发/全栈工程师,1.4-2.8万·15薪,上海·浦东·金桥,外企德科数字技术有限公司,合资,10000人以上,本科,经验不限,"Python, Java, C, 前端开发, 后端开发, 软件测试, MySQL",技术-前端开发-全栈工程师,2026-05-20 17:36:04,14.0,28.0,21.0,15.0,315.0,monthly,上海,浦东,金桥,合资,10000人以上,未知,技术,前端开发,全栈工程师
全栈工程师-上市药企一年项目,1.8-2.2万,上海·浦东·高行,万宝盛华企业管理咨询（上海）有限公司,上市公司,500-999人,大专,5-10年,"后端开发, .NET, 前端开发",技术-前端开发-全栈工程师,2026-05-20 17:36:04,18.0,22.0,20.0,12.0,240.0,monthly,上海,浦东,高行,上市公司,500-999人,未知,技术,前端开发,全栈工程师
java全栈工程师（上海-现场）,1.7-2万,上海·浦东·花木,深圳华云信息系统科技股份有限公司,民营,1000-9999人,本科,3-5年,"前端开发, 后端开发, 架构开发, Vue, Java, SQL Server",技术-前端开发-全栈工程师,2026-05-20 17:36:03,17.0,20.0,18.5,12.0,222.0,monthly,上海,浦东,花木,民营,1000-9999人,未知,技术,前端开发,全栈工程师
中级java全栈工程师,1.6-2万,上海·浦东·张江,首聘(北京)科技有限公司,民营,1000-9999人,大专,3-5年,"后端开发, Java, MySQL",技术-前端开发-全栈工程师,2026-05-20 17:36:03,16.0,20.0,18.0,12.0,216.0,monthly,上海,浦东,张江,民营,1000-9999人,未知,技术,前端开发,全栈工程师
全栈工程师,1.5-2万,上海·杨浦·四平路,苏州斯美技术有限公司,国企,20-99人,本科,5-10年,"Java, Oracle, SQL Server, 前端开发, 后端开发",技术-前端开发-全栈工程师,2026-05-20 17:36:04,15.0,20.0,17.5,12.0,210.0,monthly,上海,杨浦,四平路,国企,20-99人,未知,技术,前端开发,全栈工程师
全栈工程师(AI)-上海,1.5-2万,上海·闵行·新虹,上海微创软件股份有限公司,合资,10000人以上,本科,3-5年,"前端开发, 后端开发, 架构开发, Vue, react, Python, Java",技术-前端开发-全栈工程师,2026-05-20 17:36:05,15.0,20.0,17.5,12.0,210.0,monthly,上海,闵行,新虹,合资,10000人以上,未知,技术,前端开发,全栈工程师
web全栈工程师,1.6-1.7万,上海·奉贤·南桥,上海清美绿色食品(集团)有限公司,合资,1000-9999人,本科,1-3年,"前端开发, 后端开发, Python, Java, MySQL, 全栈开发",技术-前端开发-全栈工程师,2026-05-20 17:36:05,16.0,17.0,16.5,12.0,198.0,monthly,上海,奉贤,南桥,合资,1000-9999人,未知,技术,前端开发,全栈工程师
高级全栈工程师,1.5-1.8万,上海·宝山·月浦,上海畅居智慧信息技术有限公司,民营,20-99人,学历不限,3-5年,"前端开发, 后端开发, 架构开发, JavaScript, Vue, Angular",技术-前端开发-全栈工程师,2026-05-20 17:36:05,15.0,18.0,16.5,12.0,198.0,monthly,上海,宝山,月浦,民营,20-99人,未知,技术,前端开发,全栈工程师
全栈工程师,1.1-2万,上海·宝山·杨行,江苏群引力文化传媒有限公司,股份制企业,20-99人,本科,3-5年,"全栈开发, HTML, Node.js, 架构开发, 前端开发",技术-前端开发-全栈工程师,2026-05-20 17:36:03,11.0,20.0,15.5,12.0,186.0,monthly,上海,宝山,杨行,股份制企业,20-99人,未知,技术,前端开发,全栈工程师
java初级全栈工程师,1.2-1.6万,上海·徐汇·枫林路,北京领雁智远科技有限公司,民营,100-299人,本科,3-5年,"前端开发, 后端开发, Vue, JavaScript",技术-前端开发-全栈工程师,2026-05-20 17:36:04,12.0,16.0,14.0,12.0,168.0,monthly,上海,徐汇,枫林路,民营,100-299人,未知,技术,前端开发,全栈工程师
java全栈工程师,1-1.6万·13薪,上海·宝山·杨行,沈阳东硕信息技术有限公司,民营,1000-9999人,本科,3-5年,"前端开发, 架构开发, 后端开发, Vue, JavaScript, Java",技术-前端开发-全栈工程师,2026-05-20 17:36:05,10.0,16.0,13.0,13.0,169.0,monthly,上海,宝山,杨行,民营,1000-9999人,未知,技术,前端开发,全栈工程师
java全栈工程师,1-1.5万,上海·静安·天目西路,上海春卫信息技术有限公司,民营,20人以下,大专,1-3年,"Java, MySQL, Redis, Vue.js, UNIAPP, 全栈开发",技术-前端开发-全栈工程师,2026-05-20 17:36:03,10.0,15.0,12.5,12.0,150.0,monthly,上海,静安,天目西路,民营,20人以下,未知,技术,前端开发,全栈工程师
前端开发/后端开发/全栈工程师,1-1.5万·14薪,上海·浦东·金桥,外企德科数字技术有限公司,合资,10000人以上,本科,经验不限,"前端开发, 后端开发, Java, C++, MySQL, JavaScript, Vue",技术-前端开发-全栈工程师,2026-05-20 17:36:04,10.0,15.0,12.5,14.0,175.0,monthly,上海,浦东,金桥,合资,10000人以上,未知,技术,前端开发,全栈工程师
java全栈工程师,9000-15000元,上海·宝山·杨行,沈阳东硕信息技术有限公司,民营,1000-9999人,本科,3-5年,"前端开发, 后端开发, Vue, Java, C++, C, Oracle",技术-前端开发-全栈工程师,2026-05-20 17:36:03,9.0,15.0,12.0,12.0,144.0,monthly,上海,宝山,杨行,民营,1000-9999人,未知,技术,前端开发,全栈工程师
java全栈工程师,1-1.3万·13薪,上海·普陀·曹杨新村,上海源晨星耀数字科技有限公司,民营,20-99人,大专,1-3年,"前端开发, 后端开发, Java, MySQL, Oracle",技术-前端开发-全栈工程师,2026-05-20 17:36:26,10.0,13.0,11.5,13.0,149.5,monthly,上海,普陀,曹杨新村,民营,20-99人,未知,技术,前端开发,全栈工程师
全栈工程师【校招实习转正】,8000-14000元,上海·普陀·长风新村,上海影动医疗科技有限公司,民营,20-99人,本科,经验不限,"JavaScript, 负载均衡技术, 容器技术, Socket技术, 网络协议",技术-前端开发-全栈工程师,2026-05-20 17:36:35,8.0,14.0,11.0,12.0,132.0,monthly,上海,普陀,长风新村,民营,20-99人,未知,技术,前端开发,全栈工程师
全栈工程师,8000-13000元,上海·奉贤·南京东路,长沙恩欣科技有限公司,20-99人,软件/IT服务,学历不限,经验不限,,技术-前端开发-全栈工程师,2026-05-20 17:36:03,8.0,13.0,10.5,12.0,126.0,monthly,上海,奉贤,南京东路,软件/IT服务,20-99人,未知,技术,前端开发,全栈工程师
前端开发工程师（上海）,2-4万·15薪,上海·杨浦·新江湾城,外企德科数字技术有限公司,合资,10000人以上,本科,5-10年,"React, TypeScript, HYBRID架构",技术-前端开发-前端开发,2026-05-20 17:35:43,20.0,40.0,30.0,15.0,450.0,monthly,上海,杨浦,新江湾城,合资,10000人以上,未知,技术,前端开发,前端开发
react前端开发【大厂项目】,2.5-3万·15薪,上海·杨浦·新江湾城,外企德科数字技术有限公司,合资,10000人以上,本科,3-5年,"React, 电商项目, Angular",技术-前端开发-前端开发,2026-05-20 17:35:16,25.0,30.0,27.5,15.0,412.5,monthly,上海,杨浦,新江湾城,合资,10000人以上,未知,技术,前端开发,前端开发
react前端开发工程师/React.js,2-2.8万·13薪,上海·静安·石门二路,大连弗斯特高新人才发展管理有限公司,民营,1000-9999人,大专,3-5年,React,技术-前端开发-前端开发,2026-05-20 17:35:14,20.0,28.0,24.0,13.0,312.0,monthly,上海,静安,石门二路,民营,1000-9999人,未知,技术,前端开发,前端开发
后/前端开发、测试【24/25/无经验也可投】接受java、c＋＋、js不限语言,1.5-3万·14薪,上海·浦东·金桥,外企德科数字技术有限公司,合资,10000人以上,本科,经验不限,"前端开发, 后端开发, JavaScript, C, C++, Java",技术-前端开发-前端开发,2026-05-20 17:35:15,15.0,30.0,22.5,14.0,315.0,monthly,上海,浦东,金桥,合资,10000人以上,未知,技术,前端开发,前端开发
java/c++/C/Python/前端开发工程师,1.5-3万·14薪,上海·青浦·金泽,外企德科数字技术有限公司,合资,10000人以上,本科,经验不限,"C语言, Java, Python",技术-前端开发-前端开发,2026-05-20 17:35:34,15.0,30.0,22.5,14.0,315.0,monthly,上海,青浦,金泽,合资,10000人以上,未知,技术,前端开发,前端开发
前端开发/后端开发/全栈工程师,1.5-3万·15薪,上海·青浦·金泽,外企德科数字技术有限公司,合资,10000人以上,本科,经验不限,"C语言, Python",技术-前端开发-前端开发,2026-05-20 17:35:35,15.0,30.0,22.5,15.0,337.5,monthly,上海,青浦,金泽,合资,10000人以上,未知,技术,前端开发,前端开发
前端开发工程师（react）,1.5-3万,上海·杨浦·新江湾城,外企德科数字技术有限公司,合资,10000人以上,本科,3-5年,"JavaScript, React, webpack, Hybrid, node",技术-前端开发-前端开发,2026-05-20 17:35:35,15.0,30.0,22.5,12.0,270.0,monthly,上海,杨浦,新江湾城,合资,10000人以上,未知,技术,前端开发,前端开发
前端开发-双休 包三餐 15薪,1.5-3万·15薪,上海·杨浦·新江湾城,外企德科数字技术有限公司,合资,10000人以上,本科,3-5年,"React, 统招本科",技术-前端开发-前端开发,2026-05-20 17:35:54,15.0,30.0,22.5,15.0,337.5,monthly,上海,杨浦,新江湾城,合资,10000人以上,未知,技术,前端开发,前端开发
高级web前端开发工程师,1.8-2.6万·14薪,上海·浦东·张江,山东普罗世纪人力资源有限公司,民营,100-299人,大专,5-10年,"大屏/可视化项目, Vue, React, TypeScript, HTML5, CSS",技术-前端开发-前端开发,2026-05-20 17:35:14,18.0,26.0,22.0,14.0,308.0,monthly,上海,浦东,张江,民营,100-299人,未知,技术,前端开发,前端开发
前端开发/后端开发/全栈工程师,1.4-2.8万·15薪,上海·浦东·金桥,外企德科数字技术有限公司,合资,10000人以上,本科,经验不限,"Python, Java, C, 前端开发, 后端开发, 软件测试, MySQL",技术-前端开发-前端开发,2026-05-20 17:35:16,14.0,28.0,21.0,15.0,315.0,monthly,上海,浦东,金桥,合资,10000人以上,未知,技术,前端开发,前端开发
前端开发工程师,1.6-2万,上海·浦东·曹路,上海长庚信息技术股份有限公司,民营,20-99人,本科,3-5年,"CSS, JavaScript, HTML5, Vue, ElementUI, Echarts",技术-前端开发-前端开发,2026-05-20 17:35:15,16.0,20.0,18.0,12.0,216.0,monthly,上海,浦东,曹路,民营,20-99人,未知,技术,前端开发,前端开发
web前端开发工程师（接受25应届生，经验不限，全额五险，带薪休假）,1.2-2.4万·14薪,上海·浦东·金桥,外企德科数字技术有限公司,合资,10000人以上,本科,经验不限,"Vue, React, 五险一金, 定期团建, 免费体检",技术-前端开发-前端开发,2026-05-20 17:35:26,12.0,24.0,18.0,14.0,252.0,monthly,上海,浦东,金桥,合资,10000人以上,未知,技术,前端开发,前端开发
前端开发工程师,1.2-2.4万,上海·青浦·金泽,外企德科数字技术有限公司,合资,10000人以上,本科,经验不限,"HTML5, CSS, JavaScript, React, Vue, React Native",技术-前端开发-前端开发,2026-05-20 17:35:53,12.0,24.0,18.0,12.0,216.0,monthly,上海,青浦,金泽,合资,10000人以上,未知,技术,前端开发,前端开发
Java/C++/Python/算法/前端开发工程师,1.2-2.4万·14薪,上海·浦东·金桥,外企德科数字技术有限公司,合资,10000人以上,本科,经验不限,"双休, 试用期全额",技术-前端开发-前端开发,2026-05-20 17:35:54,12.0,24.0,18.0,14.0,252.0,monthly,上海,浦东,金桥,合资,10000人以上,未知,技术,前端开发,前端开发
前端开发工程师（直聘）,1.5-2万,上海·浦东·南汇新城,科锐尔人力资源服务(苏州)有限公司,上市公司,1000-9999人,本科,5-10年,"后台管理型系统, React, TypeScript, ZUSHAND, VITE",技术-前端开发-前端开发,2026-05-20 17:35:14,15.0,20.0,17.5,12.0,210.0,monthly,上海,浦东,南汇新城,上市公司,1000-9999人,未知,技术,前端开发,前端开发
前端开发工程师,1.5-2万,上海·嘉定·南翔,智沪铁路设备有限公司,合资,100-299人,本科,5-10年,Vue,技术-前端开发-前端开发,2026-05-20 17:35:14,15.0,20.0,17.5,12.0,210.0,monthly,上海,嘉定,南翔,合资,100-299人,未知,技术,前端开发,前端开发
web前端开发技术员-五险一金-双休,1.5-2万,上海·虹口·四川北路,成都年年好人力资源管理有限公司,民营,100-299人,大专,1-3年,"CSS, JavaScript, HTML5, Vue, React, 响应式界面设计",技术-前端开发-前端开发,2026-05-20 17:35:16,15.0,20.0,17.5,12.0,210.0,monthly,上海,虹口,四川北路,民营,100-299人,未知,技术,前端开发,前端开发
前端开发技术员-五险一金-双休,1.5-2万,上海·虹口·嘉兴路,成都年年好人力资源管理有限公司,民营,100-299人,大专,1-3年,"HTML5, CSS, JavaScript, Vue, React, 人力资源系统开发",技术-前端开发-前端开发,2026-05-20 17:35:54,15.0,20.0,17.5,12.0,210.0,monthly,上海,虹口,嘉兴路,民营,100-299人,未知,技术,前端开发,前端开发
前端开发工程师,1.5-1.7万,上海·杨浦·平凉路,软通动力信息技术(集团)股份有限公司,上市公司,10000人以上,本科,5-10年,"React, Vue, 电商项目, ERP项目",技术-前端开发-前端开发,2026-05-20 17:35:16,15.0,17.0,16.0,12.0,192.0,monthly,上海,杨浦,平凉路,上市公司,10000人以上,未知,技术,前端开发,前端开发
web前端开发工程师,1.5-1.6万·13薪,上海·徐汇·虹梅路,上海智航创网络科技有限公司,20人以下,互联网电商,大专,经验不限,"HTML5, CSS, JavaScript, Vue, React, 电商项目",技术-前端开发-前端开发,2026-05-20 17:35:15,15.0,16.0,15.5,13.0,201.5,monthly,上海,徐汇,虹梅路,互联网电商,20人以下,未知,技术,前端开发,前端开发
前端开发工程师,1.5-1.6万,上海·虹口·北外滩,外企德科数字技术有限公司,合资,100-299人,本科,3-5年,React,技术-前端开发-前端开发,2026-05-20 17:35:34,15.0,16.0,15.5,12.0,186.0,monthly,上海,虹口,北外滩,合资,100-299人,未知,技术,前端开发,前端开发
前端开发工程师,1.4-1.6万,上海·黄浦·五里桥,外企德科数字技术有限公司,合资,1000-9999人,本科,3-5年,"React, AI项目",技术-前端开发-前端开发,2026-05-20 17:35:15,14.0,16.0,15.0,12.0,180.0,monthly,上海,黄浦,五里桥,合资,1000-9999人,未知,技术,前端开发,前端开发
前端开发工程师,1.3-1.5万,上海·浦东·陆家嘴,深圳市法本信息技术股份有限公司,上市公司,1000-9999人,本科,5-10年,"金融项目, 银行项目",技术-前端开发-前端开发,2026-05-20 17:35:15,13.0,15.0,14.0,12.0,168.0,monthly,上海,浦东,陆家嘴,上市公司,1000-9999人,未知,技术,前端开发,前端开发
前端开发工程师 中核集团,1.2-1.5万,上海·浦东·周家渡,软通动力信息技术(集团)股份有限公司,上市公司,10000人以上,本科,3-5年,"Vue, Node.js",技术-前端开发-前端开发,2026-05-20 17:35:16,12.0,15.0,13.5,12.0,162.0,monthly,上海,浦东,周家渡,上市公司,10000人以上,未知,技术,前端开发,前端开发
前端开发-上海,1-1.6万,上海·虹口·北外滩,外企德科数字技术有限公司,合资,1000-9999人,本科,3-5年,"CSS, Vue, React, JavaScript, Angular, HTML5, Node.js",技术-前端开发-前端开发,2026-05-20 17:35:44,10.0,16.0,13.0,12.0,156.0,monthly,上海,虹口,北外滩,合资,1000-9999人,未知,技术,前端开发,前端开发
web前端开发工程师,1-1.5万,上海·浦东·陆家嘴,南京清研新材料研究院有限公司,民营,20-99人,本科,经验不限,"HTML5, CSS, JavaScript, Vue, React, 大屏/可视化项目",技术-前端开发-前端开发,2026-05-20 17:35:15,10.0,15.0,12.5,12.0,150.0,monthly,上海,浦东,陆家嘴,民营,20-99人,未知,技术,前端开发,前端开发
前端开发/后端开发/全栈工程师,1-1.5万·14薪,上海·浦东·金桥,外企德科数字技术有限公司,合资,10000人以上,本科,经验不限,"前端开发, 后端开发, Java, C++, MySQL, JavaScript, Vue",技术-前端开发-前端开发,2026-05-20 17:35:15,10.0,15.0,12.5,14.0,175.0,monthly,上海,浦东,金桥,合资,10000人以上,未知,技术,前端开发,前端开发
Web前端开发工程师,1-1.5万,上海·闵行·颛桥,上海通立信息科技有限公司,民营,20-99人,本科,3-5年,"Web前端, Javascript, AJAX, CSS, HTML, Node.js",技术-前端开发-前端开发,2026-05-20 17:35:15,10.0,15.0,12.5,12.0,150.0,monthly,上海,闵行,颛桥,民营,20-99人,未知,技术,前端开发,前端开发
前端开发工程师,1-1.5万,上海·徐汇·虹梅路,中科软科技股份有限公司,股份制企业,1000-9999人,本科,5-10年,web前端,技术-前端开发-前端开发,2026-05-20 17:35:16,10.0,15.0,12.5,12.0,150.0,monthly,上海,徐汇,虹梅路,股份制企业,1000-9999人,未知,技术,前端开发,前端开发
前端开发工程师（应届生）,1.1-1.3万,上海·浦东·曹路,上海长庚信息技术股份有限公司,民营,20-99人,本科,经验不限,"JavaScript, CSS, HTML5, Vue, ElementUI, Unity3D",技术-前端开发-前端开发,2026-05-20 17:35:15,11.0,13.0,12.0,12.0,144.0,monthly,上海,浦东,曹路,民营,20-99人,未知,技术,前端开发,前端开发
前端开发（统专毕业后8年，到面）,1-1.1万,上海·浦东·唐镇,拓保软件,民营,1000-9999人,大专,5-10年,"HTML5, JavaScript, Vue",技术-前端开发-前端开发,2026-05-20 17:35:14,10.0,11.0,10.5,12.0,126.0,monthly,上海,浦东,唐镇,民营,1000-9999人,未知,技术,前端开发,前端开发
Java/c/c++/python 双休 高薪 五险一金,1.9-3.5万·14薪,上海·青浦·金泽,外企德科数字技术有限公司,合资,10000人以上,本科,经验不限,"C语言, Java, Python",技术-后端开发-C/C++,2026-05-20 17:05:43,19.0,35.0,27.0,14.0,378.0,monthly,上海,青浦,金泽,合资,10000人以上,未知,技术,后端开发,C/C++
C/C++/Python/JS /JAVA /C# 软件开发工程师,1.8-3.5万·16薪,上海·浦东·金桥,外企德科数字技术有限公司,合资,10000人以上,本科,经验不限,"C语言, Java, Python, 嵌入式开发, 图形图像处理, Linux开发",技术-后端开发-C/C++,2026-05-20 17:06:13,18.0,35.0,26.5,16.0,424.0,monthly,上海,浦东,金桥,合资,10000人以上,未知,技术,后端开发,C/C++
C/C++研发——智能车/智能驾驶研发（接受24届无经验、考研断档等）,1.6-3万·14薪,上海·浦东·金桥,外企德科数字技术有限公司,合资,10000人以上,本科,经验不限,"C语言, C++, Java",技术-后端开发-C/C++,2026-05-20 17:05:44,16.0,30.0,23.0,14.0,322.0,monthly,上海,浦东,金桥,合资,10000人以上,未知,技术,后端开发,C/C++
C/C++/Java/Python//JS无经验可投递-双休五险一金年终奖,1.5-3万·14薪,上海·青浦·金泽,外企德科数字技术有限公司,合资,10000人以上,本科,经验不限,"Java, Python, C语言",技术-后端开发-C/C++,2026-05-20 17:05:42,15.0,30.0,22.5,14.0,315.0,monthly,上海,青浦,金泽,合资,10000人以上,未知,技术,后端开发,C/C++
后端开发【C、C++】,1.5-3万·14薪,上海·浦东·金桥,外企德科数字技术有限公司,合资,10000人以上,本科,经验不限,"C语言, C++, 数据结构, 蓝桥杯",技术-后端开发-C/C++,2026-05-20 17:05:52,15.0,30.0,22.5,14.0,315.0,monthly,上海,浦东,金桥,合资,10000人以上,未知,技术,后端开发,C/C++
Java/Python/C/C++/数开/测试/算法/前端岗,1.5-3万·14薪,上海·浦东·金桥,外企德科数字技术有限公司,合资,10000人以上,本科,经验不限,"Python, C++, C, Java, 通信/物联网/自动化, 嵌入式",技术-后端开发-C/C++,2026-05-20 17:05:53,15.0,30.0,22.5,14.0,315.0,monthly,上海,浦东,金桥,合资,10000人以上,未知,技术,后端开发,C/C++
Java/Python/C 多岗位双休六 险一金年终奖,1.5-3万·16薪,上海·浦东·金桥,外企德科数字技术有限公司,合资,10000人以上,本科,经验不限,C语言,技术-后端开发-C/C++,2026-05-20 17:05:53,15.0,30.0,22.5,16.0,360.0,monthly,上海,浦东,金桥,合资,10000人以上,未知,技术,后端开发,C/C++
C/C++/Python/JS/C#/JAVA软件开发工程师,1.5-3万·14薪,上海·青浦·金泽,外企德科数字技术有限公司,合资,10000人以上,本科,1-3年,"C语言, Java, Python",技术-后端开发-C/C++,2026-05-20 17:05:54,15.0,30.0,22.5,14.0,315.0,monthly,上海,青浦,金泽,合资,10000人以上,未知,技术,后端开发,C/C++
JAVA/C++/C/Python 14薪双休 应届生可投,1.5-3万,上海·浦东·花木,外企德科数字技术有限公司,合资,10000人以上,本科,经验不限,"C++, Python, JavaScript, Spring, Hibernate, Struts",技术-后端开发-C/C++,2026-05-20 17:06:02,15.0,30.0,22.5,12.0,270.0,monthly,上海,浦东,花木,合资,10000人以上,未知,技术,后端开发,C/C++
JAVA/C++/C/Python 14薪双休 应届生可投,1.5-3万·14薪,上海·浦东·金桥,外企德科数字技术有限公司,合资,10000人以上,本科,经验不限,"JavaScript, Python, C++",技术-后端开发-C/C++,2026-05-20 17:06:03,15.0,30.0,22.5,14.0,315.0,monthly,上海,浦东,金桥,合资,10000人以上,未知,技术,后端开发,C/C++
java/c++/C/Python/前端开发工程师,1.5-3万·14薪,上海·青浦·金泽,外企德科数字技术有限公司,合资,10000人以上,本科,经验不限,"C语言, Java, Python",技术-后端开发-C/C++,2026-05-20 17:06:25,15.0,30.0,22.5,14.0,315.0,monthly,上海,青浦,金泽,合资,10000人以上,未知,技术,后端开发,C/C++
Java/C/C++/Python/JS 软件开发测试,1.5-2.8万·14薪,上海·青浦·金泽,外企德科数字技术有限公司,合资,10000人以上,本科,经验不限,"C++, Python, C, Java, JS",技术-后端开发-C/C++,2026-05-20 17:05:43,15.0,28.0,21.5,14.0,301.0,monthly,上海,青浦,金泽,合资,10000人以上,未知,技术,后端开发,C/C++
Java/ Web/ C开发/ 测试/算法/数据开发,1.4-2.8万·16薪,上海·浦东·金桥,外企德科数字技术有限公司,合资,10000人以上,本科,经验不限,"JavaScript, Python, C++, Spring, Mybatis, Hibernate",技术-后端开发-C/C++,2026-05-20 17:05:44,14.0,28.0,21.0,16.0,336.0,monthly,上海,浦东,金桥,合资,10000人以上,未知,技术,后端开发,C/C++
C/C++开发工程师（可接受无经验应届生）,1.4-2.8万·14薪,上海·青浦·金泽,外企德科数字技术有限公司,合资,10000人以上,本科,经验不限,"C语言, MFC, Linux开发",技术-后端开发-C/C++,2026-05-20 17:06:14,14.0,28.0,21.0,14.0,294.0,monthly,上海,青浦,金泽,合资,10000人以上,未知,技术,后端开发,C/C++
Cπ康养规划师/太保高端养老社区项目,1.6-2.3万,上海·静安·大宁路,中国太平洋人寿保险股份有限公司上海分公司静安共和新路营销服务部(静安共和新路营销服务部),国企,10000人以上,本科,经验不限,"销售, 续保, 理赔, 寿险, 个险产品, 养老险, 面销/陌拜",技术-后端开发-C/C++,2026-05-20 17:05:43,16.0,23.0,19.5,12.0,234.0,monthly,上海,静安,大宁路,国企,10000人以上,未知,技术,后端开发,C/C++
Cπ康养财富规划师,1.6-2.3万,上海·静安·大宁路,中国太平洋人寿保险股份有限公司上海分公司静安共和新路营销服务部(静安共和新路营销服务部),国企,10000人以上,本科,1-3年,"销售, 个险产品, 养老险, 理财保险, 面销, 金融, 面销/陌拜",技术-后端开发-C/C++,2026-05-20 17:05:43,16.0,23.0,19.5,12.0,234.0,monthly,上海,静安,大宁路,国企,10000人以上,未知,技术,后端开发,C/C++
Java/C/C++/python/测试工程师，岗位多,1.3-2.6万·14薪,上海·青浦·金泽,外企德科数字技术有限公司,合资,10000人以上,本科,经验不限,"JavaScript, Python, C++",技术-后端开发-C/C++,2026-05-20 17:05:43,13.0,26.0,19.5,14.0,273.0,monthly,上海,青浦,金泽,合资,10000人以上,未知,技术,后端开发,C/C++
C++/C（全国）考公考研失败可，无经验可,1.3-2.6万·14薪,上海·浦东·金桥,外企德科数字技术有限公司,合资,10000人以上,学历不限,经验不限,C语言,技术-后端开发-C/C++,2026-05-20 17:06:02,13.0,26.0,19.5,14.0,273.0,monthly,上海,浦东,金桥,合资,10000人以上,未知,技术,后端开发,C/C++
Java/C/C++/Python/GO/JS,1.3-2.6万·14薪,上海·浦东·金桥,外企德科数字技术有限公司,合资,10000人以上,本科,经验不限,"JavaScript, Python, C++, Spring, MySQL, Struts",技术-后端开发-C/C++,2026-05-20 17:06:03,13.0,26.0,19.5,14.0,273.0,monthly,上海,浦东,金桥,合资,10000人以上,未知,技术,后端开发,C/C++
C/C++/python/js/GO/测试（所有语言都有招聘）,1.3-2.6万·14薪,上海·青浦·金泽,外企德科数字技术有限公司,合资,10000人以上,本科,经验不限,"C语言, Java, Python, 机器人开发, Web开发, 嵌入式开发",技术-后端开发-C/C++,2026-05-20 17:06:03,13.0,26.0,19.5,14.0,273.0,monthly,上海,青浦,金泽,合资,10000人以上,未知,技术,后端开发,C/C++
cobol/RPG/PRO*C对日开发,1.2-2.4万,上海·浦东·张江,杭州优灿科技有限公司,合资,500-999人,学历不限,经验不限,"COBOL, 日语, N1, 对日, RPG, PRO*C",技术-后端开发-C/C++,2026-05-20 17:05:42,12.0,24.0,18.0,12.0,216.0,monthly,上海,浦东,张江,合资,500-999人,未知,技术,后端开发,C/C++
Python/Java/C++/C软开/软测【14-16薪】,1.2-2.4万·14薪,上海·浦东·金桥,外企德科数字技术有限公司,合资,10000人以上,本科,经验不限,"Java, C++, C",技术-后端开发-C/C++,2026-05-20 17:05:42,12.0,24.0,18.0,14.0,252.0,monthly,上海,浦东,金桥,合资,10000人以上,未知,技术,后端开发,C/C++
C/C++嵌入式工程师(上海)(J10829),1.5-2万·14薪,上海·浦东·金桥,善诚科技发展（上海）有限公司,外商独资,300-499人,本科,3-5年,"C++, Linux开发, 嵌入式开发",技术-后端开发-C/C++,2026-05-20 17:05:42,15.0,20.0,17.5,14.0,245.0,monthly,上海,浦东,金桥,外商独资,300-499人,未知,技术,后端开发,C/C++
嵌入式c开发,1.1-2.1万,上海·闵行·吴泾,上海玄晖信息科技有限公司,20-99人,软件/IT服务,本科,1-3年,C语言,技术-后端开发-C/C++,2026-05-20 17:05:42,11.0,21.0,16.0,12.0,192.0,monthly,上海,闵行,吴泾,软件/IT服务,20-99人,未知,技术,后端开发,C/C++
C/C++（QT上位机）,1.4-1.7万,上海·闵行·吴泾,上海申美信息科技有限公司,其它,20-99人,本科,5-10年,"C++, QT开发, STL, Qt",技术-后端开发-C/C++,2026-05-20 17:05:44,14.0,17.0,15.5,12.0,186.0,monthly,上海,闵行,吴泾,其它,20-99人,未知,技术,后端开发,C/C++
Cπ康养财富规划师,1-2万·13薪,上海·浦东·潍坊新村,中国太平洋人寿保险股份有限公司上海市浦东支公司(唐辉团队),1000-9999人,保险,大专,1-3年,"销售, 寿险, 理财保险, 养老险, 面销/陌拜",技术-后端开发-C/C++,2026-05-20 17:05:44,10.0,20.0,15.0,13.0,195.0,monthly,上海,浦东,潍坊新村,保险,1000-9999人,未知,技术,后端开发,C/C++
java/C/C++/python/测试工程师,1.2-1.7万·14薪,上海·浦东·金桥,外企德科数字技术有限公司,合资,10000人以上,本科,经验不限,"Java, C/C++",技术-后端开发-C/C++,2026-05-20 17:05:53,12.0,17.0,14.5,14.0,203.0,monthly,上海,浦东,金桥,合资,10000人以上,未知,技术,后端开发,C/C++
C/C++开发（QT上位机开发）,1.1-1.7万,上海·闵行·吴泾,上海申美信息科技有限公司,其它,20-99人,本科,5-10年,"C语言, QT开发, Qt, 上位机",技术-后端开发-C/C++,2026-05-20 17:05:44,11.0,17.0,14.0,12.0,168.0,monthly,上海,闵行,吴泾,其它,20-99人,未知,技术,后端开发,C/C++
c开发工程师,1-1.5万,上海·浦东·金桥,软通动力信息技术(集团)股份有限公司,上市公司,10000人以上,本科,1-3年,"C开发, 嵌入式",技术-后端开发-C/C++,2026-05-20 17:05:43,10.0,15.0,12.5,12.0,150.0,monthly,上海,浦东,金桥,上市公司,10000人以上,未知,技术,后端开发,C/C++
linux嵌入式C开发,8000-14000元,上海·浦东·金桥,软通动力信息技术(集团)股份有限公司,上市公司,10000人以上,本科,1-3年,C++,技术-后端开发-C/C++,2026-05-20 17:05:43,8.0,14.0,11.0,12.0,132.0,monthly,上海,浦东,金桥,上市公司,10000人以上,未知,技术,后端开发,C/C++
软件开发（Python/C应用开发）,8000-14000元,上海·青浦·金泽,软通动力信息技术(集团)股份有限公司,上市公司,10000人以上,本科,1-3年,"C++, Java, C, HTML, Rust",技术-后端开发-C/C++,2026-05-20 17:05:44,8.0,14.0,11.0,12.0,132.0,monthly,上海,青浦,金泽,上市公司,10000人以上,未知,技术,后端开发,C/C++
C\C++,8000-12000元,上海·浦东·金桥,软通动力信息技术(集团)股份有限公司,上市公司,10000人以上,本科,1-3年,C语言,技术-后端开发-C/C++,2026-05-20 17:05:44,8.0,12.0,10.0,12.0,120.0,monthly,上海,浦东,金桥,上市公司,10000人以上,未知,技术,后端开发,C/C++
c/c++,8000-11000元,上海·浦东·金桥,软通动力信息技术(集团)股份有限公司,上市公司,10000人以上,本科,1-3年,"C语言, 嵌入式开发, Linux开发, UART, I2C, SPI",技术-后端开发-C/C++,2026-05-20 17:05:43,8.0,11.0,9.5,12.0,114.0,monthly,上海,浦东,金桥,上市公司,10000人以上,未知,技术,后端开发,C/C++
服务端开发工程师（Java/Golang）,2-3.5万·15薪,上海·杨浦·新江湾城,外企德科数字技术有限公司,合资,10000人以上,本科,3-5年,"JavaScript, C++, MySQL, Spring, Struts, Mybatis",技术-后端开发-Golang,2026-05-20 17:06:35,20.0,35.0,27.5,15.0,412.5,monthly,上海,杨浦,新江湾城,合资,10000人以上,未知,技术,后端开发,Golang
Golang开发工程师,2.5-3万,上海·闵行·虹梅路,软通动力信息技术(集团)股份有限公司,上市公司,10000人以上,本科,3-5年,Golang,技术-后端开发-Golang,2026-05-20 17:06:36,25.0,30.0,27.5,12.0,330.0,monthly,上海,闵行,虹梅路,上市公司,10000人以上,未知,技术,后端开发,Golang
Golang开发工程师（中高级）,1.5-3万·15薪,上海·杨浦·新江湾城,外企德科数字技术有限公司,合资,10000人以上,本科,3-5年,"Java, Python, 后端研发, 分布式系统, ERP项目",技术-后端开发-Golang,2026-05-20 17:06:35,15.0,30.0,22.5,15.0,337.5,monthly,上海,杨浦,新江湾城,合资,10000人以上,未知,技术,后端开发,Golang
后端开发工程师【Golang】,2-2.5万·13薪,上海·徐汇·虹梅路,上海艾策通讯科技股份有限公司,股份制企业,20-99人,大专,1-3年,"云计算项目, AI项目, Golang, Python",技术-后端开发-Golang,2026-05-20 17:06:35,20.0,25.0,22.5,13.0,292.5,monthly,上海,徐汇,虹梅路,股份制企业,20-99人,未知,技术,后端开发,Golang
golang服务端开发工程师,1.5-3万·15薪,上海·杨浦·新江湾城,外企德科数字技术有限公司,合资,10000人以上,本科,3-5年,"Java, C++, Golang",技术-后端开发-Golang,2026-05-20 17:06:36,15.0,30.0,22.5,15.0,337.5,monthly,上海,杨浦,新江湾城,合资,10000人以上,未知,技术,后端开发,Golang
golang开发,1.7-2.5万,上海·杨浦·新江湾城,光庭信息,股份制企业,1000-9999人,大专,5-10年,GO,技术-后端开发-Golang,2026-05-20 17:06:36,17.0,25.0,21.0,12.0,252.0,monthly,上海,杨浦,新江湾城,股份制企业,1000-9999人,未知,技术,后端开发,Golang
上海 golang,1.8-2万·13薪,上海·杨浦·新江湾城,菁沐人力资源服务(沧州)有限公司,民营,300-499人,本科,3-5年,Golang,技术-后端开发-Golang,2026-05-20 17:06:34,18.0,20.0,19.0,13.0,247.0,monthly,上海,杨浦,新江湾城,民营,300-499人,未知,技术,后端开发,Golang
PHP/Golang开发工程师,1.2-2.4万·14薪,上海·闵行·浦锦,上海英方软件股份有限公司,上市公司,500-999人,本科,经验不限,"PHP, Golang, 中级软件工程师, 初级软件工程师, Laravel",技术-后端开发-Golang,2026-05-20 17:06:36,12.0,24.0,18.0,14.0,252.0,monthly,上海,闵行,浦锦,上市公司,500-999人,未知,技术,后端开发,Golang
golang工程师,1.5-2万,上海·杨浦·新江湾城,软通动力信息技术(集团)股份有限公司,上市公司,10000人以上,大专,3-5年,Golang,技术-后端开发-Golang,2026-05-20 17:06:36,15.0,20.0,17.5,12.0,210.0,monthly,上海,杨浦,新江湾城,上市公司,10000人以上,未知,技术,后端开发,Golang
golang开发工程师,1.6-1.7万,上海·浦东·张江,上海微创软件股份有限公司,合资,10000人以上,大专,3-5年,"Shell, Python, 云计算项目, AI项目, 私有云, MySQL",技术-后端开发-Golang,2026-05-20 17:06:34,16.0,17.0,16.5,12.0,198.0,monthly,上海,浦东,张江,合资,10000人以上,未知,技术,后端开发,Golang
golang开发,1.5-1.8万,上海·浦东·张江,北京众策科技咨询有限公司,民营,20-99人,本科,5-10年,"AI项目, 云计算项目, Golang",技术-后端开发-Golang,2026-05-20 17:06:35,15.0,18.0,16.5,12.0,198.0,monthly,上海,浦东,张江,民营,20-99人,未知,技术,后端开发,Golang
golang工程师（外企）,1.5-1.8万,上海·浦东·张江,北京众策科技咨询有限公司,民营,20-99人,本科,5-10年,"Golang, Python, AI项目, GO, 云计算项目",技术-后端开发-Golang,2026-05-20 17:06:36,15.0,18.0,16.5,12.0,198.0,monthly,上海,浦东,张江,民营,20-99人,未知,技术,后端开发,Golang
GOlang后端技术开发工程师,1.5-1.8万,上海·浦东·北蔡,上海小布网络科技有限公司,民营,20-99人,本科,3-5年,"PHP, MySQL, MongoDB, Redis, GOLANG服务端开发经验",技术-后端开发-Golang,2026-05-20 17:06:36,15.0,18.0,16.5,12.0,198.0,monthly,上海,浦东,北蔡,民营,20-99人,未知,技术,后端开发,Golang
PHP/Golang,1.2-2万·14薪,上海·闵行·浦锦,上海英方软件股份有限公司,上市公司,500-999人,本科,1-3年,"PHP, MySQL, Redis",技术-后端开发-Golang,2026-05-20 17:06:35,12.0,20.0,16.0,14.0,224.0,monthly,上海,闵行,浦锦,上市公司,500-999人,未知,技术,后端开发,Golang
golang,1.5-1.6万,上海·浦东·金桥,软通动力信息技术(集团)股份有限公司,上市公司,10000人以上,大专,3-5年,"GO, MySQL",技术-后端开发-Golang,2026-05-20 17:06:35,15.0,16.0,15.5,12.0,186.0,monthly,上海,浦东,金桥,上市公司,10000人以上,未知,技术,后端开发,Golang
golang,1.5-1.6万,上海·浦东·川沙新,深圳鹏开信息技术有限公司,民营,1000-9999人,学历不限,3-5年,,技术-后端开发-Golang,2026-05-20 17:06:35,15.0,16.0,15.5,12.0,186.0,monthly,上海,浦东,川沙新,民营,1000-9999人,未知,技术,后端开发,Golang
Golang高级开发工程师,1.5-1.6万,上海·浦东·金桥,深圳南区人瑞人力资源服务有限公司,上市公司,500-999人,本科,5-10年,"云计算项目, MySQL, Golang",技术-后端开发-Golang,2026-05-20 17:06:35,15.0,16.0,15.5,12.0,186.0,monthly,上海,浦东,金桥,上市公司,500-999人,未知,技术,后端开发,Golang
Golang开发工程师,1.2-1.6万,上海·徐汇·田林,中科创达软件股份有限公司,合资,1000-9999人,大专,3-5年,"Golang, Python, Java, 云计算项目, 数据结构",技术-后端开发-Golang,2026-05-20 17:06:34,12.0,16.0,14.0,12.0,168.0,monthly,上海,徐汇,田林,合资,1000-9999人,未知,技术,后端开发,Golang
后端Golang工程师,1.2-1.6万,上海·杨浦·新江湾城,长春风火轮科技有限公司,民营,100-299人,本科,3-5年,"Golang, MySQL",技术-后端开发-Golang,2026-05-20 17:06:35,12.0,16.0,14.0,12.0,168.0,monthly,上海,杨浦,新江湾城,民营,100-299人,未知,技术,后端开发,Golang
golang架构师,1-1.1万,上海·浦东·金桥,东软集团(大连)有限公司,合资,500-999人,本科,5-10年,,技术-后端开发-Golang,2026-05-20 17:06:36,10.0,11.0,10.5,12.0,126.0,monthly,上海,浦东,金桥,合资,500-999人,未知,技术,后端开发,Golang
高级java开发工程师/架构师,2.3-3.5万·13薪,上海·浦东·张江,大连弗斯特高新人才发展管理有限公司,民营,100-299人,大专,5-10年,"JavaScript, Spring, MySQL, PostgreSQL, 英语",技术-后端开发-Java,2026-05-20 17:04:01,23.0,35.0,29.0,13.0,377.0,monthly,上海,浦东,张江,民营,100-299人,未知,技术,后端开发,Java
java开发工程师（高并发/终端业务）,1.8-3.5万·15薪,上海·青浦·金泽,科锐尔人力资源服务(苏州)有限公司,上市公司,10000人以上,本科,经验不限,,技术-后端开发-Java,2026-05-20 17:04:01,18.0,35.0,26.5,15.0,397.5,monthly,上海,青浦,金泽,上市公司,10000人以上,未知,技术,后端开发,Java
高级java架构师,2-2.8万,上海·闵行·江川路,上海飒智智能科技有限公司,民营,100-299人,本科,3-5年,Java,技术-后端开发-Java,2026-05-20 17:04:02,20.0,28.0,24.0,12.0,288.0,monthly,上海,闵行,江川路,民营,100-299人,未知,技术,后端开发,Java
C/C++/Java/Python//JS无经验可投递-双休五险一金年终奖,1.5-3万·14薪,上海·青浦·金泽,外企德科数字技术有限公司,合资,10000人以上,本科,经验不限,"Java, Python, C语言",技术-后端开发-Java,2026-05-20 17:04:00,15.0,30.0,22.5,14.0,315.0,monthly,上海,青浦,金泽,合资,10000人以上,未知,技术,后端开发,Java
java架构师,2-2.5万,上海·青浦·徐泾,上海勋厚人力资源有限公司,民营,300-499人,本科,1-3年,"架构开发, Java, Python, MySQL, 系统架构设计",技术-后端开发-Java,2026-05-20 17:04:01,20.0,25.0,22.5,12.0,270.0,monthly,上海,青浦,徐泾,民营,300-499人,未知,技术,后端开发,Java
java架构师,1.8-2.5万,上海·浦东·金桥,上海让雷智能科技有限公司,民营,20-99人,本科,5-10年,"Java, PHP, JQuery, SpringBoot, Python, JavaScript",技术-后端开发-Java,2026-05-20 17:04:43,18.0,25.0,21.5,12.0,258.0,monthly,上海,浦东,金桥,民营,20-99人,未知,技术,后端开发,Java
python/java/Go+PHP,2-2.2万,上海·浦东·潍坊新村,软通动力信息技术(集团)股份有限公司,上市公司,10000人以上,本科,3-5年,"Java, PHP, GO, MySQL",技术-后端开发-Java,2026-05-20 17:04:01,20.0,22.0,21.0,12.0,252.0,monthly,上海,浦东,潍坊新村,上市公司,10000人以上,未知,技术,后端开发,Java
Java工程师,1.6-2.6万,上海·浦东·张江,苏州人瑞普惠人力资源服务有限公司,上市公司,20-99人,大专,3-5年,,技术-后端开发-Java,2026-05-20 17:04:02,16.0,26.0,21.0,12.0,252.0,monthly,上海,浦东,张江,上市公司,20-99人,未知,技术,后端开发,Java
Python/Java/C++/C软开/软测【14-16薪】,1.2-2.4万·14薪,上海·浦东·金桥,外企德科数字技术有限公司,合资,10000人以上,本科,经验不限,"Java, C++, C",技术-后端开发-Java,2026-05-20 17:04:02,12.0,24.0,18.0,14.0,252.0,monthly,上海,浦东,金桥,合资,10000人以上,未知,技术,后端开发,Java
中级java全栈工程师,1.6-2万,上海·浦东·张江,首聘(北京)科技有限公司,民营,1000-9999人,大专,3-5年,"后端开发, Java, MySQL",技术-后端开发-Java,2026-05-20 17:04:02,16.0,20.0,18.0,12.0,216.0,monthly,上海,浦东,张江,民营,1000-9999人,未知,技术,后端开发,Java
电商搜索优化工程师（Elasticsearch Java）,1.2-2.4万,上海·浦东·康桥,SELLECK上海赛徕克生物科技有限公司,合资,300-499人,本科,3-5年,"Java, ElasticSearch, Lucene, 分布式搜索, 电商搜索优化",技术-后端开发-Java,2026-05-20 17:04:43,12.0,24.0,18.0,12.0,216.0,monthly,上海,浦东,康桥,合资,300-499人,未知,技术,后端开发,Java
java开发工程师,1.5-2万,上海·浦东·张江,首聘(北京)科技有限公司,民营,1000-9999人,大专,3-5年,"MySQL, Java, Python",技术-后端开发-Java,2026-05-20 17:04:01,15.0,20.0,17.5,12.0,210.0,monthly,上海,浦东,张江,民营,1000-9999人,未知,技术,后端开发,Java
java开发工程师,1.6-1.8万·13薪,上海·徐汇·虹梅路,上海智航创网络科技有限公司,20人以下,互联网电商,大专,经验不限,"Spring, MySQL, Redis, 电商后端开发, 微服务架构",技术-后端开发-Java,2026-05-20 17:04:02,16.0,18.0,17.0,13.0,221.0,monthly,上海,徐汇,虹梅路,互联网电商,20人以下,未知,技术,后端开发,Java
Java开发工程师(J10187),1.3-1.8万,上海·浦东·新场,上海优宁维生物科技股份有限公司,上市公司,500-999人,本科,3-5年,"JavaScript, C++, C#",技术-后端开发-Java,2026-05-20 17:04:00,13.0,18.0,15.5,12.0,186.0,monthly,上海,浦东,新场,上市公司,500-999人,未知,技术,后端开发,Java
上海闵行全栈Java,1.3-1.6万,上海·闵行·新虹,郑州海奥软件科技有限公司,民营,100-299人,本科,3-5年,"前端开发, 后端开发, JavaScript, Vue, react, Java",技术-后端开发-Java,2026-05-20 17:04:13,13.0,16.0,14.5,12.0,174.0,monthly,上海,闵行,新虹,民营,100-299人,未知,技术,后端开发,Java
java初级全栈工程师,1.2-1.6万,上海·徐汇·枫林路,北京领雁智远科技有限公司,民营,100-299人,本科,3-5年,"前端开发, 后端开发, Vue, JavaScript",技术-后端开发-Java,2026-05-20 17:04:43,12.0,16.0,14.0,12.0,168.0,monthly,上海,徐汇,枫林路,民营,100-299人,未知,技术,后端开发,Java
java软件开发工程师,1.2-1.5万,上海·徐汇·虹梅路,上海无学网络科技有限公司,民营,100-299人,本科,经验不限,"PHP, Python, Spring, Hibernate, Struts",技术-后端开发-Java,2026-05-20 17:04:00,12.0,15.0,13.5,12.0,162.0,monthly,上海,徐汇,虹梅路,民营,100-299人,未知,技术,后端开发,Java
java全栈工程师,1-1.5万,上海·静安·天目西路,上海春卫信息技术有限公司,民营,20人以下,大专,1-3年,"Java, MySQL, Redis, Vue.js, UNIAPP, 全栈开发",技术-后端开发-Java,2026-05-20 17:04:23,10.0,15.0,12.5,12.0,150.0,monthly,上海,静安,天目西路,民营,20人以下,未知,技术,后端开发,Java
Java（上海 浦东新区H）,1.1-1.3万,上海·浦东·花木,南京迈特望科技股份有限公司,股份制企业,1000-9999人,本科,3-5年,"Spring, Mybatis, JavaScript, MySQL, Oracle",技术-后端开发-Java,2026-05-20 17:04:02,11.0,13.0,12.0,12.0,144.0,monthly,上海,浦东,花木,股份制企业,1000-9999人,未知,技术,后端开发,Java
java全栈工程师,9000-15000元,上海·宝山·杨行,沈阳东硕信息技术有限公司,民营,1000-9999人,本科,3-5年,"前端开发, 后端开发, Vue, Java, C++, C, Oracle",技术-后端开发-Java,2026-05-20 17:04:02,9.0,15.0,12.0,12.0,144.0,monthly,上海,宝山,杨行,民营,1000-9999人,未知,技术,后端开发,Java
Java,8000-15000元,上海·黄浦·老西门,中科软科技股份有限公司,股份制企业,1000-9999人,学历不限,3-5年,"Oracle, MySQL, Spring, Mybatis, JavaScript",技术-后端开发-Java,2026-05-20 17:04:01,8.0,15.0,11.5,12.0,138.0,monthly,上海,黄浦,老西门,股份制企业,1000-9999人,未知,技术,后端开发,Java
Java开发（统专，毕业后8年）,1-1.1万,上海·浦东·唐镇,拓保软件,民营,1000-9999人,大专,5-10年,JavaScript,技术-后端开发-Java,2026-05-20 17:04:01,10.0,11.0,10.5,12.0,126.0,monthly,上海,浦东,唐镇,民营,1000-9999人,未知,技术,后端开发,Java
Java,8000-13000元,上海·浦东·南京东路,长沙恩欣科技有限公司,20-99人,软件/IT服务,学历不限,经验不限,,技术-后端开发-Java,2026-05-20 17:04:02,8.0,13.0,10.5,12.0,126.0,monthly,上海,浦东,南京东路,软件/IT服务,20-99人,未知,技术,后端开发,Java
初级Java,5000-10000元,上海·浦东·金桥,苏州人瑞普惠人力资源服务有限公司,上市公司,20-99人,大专,1-3年,"SPRING BOOT, JVM, 多线程编程, SPRING MVC",技术-后端开发-Java,2026-05-20 17:04:01,5.0,10.0,7.5,12.0,90.0,monthly,上海,浦东,金桥,上市公司,20-99人,未知,技术,后端开发,Java
react前端开发工程师/React.js,2-2.8万·13薪,上海·静安·石门二路,大连弗斯特高新人才发展管理有限公司,民营,1000-9999人,大专,3-5年,React,技术-后端开发-PHP,2026-05-20 17:07:23,20.0,28.0,24.0,13.0,312.0,monthly,上海,静安,石门二路,民营,1000-9999人,未知,技术,后端开发,PHP
产品研发经理,1.8-2.5万,上海·浦东·北蔡,上海智科未来新技术集团有限公司,民营,100-299人,本科,3-5年,"嵌入式技术, 教育科技产品研发, 全流程项目管理, 跨部门协作",技术-后端开发-PHP,2026-05-20 17:07:24,18.0,25.0,21.5,12.0,258.0,monthly,上海,浦东,北蔡,民营,100-299人,未知,技术,后端开发,PHP
php高级开发工程师,2-2.2万,上海·青浦·徐泾,上海卓川企业集团有限公司,股份制企业,300-499人,本科,3-5年,"NET, 后端开发",技术-后端开发-PHP,2026-05-20 17:07:23,20.0,22.0,21.0,12.0,252.0,monthly,上海,青浦,徐泾,股份制企业,300-499人,未知,技术,后端开发,PHP
python/java/Go+PHP,2-2.2万,上海·浦东·潍坊新村,软通动力信息技术(集团)股份有限公司,上市公司,10000人以上,本科,3-5年,"Java, PHP, GO, MySQL",技术-后端开发-PHP,2026-05-20 17:07:24,20.0,22.0,21.0,12.0,252.0,monthly,上海,浦东,潍坊新村,上市公司,10000人以上,未知,技术,后端开发,PHP
高级PHP开发工程师,1.5-2.5万,上海·杨浦·五角场,上海毕得医药科技股份有限公司,上市公司,1000-9999人,大专,5-10年,"PHP, Vue, 全栈开发, 后端开发, Laravel, MySQL",技术-后端开发-PHP,2026-05-20 17:07:23,15.0,25.0,20.0,12.0,240.0,monthly,上海,杨浦,五角场,上市公司,1000-9999人,未知,技术,后端开发,PHP
php全栈工程师,1.8-2.2万,上海·青浦·徐泾,上海卓川企业集团有限公司,股份制企业,500-999人,本科,3-5年,,技术-后端开发-PHP,2026-05-20 17:07:23,18.0,22.0,20.0,12.0,240.0,monthly,上海,青浦,徐泾,股份制企业,500-999人,未知,技术,后端开发,PHP
PHP/Golang开发工程师,1.2-2.4万·14薪,上海·闵行·浦锦,上海英方软件股份有限公司,上市公司,500-999人,本科,经验不限,"PHP, Golang, 中级软件工程师, 初级软件工程师, Laravel",技术-后端开发-PHP,2026-05-20 17:07:23,12.0,24.0,18.0,14.0,252.0,monthly,上海,闵行,浦锦,上市公司,500-999人,未知,技术,后端开发,PHP
前端开发工程师（直聘）,1.5-2万,上海·浦东·南汇新城,科锐尔人力资源服务(苏州)有限公司,上市公司,1000-9999人,本科,5-10年,"后台管理型系统, React, TypeScript, ZUSHAND, VITE",技术-后端开发-PHP,2026-05-20 17:07:23,15.0,20.0,17.5,12.0,210.0,monthly,上海,浦东,南汇新城,上市公司,1000-9999人,未知,技术,后端开发,PHP
前端开发工程师,1.5-2万,上海·嘉定·南翔,智沪铁路设备有限公司,合资,100-299人,本科,5-10年,Vue,技术-后端开发-PHP,2026-05-20 17:07:24,15.0,20.0,17.5,12.0,210.0,monthly,上海,嘉定,南翔,合资,100-299人,未知,技术,后端开发,PHP
golang开发工程师,1.6-1.7万,上海·浦东·张江,上海微创软件股份有限公司,合资,10000人以上,大专,3-5年,"Shell, Python, 云计算项目, AI项目, 私有云, MySQL",技术-后端开发-PHP,2026-05-20 17:07:52,16.0,17.0,16.5,12.0,198.0,monthly,上海,浦东,张江,合资,10000人以上,未知,技术,后端开发,PHP
PHP/Golang,1.2-2万·14薪,上海·闵行·浦锦,上海英方软件股份有限公司,上市公司,500-999人,本科,1-3年,"PHP, MySQL, Redis",技术-后端开发-PHP,2026-05-20 17:07:22,12.0,20.0,16.0,14.0,224.0,monthly,上海,闵行,浦锦,上市公司,500-999人,未知,技术,后端开发,PHP
网络安全工程师,1.2-2万·13薪,上海·静安·彭浦,易麦克(苏州)信息科技有限公司,民营,20-99人,本科,3-5年,"WEB安全, 网站安全, IDC安全, Python, Shell, PHP, CISP",技术-后端开发-PHP,2026-05-20 17:07:34,12.0,20.0,16.0,13.0,208.0,monthly,上海,静安,彭浦,民营,20-99人,未知,技术,后端开发,PHP
php全栈工程师,1.5-1.6万,上海·黄浦·打浦桥,圣戈班集团,外商独资,10000人以上,本科,3-5年,"全栈开发, Laravel, Yii, MySQL, Redis, Memcached",技术-后端开发-PHP,2026-05-20 17:07:23,15.0,16.0,15.5,12.0,186.0,monthly,上海,黄浦,打浦桥,外商独资,10000人以上,未知,技术,后端开发,PHP
前端工程师,1.3-1.8万,上海·浦东·金桥,北京中凯达自动化工程有限公司,民营,500-999人,本科,5-10年,"Vue, React, jQuery, Node.js, UI, 半导体运维软件前端开发经验",技术-后端开发-PHP,2026-05-20 17:07:23,13.0,18.0,15.5,12.0,186.0,monthly,上海,浦东,金桥,民营,500-999人,未知,技术,后端开发,PHP
开发运营工程师（AI 平台 · PHP / Go 方向）,1-2万,上海·普陀·长征,概泽信息科技(大连)有限公司,民营,20-99人,本科,1-3年,"软件工程师, PHP, GO, 全栈开发, API平台",技术-后端开发-PHP,2026-05-20 17:07:22,10.0,20.0,15.0,12.0,180.0,monthly,上海,普陀,长征,民营,20-99人,未知,技术,后端开发,PHP
前端（近期做react项目，统本，正编入职,1-2万,上海·浦东·泥城,科锐尔人力资源服务(苏州)有限公司,上市公司,1000-9999人,本科,5-10年,"React, VITE",技术-后端开发-PHP,2026-05-20 17:07:24,10.0,20.0,15.0,12.0,180.0,monthly,上海,浦东,泥城,上市公司,1000-9999人,未知,技术,后端开发,PHP
react开发工程师,1.2-1.8万·13薪,上海·杨浦·延吉新村,上海顺凯信息技术有限公司,民营,20-99人,本科,3-5年,"React, Ant Design, Redux, 前端架构设计, 前端性能优化",技术-后端开发-PHP,2026-05-20 17:07:24,12.0,18.0,15.0,13.0,195.0,monthly,上海,杨浦,延吉新村,民营,20-99人,未知,技术,后端开发,PHP
java软件开发工程师,1.2-1.5万,上海·徐汇·虹梅路,上海无学网络科技有限公司,民营,100-299人,本科,经验不限,"PHP, Python, Spring, Hibernate, Struts",技术-后端开发-PHP,2026-05-20 17:07:24,12.0,15.0,13.5,12.0,162.0,monthly,上海,徐汇,虹梅路,民营,100-299人,未知,技术,后端开发,PHP
前端react开发工程师,1.1-1.3万,上海·浦东·金桥,北京中凯达自动化工程有限公司,民营,500-999人,本科,5-10年,"REACT 前端框架, gulp, webpack",技术-后端开发-PHP,2026-05-20 17:07:23,11.0,13.0,12.0,12.0,144.0,monthly,上海,浦东,金桥,民营,500-999人,未知,技术,后端开发,PHP
PHP,8000-13000元,上海·宝山·南京东路,长沙恩欣科技有限公司,20-99人,软件/IT服务,学历不限,经验不限,,技术-后端开发-PHP,2026-05-20 17:07:22,8.0,13.0,10.5,12.0,126.0,monthly,上海,宝山,南京东路,软件/IT服务,20-99人,未知,技术,后端开发,PHP
外食果汁品牌研究员-上海(J12797),8000-10000元,上海·闵行·虹桥,杭州味全食品有限公司上海分公司,外商独资,1000-9999人,本科,1-3年,,技术-后端开发-PHP,2026-05-20 17:07:24,8.0,10.0,9.0,12.0,108.0,monthly,上海,闵行,虹桥,外商独资,1000-9999人,未知,技术,后端开发,PHP
Python高级开发工程师（数据方向）,2.5-3万,上海·浦东·花木,上海洛书投资管理有限公司,民营,20-99人,本科,3-5年,"MySQL, SQLServer",技术-后端开发-Python,2026-05-20 17:04:52,25.0,30.0,27.5,12.0,330.0,monthly,上海,浦东,花木,民营,20-99人,未知,技术,后端开发,Python
Java/c/c++/python 双休 高薪 五险一金,1.9-3.5万·14薪,上海·青浦·金泽,外企德科数字技术有限公司,合资,10000人以上,本科,经验不限,"C语言, Java, Python",技术-后端开发-Python,2026-05-20 17:05:05,19.0,35.0,27.0,14.0,378.0,monthly,上海,青浦,金泽,合资,10000人以上,未知,技术,后端开发,Python
热流体仿真工程师-Python(J11258),1.8-2.8万·13薪,上海·浦东·金桥,善诚科技发展（上海）有限公司,外商独资,300-499人,硕士,3-5年,"流体仿真, 热仿真, HAVC, MODELICA, Python",技术-后端开发-Python,2026-05-20 17:04:53,18.0,28.0,23.0,13.0,299.0,monthly,上海,浦东,金桥,外商独资,300-499人,未知,技术,后端开发,Python
高级热流体仿真工程师（Python方向）(J11258),1.8-2.8万·13薪,上海·浦东·金桥,善诚科技发展（上海）有限公司,外商独资,300-499人,硕士,3-5年,"流体仿真, 热仿真",技术-后端开发-Python,2026-05-20 17:04:54,18.0,28.0,23.0,13.0,299.0,monthly,上海,浦东,金桥,外商独资,300-499人,未知,技术,后端开发,Python
C/C++/Java/Python//JS无经验可投递-双休五险一金年终奖,1.5-3万·14薪,上海·青浦·金泽,外企德科数字技术有限公司,合资,10000人以上,本科,经验不限,"Java, Python, C语言",技术-后端开发-Python,2026-05-20 17:04:52,15.0,30.0,22.5,14.0,315.0,monthly,上海,青浦,金泽,合资,10000人以上,未知,技术,后端开发,Python
JAVA/JS/C/C++/Python/go/测试,1.5-3万·14薪,上海·浦东·金桥,外企德科数字技术有限公司,合资,10000人以上,本科,经验不限,"JavaScript, Python, C++",技术-后端开发-Python,2026-05-20 17:04:53,15.0,30.0,22.5,14.0,315.0,monthly,上海,浦东,金桥,合资,10000人以上,未知,技术,后端开发,Python
python后端开发工程师（人工智能方向）,1.5-3万,上海·普陀·长征,上海翼多翼得健康科技有限公司,民营,300-499人,本科,3-5年,,技术-后端开发-Python,2026-05-20 17:04:53,15.0,30.0,22.5,12.0,270.0,monthly,上海,普陀,长征,民营,300-499人,未知,技术,后端开发,Python
JAVA/C++/JS/python/GO等通用开发工程师,1.5-3万·14薪,上海·浦东·金桥,外企德科数字技术有限公司,合资,10000人以上,本科,经验不限,"JavaScript, Python, C++, Spring",技术-后端开发-Python,2026-05-20 17:04:53,15.0,30.0,22.5,14.0,315.0,monthly,上海,浦东,金桥,合资,10000人以上,未知,技术,后端开发,Python
python开发工程师,1.5-3万·14薪,上海·青浦·金泽,外企德科数字技术有限公司,合资,10000人以上,本科,经验不限,"Python, C++, JavaScript, Spring, Mybatis, MySQL",技术-后端开发-Python,2026-05-20 17:05:04,15.0,30.0,22.5,14.0,315.0,monthly,上海,青浦,金泽,合资,10000人以上,未知,技术,后端开发,Python
Java/C++/Python/JS(六险一金+双休),1.5-3万·14薪,上海·浦东·金桥,外企德科数字技术有限公司,合资,10000人以上,本科,1-3年,"Java, Oracle, Python",技术-后端开发-Python,2026-05-20 17:05:32,15.0,30.0,22.5,14.0,315.0,monthly,上海,浦东,金桥,合资,10000人以上,未知,技术,后端开发,Python
JAVA/C++/C/Python 14薪双休 应届生可投,1.5-3万,上海·浦东·花木,外企德科数字技术有限公司,合资,10000人以上,本科,经验不限,"C++, Python, JavaScript, Spring, Hibernate, Struts",技术-后端开发-Python,2026-05-20 17:05:33,15.0,30.0,22.5,12.0,270.0,monthly,上海,浦东,花木,合资,10000人以上,未知,技术,后端开发,Python
JAVA/C++/C/Python 14薪双休 应届生可投,1.5-3万·14薪,上海·浦东·金桥,外企德科数字技术有限公司,合资,10000人以上,本科,经验不限,"JavaScript, Python, C++",技术-后端开发-Python,2026-05-20 17:05:33,15.0,30.0,22.5,14.0,315.0,monthly,上海,浦东,金桥,合资,10000人以上,未知,技术,后端开发,Python
java/c++/C/Python/前端开发工程师,1.5-3万·14薪,上海·青浦·金泽,外企德科数字技术有限公司,合资,10000人以上,本科,经验不限,"C语言, Java, Python",技术-后端开发-Python,2026-05-20 17:05:33,15.0,30.0,22.5,14.0,315.0,monthly,上海,青浦,金泽,合资,10000人以上,未知,技术,后端开发,Python
Java/C/C++/Python/JS 软件开发测试,1.5-2.8万·14薪,上海·青浦·金泽,外企德科数字技术有限公司,合资,10000人以上,本科,经验不限,"C++, Python, C, Java, JS",技术-后端开发-Python,2026-05-20 17:05:05,15.0,28.0,21.5,14.0,301.0,monthly,上海,青浦,金泽,合资,10000人以上,未知,技术,后端开发,Python
python/java/Go+PHP,2-2.2万,上海·浦东·潍坊新村,软通动力信息技术(集团)股份有限公司,上市公司,10000人以上,本科,3-5年,"Java, PHP, GO, MySQL",技术-后端开发-Python,2026-05-20 17:04:52,20.0,22.0,21.0,12.0,252.0,monthly,上海,浦东,潍坊新村,上市公司,10000人以上,未知,技术,后端开发,Python
Java/C/C++/Python/GO/JS,1.3-2.6万·14薪,上海·浦东·金桥,外企德科数字技术有限公司,合资,10000人以上,本科,经验不限,"JavaScript, Python, C++, Spring, MySQL, Struts",技术-后端开发-Python,2026-05-20 17:04:54,13.0,26.0,19.5,14.0,273.0,monthly,上海,浦东,金桥,合资,10000人以上,未知,技术,后端开发,Python
C/C++/python/js/GO/测试（所有语言都有招聘）,1.3-2.6万·14薪,上海·青浦·金泽,外企德科数字技术有限公司,合资,10000人以上,本科,经验不限,"C语言, Java, Python, 机器人开发, Web开发, 嵌入式开发",技术-后端开发-Python,2026-05-20 17:04:54,13.0,26.0,19.5,14.0,273.0,monthly,上海,青浦,金泽,合资,10000人以上,未知,技术,后端开发,Python
Java/C/C++/python/测试工程师，岗位多,1.3-2.6万·14薪,上海·青浦·金泽,外企德科数字技术有限公司,合资,10000人以上,本科,经验不限,"JavaScript, Python, C++",技术-后端开发-Python,2026-05-20 17:05:04,13.0,26.0,19.5,14.0,273.0,monthly,上海,青浦,金泽,合资,10000人以上,未知,技术,后端开发,Python
Python/Java/C++/C软开/软测【14-16薪】,1.2-2.4万·14薪,上海·浦东·金桥,外企德科数字技术有限公司,合资,10000人以上,本科,经验不限,"Java, C++, C",技术-后端开发-Python,2026-05-20 17:04:53,12.0,24.0,18.0,14.0,252.0,monthly,上海,浦东,金桥,合资,10000人以上,未知,技术,后端开发,Python
Python后端开发工程师,1.4-2万,上海·长宁·仙霞新村,广州新华时代数据系统有限公司,民营,100-299人,本科,3-5年,,技术-后端开发-Python,2026-05-20 17:04:54,14.0,20.0,17.0,12.0,204.0,monthly,上海,长宁,仙霞新村,民营,100-299人,未知,技术,后端开发,Python
Python/Node.js开发工程师,1.5-1.6万,上海·浦东·金桥,深圳南区人瑞人力资源服务有限公司,上市公司,500-999人,本科,5-10年,Python,技术-后端开发-Python,2026-05-20 17:04:52,15.0,16.0,15.5,12.0,186.0,monthly,上海,浦东,金桥,上市公司,500-999人,未知,技术,后端开发,Python
Python开发（AI/Agent）,1.4-1.6万,上海·浦东·唐镇,成都迈思信息技术有限公司,民营,1000-9999人,大专,3-5年,"Django, Flask, MySQL",技术-后端开发-Python,2026-05-20 17:04:53,14.0,16.0,15.0,12.0,180.0,monthly,上海,浦东,唐镇,民营,1000-9999人,未知,技术,后端开发,Python
python开发工程师,1.4-1.5万,上海·浦东·张江,软通动力信息技术(集团)股份有限公司,上市公司,10000人以上,本科,3-5年,Django,技术-后端开发-Python,2026-05-20 17:04:53,14.0,15.0,14.5,12.0,174.0,monthly,上海,浦东,张江,上市公司,10000人以上,未知,技术,后端开发,Python
python开发工程师,1.2-1.3万,上海·松江·九亭,上海小莜信息科技有限公司,其它,20-99人,本科,1-3年,Flask,技术-后端开发-Python,2026-05-20 17:04:52,12.0,13.0,12.5,12.0,150.0,monthly,上海,松江,九亭,其它,20-99人,未知,技术,后端开发,Python
python开发工程师,1.1-1.2万,上海·闵行·吴泾,百乐元(大连)科技有限公司,民营,20-99人,大专,3-5年,Django,技术-后端开发-Python,2026-05-20 17:04:52,11.0,12.0,11.5,12.0,138.0,monthly,上海,闵行,吴泾,民营,20-99人,未知,技术,后端开发,Python
python开发工程师,1-1.3万,上海·青浦·赵巷,软通动力信息技术(集团)股份有限公司,上市公司,10000人以上,本科,1-3年,PYTHON开发工程师,技术-后端开发-Python,2026-05-20 17:04:53,10.0,13.0,11.5,12.0,138.0,monthly,上海,青浦,赵巷,上市公司,10000人以上,未知,技术,后端开发,Python
软件开发（Python/C应用开发）,8000-14000元,上海·青浦·金泽,软通动力信息技术(集团)股份有限公司,上市公司,10000人以上,本科,1-3年,"C++, Java, C, HTML, Rust",技术-后端开发-Python,2026-05-20 17:04:53,8.0,14.0,11.0,12.0,132.0,monthly,上海,青浦,金泽,上市公司,10000人以上,未知,技术,后端开发,Python
数据架构/数据治理/数据资产管理,2.5-3.5万·17薪,上海·闵行·颛桥,上海机电工程研究所,国企,1000-9999人,硕士,5-10年,"数据架构, 数据安全, 数据治理, 数据质量, 数据建模, 数据仓库",技术-数据-数据挖掘,2026-05-20 18:03:32,25.0,35.0,30.0,17.0,510.0,monthly,上海,闵行,颛桥,国企,1000-9999人,未知,技术,数据,数据挖掘
数据挖掘专家,2.2-3.5万·14薪,上海·闵行·新虹,晶科能源,上市公司,10000人以上,本科,5-10年,"Python, SQL, Scala",技术-数据-数据挖掘,2026-05-20 18:03:30,22.0,35.0,28.5,14.0,399.0,monthly,上海,闵行,新虹,上市公司,10000人以上,未知,技术,数据,数据挖掘
数据挖掘工程师,1.5-3万,上海·静安·大宁路,天翼数字生活科技有限公司,国企,1000-9999人,本科,3-5年,"Python, Scala, SQL, Hadoop, HDFS, MapReduce",技术-数据-数据挖掘,2026-05-20 18:03:30,15.0,30.0,22.5,12.0,270.0,monthly,上海,静安,大宁路,国企,1000-9999人,未知,技术,数据,数据挖掘
业务数据分析师,1.5-3万,上海·浦东·洋泾,淄博鲁华泓锦新材料集团股份有限公司,股份制企业,1000-9999人,本科,5-10年,"数据治理, 数据建模, 数据分析, Python, R语言, ERP",技术-数据-数据挖掘,2026-05-20 18:03:31,15.0,30.0,22.5,12.0,270.0,monthly,上海,浦东,洋泾,股份制企业,1000-9999人,未知,技术,数据,数据挖掘
数据分析与挖掘工程师,1.8-2.5万,上海·浦东·潍坊新村,上海天律信息技术有限公司,民营,20-99人,硕士,5-10年,"数据建模, 数据挖掘, 标书, 技术文档",技术-数据-数据挖掘,2026-05-20 18:03:30,18.0,25.0,21.5,12.0,258.0,monthly,上海,浦东,潍坊新村,民营,20-99人,未知,技术,数据,数据挖掘
Software Engineer/数据工程师,1.3-2万,上海·浦东·周浦,软通动力信息技术(集团)股份有限公司,上市公司,10000人以上,本科,3-5年,C++,技术-数据-数据挖掘,2026-05-20 18:03:30,13.0,20.0,16.5,12.0,198.0,monthly,上海,浦东,周浦,上市公司,10000人以上,未知,技术,数据,数据挖掘
大数据开发/数据采集/数据挖掘工程师,1.3-1.8万,上海·浦东·金桥,福建合诚信息科技有限公司,民营,100-299人,本科,3-5年,"Java, Python, Scala, Hive, Spark, Impala, Shell, SQL",技术-数据-数据挖掘,2026-05-20 18:03:29,13.0,18.0,15.5,12.0,186.0,monthly,上海,浦东,金桥,民营,100-299人,未知,技术,数据,数据挖掘
大数据开发/数据挖掘工程师,1.3-1.8万,上海·浦东·金桥,福建合诚信息科技有限公司,民营,100-299人,本科,3-5年,"Hive, Spark, Impala, Java, Python, Shell, SQL, Scala",技术-数据-数据挖掘,2026-05-20 18:03:30,13.0,18.0,15.5,12.0,186.0,monthly,上海,浦东,金桥,民营,100-299人,未知,技术,数据,数据挖掘
数据建模分析师,1.3-1.8万,上海·浦东·张江,上海数治数据科技有限公司,民营,20-99人,硕士,经验不限,"数据建模, 数据分析, 机器学习, 文本挖掘, R语言, Python",技术-数据-数据挖掘,2026-05-20 18:03:31,13.0,18.0,15.5,12.0,186.0,monthly,上海,浦东,张江,民营,20-99人,未知,技术,数据,数据挖掘
数据工程师,1.2-1.8万,上海·黄浦·外滩,软通动力信息技术(集团)股份有限公司,上市公司,10000人以上,大专,3-5年,"数据治理, 数据建模, 数据库开发",技术-数据-数据挖掘,2026-05-20 18:03:31,12.0,18.0,15.0,12.0,180.0,monthly,上海,黄浦,外滩,上市公司,10000人以上,未知,技术,数据,数据挖掘
数据挖掘工程师,8000-16000元,上海·黄浦·打浦桥,上海市弘安律师事务所,律师事务所,20-99人,本科,1-3年,"网络爬虫, Python, 数据挖掘, 机器学习, 爬虫架构",技术-数据-数据挖掘,2026-05-20 18:03:30,8.0,16.0,12.0,12.0,144.0,monthly,上海,黄浦,打浦桥,律师事务所,20-99人,未知,技术,数据,数据挖掘
数据开发,8000-13000元,上海·杨浦·南京东路,长沙恩欣科技有限公司,20-99人,软件/IT服务,学历不限,经验不限,,技术-数据-数据挖掘,2026-05-20 18:03:31,8.0,13.0,10.5,12.0,126.0,monthly,上海,杨浦,南京东路,软件/IT服务,20-99人,未知,技术,数据,数据挖掘
数据运营,8000-12000元,上海·黄浦·南京东路,江苏小牛看房云科技有限公司,民营,1000-9999人,本科,1-3年,"销售数据运营, 市场数据分析, 增长运营, 数据监控",技术-数据-数据挖掘,2026-05-20 18:03:31,8.0,12.0,10.0,12.0,120.0,monthly,上海,黄浦,南京东路,民营,1000-9999人,未知,技术,数据,数据挖掘
数据运营支持（上海）,8000-12000元,上海·黄浦·南京东路,江苏小牛看房云科技有限公司,民营,1000-9999人,本科,1-3年,"销售数据运营, 经营数据分析, 行业数据分析",技术-数据-数据挖掘,2026-05-20 18:03:31,8.0,12.0,10.0,12.0,120.0,monthly,上海,黄浦,南京东路,民营,1000-9999人,未知,技术,数据,数据挖掘
数据分析师,8000-10000元,上海·浦东·金桥,湖南拓维云创科技有限责任公司,上市公司,1000-9999人,本科,1-3年,"数据建模, 数据挖掘, 报表开发, Sql, Python, R语言",技术-数据-数据挖掘,2026-05-20 18:03:31,8.0,10.0,9.0,12.0,108.0,monthly,上海,浦东,金桥,上市公司,1000-9999人,未知,技术,数据,数据挖掘
上海一年期数据分析助理,8000-9000元,上海·黄浦·五里桥,广州友谊人力资源服务有限公司,国企,100-299人,本科,经验不限,数据治理,技术-数据-数据挖掘,2026-05-20 18:03:30,8.0,9.0,8.5,12.0,102.0,monthly,上海,黄浦,五里桥,国企,100-299人,未知,技术,数据,数据挖掘
数据运营,6000-10000元,上海·闵行·梅陇,天津利南文化产业有限公司,民营,500-999人,大专,1-3年,销售数据运营,技术-数据-数据挖掘,2026-05-20 18:03:31,6.0,10.0,8.0,12.0,96.0,monthly,上海,闵行,梅陇,民营,500-999人,未知,技术,数据,数据挖掘
影刀数据分析师/RPA工程师,6000-9000元,上海·浦东·唐镇,上海睿岸贸易有限公司,民营,100-299人,大专,1-3年,"报表开发, 数据仓库, Python, RPA",技术-数据-数据挖掘,2026-05-20 18:03:31,6.0,9.0,7.5,12.0,90.0,monthly,上海,浦东,唐镇,民营,100-299人,未知,技术,数据,数据挖掘
数据分析岗,5000-8000元·14薪,上海·浦东·张江,上海数治数据科技有限公司,民营,20-99人,本科,经验不限,"数据分析, SPSS, 数据挖掘, Python, 机器学习, 数据建模",技术-数据-数据挖掘,2026-05-20 18:03:30,5.0,8.0,6.5,14.0,91.0,monthly,上海,浦东,张江,民营,20-99人,未知,技术,数据,数据挖掘
数据调查分析（实习）,150-200元/天,上海·浦东·张江,上海数治数据科技有限公司,民营,20-99人,本科,经验不限,"数据挖掘, SPSS, R语言, Python",技术-数据-数据挖掘,2026-05-20 18:03:30,3.26,4.35,3.81,12.0,45.67,daily,上海,浦东,张江,民营,20-99人,未知,技术,数据,数据挖掘
软件测试高级工程师,2.5-4万·13薪,上海·浦东·张江,江苏东华测试技术股份有限公司,上市公司,500-999人,本科,5-10年,"自动化测试, 系统测试, 单元测试, C, C++, C#, TESTBED",技术-测试-测试工程师,2026-05-20 18:09:12,25.0,40.0,32.5,13.0,422.5,monthly,上海,浦东,张江,上市公司,500-999人,未知,技术,测试,测试工程师
半导体测试工程师,2-3万,上海·奉贤·南桥,苏州德罗斯智能科技有限责任公司,其它,20-99人,本科,3-5年,"半导体芯片, 功能测试, 光芯片, 测试",技术-测试-测试工程师,2026-05-20 18:09:13,20.0,30.0,25.0,12.0,300.0,monthly,上海,奉贤,南桥,其它,20-99人,未知,技术,测试,测试工程师
Functional测试工程师,1.6-3万,上海·浦东·惠南,范沃森(上海)自动化测试设备有限公司,外商独资,20-99人,大专,3-5年,"C/C++, VB",技术-测试-测试工程师,2026-05-20 18:09:12,16.0,30.0,23.0,12.0,276.0,monthly,上海,浦东,惠南,外商独资,20-99人,未知,技术,测试,测试工程师
硬件测试工程师,1.5-2.5万,上海·闵行·吴泾,阿科德斯(上海)技术工程有限公司,外商独资,500-999人,本科,3-5年,"EMC测试, 信号测试, 主板测试, 功耗测试, 性能测试",技术-测试-测试工程师,2026-05-20 18:09:12,15.0,25.0,20.0,12.0,240.0,monthly,上海,闵行,吴泾,外商独资,500-999人,未知,技术,测试,测试工程师
高级测试工程师,1.5-2.2万·14薪,上海·浦东·张江,山东普罗世纪人力资源有限公司,民营,100-299人,大专,5-10年,"软件测试, 自动化测试, Java, Python, JIRA, 禅道",技术-测试-测试工程师,2026-05-20 18:09:13,15.0,22.0,18.5,14.0,259.0,monthly,上海,浦东,张江,民营,100-299人,未知,技术,测试,测试工程师
测试工程师（FAE WIFI/5G）,1.2-2.4万,上海·浦东·潍坊新村,创信测试技术(深圳)有限公司,民营,20-99人,大专,5-10年,"性能测试, 5G, WIFI, 802.11, 3GPP",技术-测试-测试工程师,2026-05-20 18:09:12,12.0,24.0,18.0,12.0,216.0,monthly,上海,浦东,潍坊新村,民营,20-99人,未知,技术,测试,测试工程师
飞控测试工程师,1.2-2.4万,上海·闵行·虹桥,北京中科航天人才服务有限公司,国企,1000-9999人,本科,1-3年,"万用表, 信号发生器, 示波器, 可靠性测试, 卫星平台",技术-测试-测试工程师,2026-05-20 18:09:13,12.0,24.0,18.0,12.0,216.0,monthly,上海,闵行,虹桥,国企,1000-9999人,未知,技术,测试,测试工程师
新能源电机测试工程师,1.5-2万,上海·松江·中山,谱尼测试,上市公司,1000-9999人,本科,3-5年,"测试平台搭建, 三电测试, 故障树分析, 电机台架设计, NVH诊断",技术-测试-测试工程师,2026-05-20 18:09:13,15.0,20.0,17.5,12.0,210.0,monthly,上海,松江,中山,上市公司,1000-9999人,未知,技术,测试,测试工程师
EMC测试工程师,1.4-1.9万,上海·浦东·高行,关键人才,民营,20-99人,大专,3-5年,"EMC32, ELEKTRA",技术-测试-测试工程师,2026-05-20 18:09:13,14.0,19.0,16.5,12.0,198.0,monthly,上海,浦东,高行,民营,20-99人,未知,技术,测试,测试工程师
动力电池包性能测试工程师,1-2万,上海·松江·中山,谱尼测试,上市公司,1000-9999人,本科,1-3年,"测试, 技术支持, 锂电池, 磷酸铁锂, 三元锂, 电池包测试",技术-测试-测试工程师,2026-05-20 18:09:12,10.0,20.0,15.0,12.0,180.0,monthly,上海,松江,中山,上市公司,1000-9999人,未知,技术,测试,测试工程师
动力电池安全测试工程师,1-2万,上海·松江·中山,谱尼测试,上市公司,1000-9999人,本科,1-3年,"测试, 技术支持, 锂电池, 铅酸电池, 储能电池",技术-测试-测试工程师,2026-05-20 18:09:13,10.0,20.0,15.0,12.0,180.0,monthly,上海,松江,中山,上市公司,1000-9999人,未知,技术,测试,测试工程师
游戏测试工程师（偏战斗/卡牌专项测试）,1-2万,上海·闵行·七宝,浙江外企德科人力资源服务有限公司,合资,1000-9999人,大专,1-3年,"Python, SQL, 功能测试, 卡牌游戏, SLG游戏",技术-测试-测试工程师,2026-05-20 18:09:13,10.0,20.0,15.0,12.0,180.0,monthly,上海,闵行,七宝,合资,1000-9999人,未知,技术,测试,测试工程师
测试工程师,1.3-1.6万,上海·黄浦·半淞园路,深圳市睿服科技有限公司,股份制企业,1000-9999人,本科,3-5年,功能测试,技术-测试-测试工程师,2026-05-20 18:09:14,13.0,16.0,14.5,12.0,174.0,monthly,上海,黄浦,半淞园路,股份制企业,1000-9999人,未知,技术,测试,测试工程师
飞控测试工程师,8000-16000元,上海·闵行·虹桥,北京中科航天人才服务有限公司,国企,1000-9999人,本科,1-3年,"万用表, 示波器, 卫星构型, 空间载荷",技术-测试-测试工程师,2026-05-20 18:09:13,8.0,16.0,12.0,12.0,144.0,monthly,上海,闵行,虹桥,国企,1000-9999人,未知,技术,测试,测试工程师
电池振动测试工程师,8000-15000元,上海·松江·中山,谱尼测试,上市公司,1000-9999人,大专,1-3年,"研发, 测试, 技术支持, 硬件研发, 锂电池, 铅酸电池",技术-测试-测试工程师,2026-05-20 18:09:13,8.0,15.0,11.5,12.0,138.0,monthly,上海,松江,中山,上市公司,1000-9999人,未知,技术,测试,测试工程师
测试工程师（ RPG / ARPG /暗黑类）,1-1.3万,上海·静安·彭浦,外企德科,合资,1000-9999人,本科,3-5年,"MMORPG游戏, Charles, Fiddler, PERFDOG, SOLOPI",技术-测试-测试工程师,2026-05-20 18:09:25,10.0,13.0,11.5,12.0,138.0,monthly,上海,静安,彭浦,合资,1000-9999人,未知,技术,测试,测试工程师
软硬件测试工程师,8000-13000元,上海·静安·彭浦,江苏全栈智能科技有限公司,民营,20-99人,本科,1-3年,"软件测试, 硬件测试, 通信测试",技术-测试-测试工程师,2026-05-20 18:09:12,8.0,13.0,10.5,12.0,126.0,monthly,上海,静安,彭浦,民营,20-99人,未知,技术,测试,测试工程师
新能源动力电池检测测试工程师,7000-12000元,上海·松江·中山,谱尼测试,上市公司,1000-9999人,大专,1-3年,"测试, 锂电池",技术-测试-测试工程师,2026-05-20 18:09:12,7.0,12.0,9.5,12.0,114.0,monthly,上海,松江,中山,上市公司,1000-9999人,未知,技术,测试,测试工程师
汽车实验室EMC测试工程师,7000-9000元,上海·松江·中山,谱尼测试,上市公司,1000-9999人,本科,1-3年,电磁兼容测试,技术-测试-测试工程师,2026-05-20 18:09:12,7.0,9.0,8.0,12.0,96.0,monthly,上海,松江,中山,上市公司,1000-9999人,未知,技术,测试,测试工程师
新能源实验室振动测试工程师,7000-9000元,上海·松江·中山,谱尼测试,上市公司,1000-9999人,大专,1-3年,振动测试,技术-测试-测试工程师,2026-05-20 18:09:13,7.0,9.0,8.0,12.0,96.0,monthly,上海,松江,中山,上市公司,1000-9999人,未知,技术,测试,测试工程师
可靠性测试工程师,面议,上海·青浦·金泽,中软国际,上市公司,10000人以上,本科,经验不限,可靠性测试,技术-测试-测试工程师,2026-05-20 18:09:12,,,,,,negotiable,上海,青浦,金泽,上市公司,10000人以上,未知,技术,测试,测试工程师
软件测试高级工程师,2.5-4万·13薪,上海·浦东·张江,江苏东华测试技术股份有限公司,上市公司,500-999人,本科,5-10年,"自动化测试, 系统测试, 单元测试, C, C++, C#, TESTBED",技术-测试-软件测试,2026-05-20 18:10:04,25.0,40.0,32.5,13.0,422.5,monthly,上海,浦东,张江,上市公司,500-999人,未知,技术,测试,软件测试
车身域软件测试和标定工程师,2.5-3.5万,上海·浦东·金桥,外企德科人力资源服务安徽有限公司,合资,10000人以上,本科,3-5年,"车身, 软件测试, 标定工程师",技术-测试-软件测试,2026-05-20 18:10:05,25.0,35.0,30.0,12.0,360.0,monthly,上海,浦东,金桥,合资,10000人以上,未知,技术,测试,软件测试
java/Python/C/C++/JS/AI算法/软件测试,2-4万·14薪,上海·青浦·金泽,外企德科数字技术有限公司,合资,10000人以上,本科,经验不限,"Python, C语言, Java, 五险一金, 全程线上面试",技术-测试-软件测试,2026-05-20 18:10:14,20.0,40.0,30.0,14.0,420.0,monthly,上海,青浦,金泽,合资,10000人以上,未知,技术,测试,软件测试
车身域软件测试和标定工程师（国企正编）,1.8-3万,上海·浦东·金桥,外企德科人力资源服务安徽有限公司,合资,10000人以上,本科,3-5年,"乘用车, 整车标定, 车身域测试",技术-测试-软件测试,2026-05-20 18:10:14,18.0,30.0,24.0,12.0,288.0,monthly,上海,浦东,金桥,合资,10000人以上,未知,技术,测试,软件测试
软件开发/软件测试（接受25届，导师带教）,1.5-3万,上海·青浦·金泽,外企德科数字技术有限公司,合资,10000人以上,学历不限,经验不限,"C++, Python, Oracle, 数据结构, Redis",技术-测试-软件测试,2026-05-20 18:10:04,15.0,30.0,22.5,12.0,270.0,monthly,上海,青浦,金泽,合资,10000人以上,未知,技术,测试,软件测试
软件开发/软件测试工程师，25届可投,1.5-3万·14薪,上海·青浦·金泽,外企德科数字技术有限公司,合资,10000人以上,本科,经验不限,"Java, Python, C/C++, Golang",技术-测试-软件测试,2026-05-20 18:10:05,15.0,30.0,22.5,14.0,315.0,monthly,上海,青浦,金泽,合资,10000人以上,未知,技术,测试,软件测试
软件测试工程师/自动化/硬件测试等（接受25届无经验）,1.5-3万·14薪,上海·浦东·金桥,外企德科数字技术有限公司,合资,10000人以上,本科,经验不限,自动化测试,技术-测试-软件测试,2026-05-20 18:10:33,15.0,30.0,22.5,14.0,315.0,monthly,上海,浦东,金桥,合资,10000人以上,未知,技术,测试,软件测试
软件开发/软件测试,1.3-2.6万,上海·青浦·金泽,外企德科数字技术有限公司,合资,10000人以上,本科,经验不限,"C语言, Python, Java",技术-测试-软件测试,2026-05-20 18:10:05,13.0,26.0,19.5,12.0,234.0,monthly,上海,青浦,金泽,合资,10000人以上,未知,技术,测试,软件测试
软件开发工程师（前端/后端/软件测试）,1.2-2.4万·14薪,上海·浦东·金桥,外企德科数字技术有限公司,合资,10000人以上,本科,经验不限,"C++, Python, C",技术-测试-软件测试,2026-05-20 18:10:05,12.0,24.0,18.0,14.0,252.0,monthly,上海,浦东,金桥,合资,10000人以上,未知,技术,测试,软件测试
软件测试工程师（实车验证）,1.7-1.8万,上海·闵行·新虹,中科创达软件股份有限公司,合资,1000-9999人,本科,3-5年,,技术-测试-软件测试,2026-05-20 18:10:03,17.0,18.0,17.5,12.0,210.0,monthly,上海,闵行,新虹,合资,1000-9999人,未知,技术,测试,软件测试
软件测试工程师,1-2万,上海·闵行·吴泾,安徽中科国创高可信软件有限公司,其它,100-299人,本科,经验不限,"C, Python, Makefile",技术-测试-软件测试,2026-05-20 18:10:03,10.0,20.0,15.0,12.0,180.0,monthly,上海,闵行,吴泾,其它,100-299人,未知,技术,测试,软件测试
软件测试工程师-常驻上海,1.2-1.8万,上海·闵行·吴泾,安徽中科国创高可信软件有限公司,其它,100-299人,本科,1-3年,"C, Python, 白盒测试, 黑盒测试, 单元测试",技术-测试-软件测试,2026-05-20 18:10:04,12.0,18.0,15.0,12.0,180.0,monthly,上海,闵行,吴泾,其它,100-299人,未知,技术,测试,软件测试
软件测试工程师-常驻上海,1-2万·14薪,上海·闵行·吴泾,安徽中科国创高可信软件有限公司,其它,100-299人,本科,1-3年,,技术-测试-软件测试,2026-05-20 18:10:04,10.0,20.0,15.0,14.0,210.0,monthly,上海,闵行,吴泾,其它,100-299人,未知,技术,测试,软件测试
软件测试经理（长期项目，base嘉兴）,1.4-1.6万,上海·徐汇·虹梅路,深圳建广数字科技有限公司青岛分公司,民营,20人以下,大专,5-10年,"自动化测试, 功能测试, 软件测试, 性能测试, 周末双休",技术-测试-软件测试,2026-05-20 18:10:04,14.0,16.0,15.0,12.0,180.0,monthly,上海,徐汇,虹梅路,民营,20人以下,未知,技术,测试,软件测试
软件测试,1.3-1.6万,上海·长宁·新泾,上海微创软件股份有限公司,合资,10000人以上,大专,3-5年,"功能测试, 自动化测试, 性能测试, Java, Python, Selenium",技术-测试-软件测试,2026-05-20 18:10:04,13.0,16.0,14.5,12.0,174.0,monthly,上海,长宁,新泾,合资,10000人以上,未知,技术,测试,软件测试
软件测试工程师,1-1.7万,上海·徐汇·斜土路,深圳市紫川软件有限公司,民营,500-999人,本科,5-10年,"自动化测试, Java, Python, JIRA, Jmeter",技术-测试-软件测试,2026-05-20 18:10:04,10.0,17.0,13.5,12.0,162.0,monthly,上海,徐汇,斜土路,民营,500-999人,未知,技术,测试,软件测试
软件测试工程师,1-1.5万,上海·浦东·潍坊新村,黑龙江海康软件工程有限公司,股份制企业,500-999人,本科,5-10年,"自动化测试, 禅道, Postman, APIFOX, linux, 数据库",技术-测试-软件测试,2026-05-20 18:10:03,10.0,15.0,12.5,12.0,150.0,monthly,上海,浦东,潍坊新村,股份制企业,500-999人,未知,技术,测试,软件测试
软件测试工程师,1-1.5万,上海·浦东·洋泾,深圳市紫川软件有限公司,民营,500-999人,本科,3-5年,自动化测试,技术-测试-软件测试,2026-05-20 18:10:04,10.0,15.0,12.5,12.0,150.0,monthly,上海,浦东,洋泾,民营,500-999人,未知,技术,测试,软件测试
上海-软件测试（金融行业金融交易系统测试经验）,1.1-1.4万,上海·浦东·唐镇,中科软科技股份有限公司,股份制企业,1000-9999人,本科,3-5年,"功能测试, 自动化测试, 金融外汇交易, 金融交易, 股票交易",技术-测试-软件测试,2026-05-20 18:10:05,11.0,14.0,12.5,12.0,150.0,monthly,上海,浦东,唐镇,股份制企业,1000-9999人,未知,技术,测试,软件测试
软件测试工程师,1-1.4万,上海·浦东·唐镇,深圳市紫川软件有限公司,民营,500-999人,本科,3-5年,"自动化测试, Python, Java",技术-测试-软件测试,2026-05-20 18:10:04,10.0,14.0,12.0,12.0,144.0,monthly,上海,浦东,唐镇,民营,500-999人,未知,技术,测试,软件测试
软件测试工程师,1-1.2万,上海·浦东·康桥,深德科,民营,1000-9999人,本科,3-5年,"安全测试, 自动化测试, 机器人行业, 体验测试, 纯软件测试",技术-测试-软件测试,2026-05-20 18:10:05,10.0,12.0,11.0,12.0,132.0,monthly,上海,浦东,康桥,民营,1000-9999人,未知,技术,测试,软件测试
软件测试,8000-13000元,上海·崇明·南京东路,长沙恩欣科技有限公司,20-99人,软件/IT服务,学历不限,经验不限,,技术-测试-软件测试,2026-05-20 18:10:04,8.0,13.0,10.5,12.0,126.0,monthly,上海,崇明,南京东路,软件/IT服务,20-99人,未知,技术,测试,软件测试
软件测试工程师,8000-12000元,上海·闵行·新虹,中科软科技股份有限公司,股份制企业,1000-9999人,本科,3-5年,"功能测试, 接口测试, 手机测试, APP测试, iOS测试",技术-测试-软件测试,2026-05-20 18:10:15,8.0,12.0,10.0,12.0,120.0,monthly,上海,闵行,新虹,股份制企业,1000-9999人,未知,技术,测试,软件测试
软件测试工程师,5000-10000元,上海·静安·大宁路,上海宜软检测技术有限公司,民营,20-99人,本科,1-3年,"安全测试, 性能测试, 渗透测试",技术-测试-软件测试,2026-05-20 18:10:05,5.0,10.0,7.5,12.0,90.0,monthly,上海,静安,大宁路,民营,20-99人,未知,技术,测试,软件测试
PLC嵌入式硬件工程师(J10015)-全球化工作机会,2-4万,上海·长宁·新泾,江苏省精创电气股份有限公司,上市公司,500-999人,本科,5-10年,"PLC设计, 汇川, 西门子, 电气设备, 工控设备",电子/通信/半导体-硬件开发-嵌入式硬件,2026-05-20 18:32:54,20.0,40.0,30.0,12.0,360.0,monthly,上海,长宁,新泾,上市公司,500-999人,未知,电子/通信/半导体,硬件开发,嵌入式硬件
高级嵌入式硬件工程师,2.5-3.5万·13薪,上海·闵行·新虹,江苏新恒源能源技术有限公司,民营,1000-9999人,本科,5-10年,单片机,电子/通信/半导体-硬件开发-嵌入式硬件,2026-05-20 18:32:54,25.0,35.0,30.0,13.0,390.0,monthly,上海,闵行,新虹,民营,1000-9999人,未知,电子/通信/半导体,硬件开发,嵌入式硬件
嵌入式硬件工程师,1.5-3万,上海·徐汇·田林,南京云昇信息技术有限公司,民营,20人以下,大专,经验不限,硬件产品,电子/通信/半导体-硬件开发-嵌入式硬件,2026-05-20 18:32:53,15.0,30.0,22.5,12.0,270.0,monthly,上海,徐汇,田林,民营,20人以下,未知,电子/通信/半导体,硬件开发,嵌入式硬件
嵌入式硬件平台工程师(J10251),1.5-3万·15薪,上海·宝山·淞南,为恒智能科技股份有限公司,合资,500-999人,本科,1-3年,"嵌入式硬件方案规划, 硬件调试与验证, PCB 设计与优化, 储能产品",电子/通信/半导体-硬件开发-嵌入式硬件,2026-05-20 18:32:54,15.0,30.0,22.5,15.0,337.5,monthly,上海,宝山,淞南,合资,500-999人,未知,电子/通信/半导体,硬件开发,嵌入式硬件
嵌入式硬件工程师,1.5-3万,上海·松江·新桥,杭州新剑机电传动股份有限公司,股份制企业,300-499人,本科,5-10年,PCB布局与布线,电子/通信/半导体-硬件开发-嵌入式硬件,2026-05-20 18:32:54,15.0,30.0,22.5,12.0,270.0,monthly,上海,松江,新桥,股份制企业,300-499人,未知,电子/通信/半导体,硬件开发,嵌入式硬件
嵌入式硬件工程师,1.8-2.5万·13薪,上海·松江·泗泾,上海佰微电子有限公司,民营,20-99人,大专,3-5年,"PCB, 单片机, 电路设计, ARM, CORTEX, Layout, 电源",电子/通信/半导体-硬件开发-嵌入式硬件,2026-05-20 18:32:53,18.0,25.0,21.5,13.0,279.5,monthly,上海,松江,泗泾,民营,20-99人,未知,电子/通信/半导体,硬件开发,嵌入式硬件
嵌入式硬件工程师（26届）,1.8-2.2万,上海·浦东·张江,北京筑英达信息技术有限公司,民营,10000人以上,本科,经验不限,,电子/通信/半导体-硬件开发-嵌入式硬件,2026-05-20 18:32:53,18.0,22.0,20.0,12.0,240.0,monthly,上海,浦东,张江,民营,10000人以上,未知,电子/通信/半导体,硬件开发,嵌入式硬件
嵌入式硬件工程师,1.5-2.5万,上海·嘉定,博康集团,民营,100-299人,本科,3-5年,"ARM处理器, 消防探测产品开发",电子/通信/半导体-硬件开发-嵌入式硬件,2026-05-20 18:32:53,15.0,25.0,20.0,12.0,240.0,monthly,上海,嘉定,,民营,100-299人,未知,电子/通信/半导体,硬件开发,嵌入式硬件
嵌入式硬件工程师,1.5-2.5万,上海·宝山·大场,苏州旷途科技有限公司,100-299人,技术服务,本科,3-5年,,电子/通信/半导体-硬件开发-嵌入式硬件,2026-05-20 18:32:54,15.0,25.0,20.0,12.0,240.0,monthly,上海,宝山,大场,技术服务,100-299人,未知,电子/通信/半导体,硬件开发,嵌入式硬件
嵌入式硬件工程师,1.5-2.5万,上海·金山·亭林,东富龙科技集团股份有限公司,上市公司,1000-9999人,本科,5-10年,"单片机, 嵌入式",电子/通信/半导体-硬件开发-嵌入式硬件,2026-05-20 18:32:54,15.0,25.0,20.0,12.0,240.0,monthly,上海,金山,亭林,上市公司,1000-9999人,未知,电子/通信/半导体,硬件开发,嵌入式硬件
嵌入式硬件开发工程师,1.2-2.4万,上海·嘉定·徐行,上海华依科技集团股份有限公司,上市公司,300-499人,本科,1-3年,"原理图设计, 硬件测试, 器件选型, PCB设计, 硬件电路设计",电子/通信/半导体-硬件开发-嵌入式硬件,2026-05-20 18:32:53,12.0,24.0,18.0,12.0,216.0,monthly,上海,嘉定,徐行,上市公司,300-499人,未知,电子/通信/半导体,硬件开发,嵌入式硬件
嵌入式硬件工程师,1.2-2.2万,上海·青浦·徐泾,上海希格玛高技术有限公司,民营,100-299人,本科,3-5年,"单片机, STM32, 51系列",电子/通信/半导体-硬件开发-嵌入式硬件,2026-05-20 18:32:54,12.0,22.0,17.0,12.0,204.0,monthly,上海,青浦,徐泾,民营,100-299人,未知,电子/通信/半导体,硬件开发,嵌入式硬件
嵌入式硬件开发,1.1-2.2万,上海·奉贤·金汇,上海沪正实业有限公司,民营,100-299人,本科,1-3年,"单片机, 硬件电路设计, PCB LAYOUT, 固件开发",电子/通信/半导体-硬件开发-嵌入式硬件,2026-05-20 18:32:53,11.0,22.0,16.5,12.0,198.0,monthly,上海,奉贤,金汇,民营,100-299人,未知,电子/通信/半导体,硬件开发,嵌入式硬件
嵌入式硬件工程师,1.2-2万·13薪,上海·黄浦·五里桥,淄博祥龙测控技术有限公司,股份制企业,100-299人,本科,1-3年,"传感器研发, 数模, 激光传感器",电子/通信/半导体-硬件开发-嵌入式硬件,2026-05-20 18:32:54,12.0,20.0,16.0,13.0,208.0,monthly,上海,黄浦,五里桥,股份制企业,100-299人,未知,电子/通信/半导体,硬件开发,嵌入式硬件
嵌入式硬件工程师,1.2-1.9万,上海·松江·中山,上海是杰工业技术有限公司,民营,20-99人,本科,3-5年,,电子/通信/半导体-硬件开发-嵌入式硬件,2026-05-20 18:32:54,12.0,19.0,15.5,12.0,186.0,monthly,上海,松江,中山,民营,20-99人,未知,电子/通信/半导体,硬件开发,嵌入式硬件
嵌入式硬件工程师,1-2万,上海·静安·彭浦,江苏全栈智能科技有限公司,民营,20-99人,本科,1-3年,"单片机, ARM处理器, FPGA",电子/通信/半导体-硬件开发-嵌入式硬件,2026-05-20 18:32:53,10.0,20.0,15.0,12.0,180.0,monthly,上海,静安,彭浦,民营,20-99人,未知,电子/通信/半导体,硬件开发,嵌入式硬件
嵌入式硬件工程师,1-2万,上海·松江·新桥,上海形状记忆合金材料有限公司,上市公司,20-99人,本科,1-3年,,电子/通信/半导体-硬件开发-嵌入式硬件,2026-05-20 18:32:54,10.0,20.0,15.0,12.0,180.0,monthly,上海,松江,新桥,上市公司,20-99人,未知,电子/通信/半导体,硬件开发,嵌入式硬件
嵌入式硬件工程师,1.2-1.8万,上海·闵行·吴泾,上海诗敏教学设备有限公司,民营,20-99人,本科,1-3年,"FreeRTOS, PCB设计, 下位机, 单片机, ARM处理器, FPGA",电子/通信/半导体-硬件开发-嵌入式硬件,2026-05-20 18:32:54,12.0,18.0,15.0,12.0,180.0,monthly,上海,闵行,吴泾,民营,20-99人,未知,电子/通信/半导体,硬件开发,嵌入式硬件
嵌入式硬件工程师（会KiCad）,9000-11000元,上海·杨浦·五角场,河南企宝宝企业管理咨询有限公司,民营,20-99人,学历不限,经验不限,逻辑分析仪,电子/通信/半导体-硬件开发-嵌入式硬件,2026-05-20 18:32:54,9.0,11.0,10.0,12.0,120.0,monthly,上海,杨浦,五角场,民营,20-99人,未知,电子/通信/半导体,硬件开发,嵌入式硬件
嵌入式硬件开发工程师,8000-10000元·14薪,上海·松江·中山,嘉强(上海)智能科技股份公司,民营,300-499人,本科,1-3年,,电子/通信/半导体-硬件开发-嵌入式硬件,2026-05-20 18:32:53,8.0,10.0,9.0,14.0,126.0,monthly,上海,松江,中山,民营,300-499人,未知,电子/通信/半导体,硬件开发,嵌入式硬件
主任电力电子硬件工程师,2.5-4万·16薪,上海·闵行·颛桥,思源电气,民营,1000-9999人,硕士,10年以上,"功率组件开发, 电源系统开发, 二极管, IGBT, 晶闸管, 电源",电子/通信/半导体-硬件开发-硬件工程师,2026-05-20 18:33:38,25.0,40.0,32.5,16.0,520.0,monthly,上海,闵行,颛桥,民营,1000-9999人,未知,电子/通信/半导体,硬件开发,硬件工程师
电力电子硬件工程师,2-3万·16薪,上海·闵行·颛桥,思源电气,民营,1000-9999人,硕士,3-5年,"变流器, 电源, IGBT, 电容, 变压器, 硬件开发, MATLAB",电子/通信/半导体-硬件开发-硬件工程师,2026-05-20 18:33:37,20.0,30.0,25.0,16.0,400.0,monthly,上海,闵行,颛桥,民营,1000-9999人,未知,电子/通信/半导体,硬件开发,硬件工程师
硬件工程师（超声设备/医疗器械）,2-3万·14薪,上海·黄浦·五里桥,英特利普(上海)信息技术有限公司,外商独资,1000-9999人,本科,3-5年,"Altium Designer, Cadence",电子/通信/半导体-硬件开发-硬件工程师,2026-05-20 18:33:38,20.0,30.0,25.0,14.0,350.0,monthly,上海,黄浦,五里桥,外商独资,1000-9999人,未知,电子/通信/半导体,硬件开发,硬件工程师
高级硬件工程师（汽车电子方向）,1.8-3万·16薪,上海·闵行·颛桥,思源电气,民营,1000-9999人,本科,5-10年,"BMS硬件, DCDC",电子/通信/半导体-硬件开发-硬件工程师,2026-05-20 18:33:39,18.0,30.0,24.0,16.0,384.0,monthly,上海,闵行,颛桥,民营,1000-9999人,未知,电子/通信/半导体,硬件开发,硬件工程师
家用硬件工程师,2-2.6万,上海·浦东·张江,日通技研(杭州)科技有限公司,民营,20-99人,本科,3-5年,"硬件测试, 技术支持",电子/通信/半导体-硬件开发-硬件工程师,2026-05-20 18:33:37,20.0,26.0,23.0,12.0,276.0,monthly,上海,浦东,张江,民营,20-99人,未知,电子/通信/半导体,硬件开发,硬件工程师
高级硬件工程师（汽车电子方向）,1.5-3万·15薪,上海·闵行·颛桥,思源电气,民营,1000-9999人,本科,3-5年,"BMS, 硬件",电子/通信/半导体-硬件开发-硬件工程师,2026-05-20 18:33:38,15.0,30.0,22.5,15.0,337.5,monthly,上海,闵行,颛桥,民营,1000-9999人,未知,电子/通信/半导体,硬件开发,硬件工程师
嵌入式硬件工程师,1.8-2.5万·13薪,上海·松江·泗泾,上海佰微电子有限公司,民营,20-99人,大专,3-5年,"PCB, 单片机, 电路设计, ARM, CORTEX, Layout, 电源",电子/通信/半导体-硬件开发-硬件工程师,2026-05-20 18:33:38,18.0,25.0,21.5,13.0,279.5,monthly,上海,松江,泗泾,民营,20-99人,未知,电子/通信/半导体,硬件开发,硬件工程师
通信硬件工程师,1.8-2.5万,上海·杨浦·江浦路,上海电控研究所有限公司,其它,500-999人,硕士,3-5年,硬件测试,电子/通信/半导体-硬件开发-硬件工程师,2026-05-20 18:33:39,18.0,25.0,21.5,12.0,258.0,monthly,上海,杨浦,江浦路,其它,500-999人,未知,电子/通信/半导体,硬件开发,硬件工程师
嵌入式硬件工程师（26届）,1.8-2.2万,上海·浦东·张江,北京筑英达信息技术有限公司,民营,10000人以上,本科,经验不限,,电子/通信/半导体-硬件开发-硬件工程师,2026-05-20 18:33:38,18.0,22.0,20.0,12.0,240.0,monthly,上海,浦东,张江,民营,10000人以上,未知,电子/通信/半导体,硬件开发,硬件工程师
高级硬件工程师,1.5-2万,上海·闵行·颛桥,上海通立信息科技有限公司,民营,20-99人,本科,3-5年,硬件开发,电子/通信/半导体-硬件开发-硬件工程师,2026-05-20 18:33:38,15.0,20.0,17.5,12.0,210.0,monthly,上海,闵行,颛桥,民营,20-99人,未知,电子/通信/半导体,硬件开发,硬件工程师
售前FAE硬件工程师,1.3-2万,上海·闵行·江川路,安徽锐核电子科技有限公司,股份制企业,20-99人,本科,1-3年,"C语言, 示波器, 万用表, 逻辑分析仪, 信号发生器, 频谱仪",电子/通信/半导体-硬件开发-硬件工程师,2026-05-20 18:33:37,13.0,20.0,16.5,12.0,198.0,monthly,上海,闵行,江川路,股份制企业,20-99人,未知,电子/通信/半导体,硬件开发,硬件工程师
硬件工程师,1.2-2万,上海·嘉定·南翔,上海辛盾自动化科技有限公司,民营,100-299人,大专,1-3年,,电子/通信/半导体-硬件开发-硬件工程师,2026-05-20 18:33:37,12.0,20.0,16.0,12.0,192.0,monthly,上海,嘉定,南翔,民营,100-299人,未知,电子/通信/半导体,硬件开发,硬件工程师
电子硬件工程师,1.2-2万·13薪,上海·宝山·大场,锦虹晶体材料(上海)有限公司,民营,20-99人,本科,3-5年,"信号处理, 模拟电路, 设计, 技术支持",电子/通信/半导体-硬件开发-硬件工程师,2026-05-20 18:33:39,12.0,20.0,16.0,13.0,208.0,monthly,上海,宝山,大场,民营,20-99人,未知,电子/通信/半导体,硬件开发,硬件工程师
高压电控硬件工程师-德资上市企业-双休,1.2-1.9万,上海·嘉定·安亭,万宝盛华企业管理咨询（上海）有限公司,上市公司,500-999人,本科,3-5年,"硬件开发, 高压电机控制器, 汽车电驱动",电子/通信/半导体-硬件开发-硬件工程师,2026-05-20 18:33:38,12.0,19.0,15.5,12.0,186.0,monthly,上海,嘉定,安亭,上市公司,500-999人,未知,电子/通信/半导体,硬件开发,硬件工程师
嵌入式硬件工程师,1-2万,上海·静安·彭浦,江苏全栈智能科技有限公司,民营,20-99人,本科,1-3年,"单片机, ARM处理器, FPGA",电子/通信/半导体-硬件开发-硬件工程师,2026-05-20 18:33:37,10.0,20.0,15.0,12.0,180.0,monthly,上海,静安,彭浦,民营,20-99人,未知,电子/通信/半导体,硬件开发,硬件工程师
nvh工程师/硬件工程师,1.1-1.6万,上海·青浦·赵巷,软通动力信息技术(集团)股份有限公司,上市公司,10000人以上,本科,3-5年,"汽车NVH开发, 汽车NVH诊断, 汽车NVH测试, 汽车NVH仿真",电子/通信/半导体-硬件开发-硬件工程师,2026-05-20 18:33:39,11.0,16.0,13.5,12.0,162.0,monthly,上海,青浦,赵巷,上市公司,10000人以上,未知,电子/通信/半导体,硬件开发,硬件工程师
硬件工程师（可培养+双休+五险一金）,9000-18000元,上海·青浦·金泽,软通动力信息技术(集团)股份有限公司,上市公司,10000人以上,本科,经验不限,硬件测试,电子/通信/半导体-硬件开发-硬件工程师,2026-05-20 18:33:49,9.0,18.0,13.5,12.0,162.0,monthly,上海,青浦,金泽,上市公司,10000人以上,未知,电子/通信/半导体,硬件开发,硬件工程师
硬件工程师（应届硕士）,1-1.2万·15薪,上海·浦东·周家渡,柏飞电子,国企,300-499人,硕士,经验不限,民航,电子/通信/半导体-硬件开发-硬件工程师,2026-05-20 18:33:38,10.0,12.0,11.0,15.0,165.0,monthly,上海,浦东,周家渡,国企,300-499人,未知,电子/通信/半导体,硬件开发,硬件工程师
电子硬件工程师,7000-12000元,上海·浦东·航头,爱谱华顿,合资,1000-9999人,本科,1-3年,"硬件电路设计能力, 弱电, 安防, 12V/24V 供电, NC/NO 信号",电子/通信/半导体-硬件开发-硬件工程师,2026-05-20 18:33:37,7.0,12.0,9.5,12.0,114.0,monthly,上海,浦东,航头,合资,1000-9999人,未知,电子/通信/半导体,硬件开发,硬件工程师
电源硬件工程师,面议,上海·青浦·香花桥,青鸟智慧控制科技股份有限公司,上市公司,500-999人,本科,10年以上,"开关电源设计, 模拟电路设计, 消防电源开发",电子/通信/半导体-硬件开发-硬件工程师,2026-05-20 18:33:38,,,,,,negotiable,上海,青浦,香花桥,上市公司,500-999人,未知,电子/通信/半导体,硬件开发,硬件工程师
数通工程师（上海）,1.1-1.8万,上海·浦东·金桥,嘉环科技股份有限公司,民营,10000人以上,本科,1-3年,"网络交换技术, 网络协议, HCIE",电子/通信/半导体-通信-数据通信工程师,2026-05-20 18:21:35,11.0,18.0,14.5,12.0,174.0,monthly,上海,浦东,金桥,民营,10000人以上,未知,电子/通信/半导体,通信,数据通信工程师
通信工程（土建设计）,1.1-1.5万,上海·崇明·城桥,福州毅力通通信服务有限公司,民营,20-99人,本科,10年以上,"通信工程, 结构设计师",电子/通信/半导体-通信-数据通信工程师,2026-05-20 18:21:35,11.0,15.0,13.0,12.0,156.0,monthly,上海,崇明,城桥,民营,20-99人,未知,电子/通信/半导体,通信,数据通信工程师
硬件测试 24、25届通信工程来,8000-13000元,上海·青浦·金泽,软通动力信息技术(集团)股份有限公司,上市公司,10000人以上,本科,经验不限,"功能测试, 性能测试, 可靠性测试, 示波器, 万用表",电子/通信/半导体-通信-数据通信工程师,2026-05-20 18:21:35,8.0,13.0,10.5,12.0,126.0,monthly,上海,青浦,金泽,上市公司,10000人以上,未知,电子/通信/半导体,通信,数据通信工程师
通信工程资料员,8000-10000元,上海·浦东·陆家嘴,浙江金诺通科技有限公司,民营,100-299人,本科,经验不限,"通信设备装维, 通信接口/总线, 光通信, 通信协议/软件开发",电子/通信/半导体-通信-数据通信工程师,2026-05-20 18:21:35,8.0,10.0,9.0,12.0,108.0,monthly,上海,浦东,陆家嘴,民营,100-299人,未知,电子/通信/半导体,通信,数据通信工程师
通信工程资料员,5000-8000元,上海·宝山·顾村,上海银恒通讯工程有限公司,合资,100-299人,大专,经验不限,"安装工程, 通信工程, 弱电工程, 工程竣工资料, 工程施工资料",电子/通信/半导体-通信-数据通信工程师,2026-05-20 18:21:35,5.0,8.0,6.5,12.0,78.0,monthly,上海,宝山,顾村,合资,100-299人,未知,电子/通信/半导体,通信,数据通信工程师
6G星载再生载荷关键技术与和系统研究通信算法系统工程师,2.5-5万,上海·长宁·华阳路,中国科学院上海微系统与信息技术研究所,事业单位,500-999人,硕士,10年以上,"FPGA, 卫星通信",电子/通信/半导体-通信-通信技术工程师,2026-05-20 18:19:57,25.0,50.0,37.5,12.0,450.0,monthly,上海,长宁,华阳路,事业单位,500-999人,未知,电子/通信/半导体,通信,通信技术工程师
技术中心主管,2.5-3万,上海·杨浦·新江湾城,深圳市汇德信息技术服务科技有限公司,民营,500-999人,本科,5-10年,"建筑施工管理, 市政工程, 轨道工程, 公共设施建筑, 施工单位",电子/通信/半导体-通信-通信技术工程师,2026-05-20 18:19:58,25.0,30.0,27.5,12.0,330.0,monthly,上海,杨浦,新江湾城,民营,500-999人,未知,电子/通信/半导体,通信,通信技术工程师
分子技术经理,1.5-2.5万·14薪,上海·浦东·高东,博瑞策生物技术(上海)有限公司,100-299人,生物/制药,本科,3-5年,,电子/通信/半导体-通信-通信技术工程师,2026-05-20 18:19:57,15.0,25.0,20.0,14.0,280.0,monthly,上海,浦东,高东,生物/制药,100-299人,未知,电子/通信/半导体,通信,通信技术工程师
工程技术工程师（航空部件维修）,1.1-1.5万·13薪,上海·浦东·祝桥,上海航新航宇机械技术有限公司,民营,100-299人,本科,1-3年,"附件维修, 民用飞机, 军用飞机",电子/通信/半导体-通信-通信技术工程师,2026-05-20 18:20:08,11.0,15.0,13.0,13.0,169.0,monthly,上海,浦东,祝桥,民营,100-299人,未知,电子/通信/半导体,通信,通信技术工程师
通信技术工程师,8000-16000元,上海·徐汇·虹梅路,上海科光通信技术有限公司,民营,20-99人,大专,经验不限,"光传输, 传输网, 光网络, 定位故障, 网络割接, 安装调试",电子/通信/半导体-通信-通信技术工程师,2026-05-20 18:19:56,8.0,16.0,12.0,12.0,144.0,monthly,上海,徐汇,虹梅路,民营,20-99人,未知,电子/通信/半导体,通信,通信技术工程师
大数据技术专业教师,9000-15000元,上海·闵行·吴泾,上海东海职业技术学院,民营,100-299人,硕士,经验不限,"计算机类, 授课老师, 线下教育",电子/通信/半导体-通信-通信技术工程师,2026-05-20 18:19:58,9.0,15.0,12.0,12.0,144.0,monthly,上海,闵行,吴泾,民营,100-299人,未知,电子/通信/半导体,通信,通信技术工程师
计算机应用技术专业教师,9000-15000元,上海·闵行·吴泾,上海东海职业技术学院,民营,100-299人,硕士,经验不限,"计算机类, 授课老师, 线下教育",电子/通信/半导体-通信-通信技术工程师,2026-05-20 18:20:08,9.0,15.0,12.0,12.0,144.0,monthly,上海,闵行,吴泾,民营,100-299人,未知,电子/通信/半导体,通信,通信技术工程师
通信技术工程师,9000-14000元,上海·杨浦·新江湾城,四川犇锋电子科技有限公司,100-299人,半导体/芯片,本科,1-3年,"移动通信, 需求规格说明书, 技术文档编写, 跨部门沟通",电子/通信/半导体-通信-通信技术工程师,2026-05-20 18:19:57,9.0,14.0,11.5,12.0,138.0,monthly,上海,杨浦,新江湾城,半导体/芯片,100-299人,未知,电子/通信/半导体,通信,通信技术工程师
技术支持-理化分析仪器（ICP-MS）,1-1.3万,上海·浦东·金桥,上海申善医疗技术有限公司,20人以下,医疗设备/器械/耗材,硕士,1-3年,"液相色谱仪, 化工产品, 化学品, 制剂产品, 气相色谱仪, 光谱仪",电子/通信/半导体-通信-通信技术工程师,2026-05-20 18:19:58,10.0,13.0,11.5,12.0,138.0,monthly,上海,浦东,金桥,医疗设备/器械/耗材,20人以下,未知,电子/通信/半导体,通信,通信技术工程师
装配/调测技术员（大厂/六险一金/年终）,8000-15000元·13薪,上海·浦东·唐镇,外企德科数字技术有限公司,合资,10000人以上,大专,1-3年,"安装/调试, 售后支持, 仪器仪表, 机械设备",电子/通信/半导体-通信-通信技术工程师,2026-05-20 18:19:58,8.0,15.0,11.5,13.0,149.5,monthly,上海,浦东,唐镇,合资,10000人以上,未知,电子/通信/半导体,通信,通信技术工程师
半导体封装技术工程师（双休-远程面试）,9000-14000元,上海·青浦·赵巷,软通动力信息技术(集团)股份有限公司,上市公司,10000人以上,本科,1-3年,"封装工艺, 芯片封装, 半导体设备操作维护, 工艺参数管控",电子/通信/半导体-通信-通信技术工程师,2026-05-20 18:20:17,9.0,14.0,11.5,12.0,138.0,monthly,上海,青浦,赵巷,上市公司,10000人以上,未知,电子/通信/半导体,通信,通信技术工程师
硬件测试 24、25届通信工程来,8000-13000元,上海·青浦·金泽,软通动力信息技术(集团)股份有限公司,上市公司,10000人以上,本科,经验不限,"功能测试, 性能测试, 可靠性测试, 示波器, 万用表",电子/通信/半导体-通信-通信技术工程师,2026-05-20 18:19:57,8.0,13.0,10.5,12.0,126.0,monthly,上海,青浦,金泽,上市公司,10000人以上,未知,电子/通信/半导体,通信,通信技术工程师
资料开发/技术文档工程师,7000-12000元·13薪,上海·浦东·金桥,软通动力信息技术(集团)股份有限公司,上市公司,10000人以上,本科,3-5年,"voc, 资料管理",电子/通信/半导体-通信-通信技术工程师,2026-05-20 18:19:57,7.0,12.0,9.5,13.0,123.5,monthly,上海,浦东,金桥,上市公司,10000人以上,未知,电子/通信/半导体,通信,通信技术工程师
通信产品经理,7000-12000元,上海·普陀·真如,上海慧仁信息技术有限公司,民营,20-99人,本科,3-5年,通信项目管理,电子/通信/半导体-通信-通信技术工程师,2026-05-20 18:19:58,7.0,12.0,9.5,12.0,114.0,monthly,上海,普陀,真如,民营,20-99人,未知,电子/通信/半导体,通信,通信技术工程师
通信技术测试工程师（base上海）,8000-10000元,上海·浦东·金桥,浪潮集团,国企,10000人以上,本科,5-10年,"网优测试, 移动通信测试",电子/通信/半导体-通信-通信技术工程师,2026-05-20 18:19:57,8.0,10.0,9.0,12.0,108.0,monthly,上海,浦东,金桥,国企,10000人以上,未知,电子/通信/半导体,通信,通信技术工程师
通信技术工程师,7000-10000元,上海·闵行·新虹,上海栎仁信息技术有限公司,民营,20-99人,大专,经验不限,"运维, 网络运维, 硬件/设备运维, 数据通信",电子/通信/半导体-通信-通信技术工程师,2026-05-20 18:19:56,7.0,10.0,8.5,12.0,102.0,monthly,上海,闵行,新虹,民营,20-99人,未知,电子/通信/半导体,通信,通信技术工程师
技术人员,7000-10000元,上海·杨浦·大桥,上海德斯波测试技术有限公司,民营,20-99人,本科,3-5年,,电子/通信/半导体-通信-通信技术工程师,2026-05-20 18:19:57,7.0,10.0,8.5,12.0,102.0,monthly,上海,杨浦,大桥,民营,20-99人,未知,电子/通信/半导体,通信,通信技术工程师
新能源汽车技术 教师,7000-10000元,上海·闵行·吴泾,上海东海职业技术学院,民营,100-299人,硕士,经验不限,"线下授课, 教研",电子/通信/半导体-通信-通信技术工程师,2026-05-20 18:19:57,7.0,10.0,8.5,12.0,102.0,monthly,上海,闵行,吴泾,民营,100-299人,未知,电子/通信/半导体,通信,通信技术工程师
智能网联汽车技术教师,7000-10000元,上海·闵行·吴泾,上海东海职业技术学院,民营,100-299人,硕士,经验不限,"线下授课, 教研",电子/通信/半导体-通信-通信技术工程师,2026-05-20 18:19:58,7.0,10.0,8.5,12.0,102.0,monthly,上海,闵行,吴泾,民营,100-299人,未知,电子/通信/半导体,通信,通信技术工程师
机电一体化技术 教师,7000-10000元,上海·闵行·吴泾,上海东海职业技术学院,民营,100-299人,硕士,经验不限,"线下授课, 教研",电子/通信/半导体-通信-通信技术工程师,2026-05-20 18:19:58,7.0,10.0,8.5,12.0,102.0,monthly,上海,闵行,吴泾,民营,100-299人,未知,电子/通信/半导体,通信,通信技术工程师
工业机器人技术 教师,7000-10000元,上海·闵行·吴泾,上海东海职业技术学院,民营,100-299人,硕士,经验不限,"线下授课, 教研",电子/通信/半导体-通信-通信技术工程师,2026-05-20 18:20:07,7.0,10.0,8.5,12.0,102.0,monthly,上海,闵行,吴泾,民营,100-299人,未知,电子/通信/半导体,通信,通信技术工程师
集成电路技术教师,7000-10000元,上海·闵行·吴泾,上海东海职业技术学院,民营,100-299人,硕士,经验不限,"线下授课, 教研",电子/通信/半导体-通信-通信技术工程师,2026-05-20 18:20:08,7.0,10.0,8.5,12.0,102.0,monthly,上海,闵行,吴泾,民营,100-299人,未知,电子/通信/半导体,通信,通信技术工程师
通信技术工程师,6000-10000元,上海·闵行·七宝,莱盟通信科技(上海)有限公司,民营,20-99人,本科,1-3年,"5G, 4G, 无线通信, 优化测试",电子/通信/半导体-通信-通信技术工程师,2026-05-20 18:19:57,6.0,10.0,8.0,12.0,96.0,monthly,上海,闵行,七宝,民营,20-99人,未知,电子/通信/半导体,通信,通信技术工程师
电子设备装配调试技术员,6000-9000元,上海·闵行·吴泾,上海奥铁通讯技术有限公司,民营,20-99人,中专/中技,3-5年,"安装/调试, 元器件, 传感器",电子/通信/半导体-通信-通信技术工程师,2026-05-20 18:19:58,6.0,9.0,7.5,12.0,90.0,monthly,上海,闵行,吴泾,民营,20-99人,未知,电子/通信/半导体,通信,通信技术工程师
通信技术工程师 助理 / 实习生,3000-5000元,上海·浦东·陆家嘴,佰才邦,合资,500-999人,大专,经验不限,"无线通信, 移动通信, 数据通信, 实习生",电子/通信/半导体-通信-通信技术工程师,2026-05-20 18:19:57,3.0,5.0,4.0,12.0,48.0,monthly,上海,浦东,陆家嘴,合资,500-999人,未知,电子/通信/半导体,通信,通信技术工程师
Wireless FW软件工程师,2-3万,上海·浦东·张江,中电金信软件有限公司,国企,10000人以上,本科,3-5年,WiFi,电子/通信/半导体-通信-通信研发工程师,2026-05-20 18:20:48,20.0,30.0,25.0,12.0,300.0,monthly,上海,浦东,张江,国企,10000人以上,未知,电子/通信/半导体,通信,通信研发工程师
【测运控系统工程师】,1.5-3万,上海·徐汇·虹梅路,浙江时空道宇科技有限公司上海分公司,民营,100-299人,硕士,3-5年,"卫星通信, 卫星测运控",电子/通信/半导体-通信-通信研发工程师,2026-05-20 18:20:47,15.0,30.0,22.5,12.0,270.0,monthly,上海,徐汇,虹梅路,民营,100-299人,未知,电子/通信/半导体,通信,通信研发工程师
Autosar汽车通信工程师,2.1-2.3万,上海·浦东·曹路,东软集团(大连)有限公司,合资,500-999人,本科,1-3年,Autosar,电子/通信/半导体-通信-通信研发工程师,2026-05-20 18:20:48,21.0,23.0,22.0,12.0,264.0,monthly,上海,浦东,曹路,合资,500-999人,未知,电子/通信/半导体,通信,通信研发工程师
信号处理工程师,1.8-2.5万·15薪,上海·浦东·高桥,深亘信息科技(上海)有限公司,民营,20-99人,硕士,1-3年,"信号处理, 短波, 超短波, MATLAB, C语言, 卫星",电子/通信/半导体-通信-通信研发工程师,2026-05-20 18:20:47,18.0,25.0,21.5,15.0,322.5,monthly,上海,浦东,高桥,民营,20-99人,未知,电子/通信/半导体,通信,通信研发工程师
嵌入式无线物联网研发工程师,1.6-2.5万,上海·浦东·张江,江苏东华测试技术股份有限公司,上市公司,500-999人,本科,5-10年,"RTOS, C++, ZIGBEE、蓝牙协议",电子/通信/半导体-通信-通信研发工程师,2026-05-20 18:20:48,16.0,25.0,20.5,12.0,246.0,monthly,上海,浦东,张江,上市公司,500-999人,未知,电子/通信/半导体,通信,通信研发工程师
嵌入式无线物联网研发工程师,1.7-2.3万·13薪,上海·浦东·张江,江苏东华测试技术股份有限公司,上市公司,500-999人,本科,3-5年,"C语言, C++, 蓝牙/Wi-Fi, 通信接口/总线, 通信协议/软件开发",电子/通信/半导体-通信-通信研发工程师,2026-05-20 18:20:48,17.0,23.0,20.0,13.0,260.0,monthly,上海,浦东,张江,上市公司,500-999人,未知,电子/通信/半导体,通信,通信研发工程师
通信研发工程师,1.2-2.2万,上海·松江·中山,上海万泰数科软件有限公司,其它,100-299人,本科,3-5年,"通信设备开发, 5G, WiFi",电子/通信/半导体-通信-通信研发工程师,2026-05-20 18:20:46,12.0,22.0,17.0,12.0,204.0,monthly,上海,松江,中山,其它,100-299人,未知,电子/通信/半导体,通信,通信研发工程师
数通工程师（上海）,1.1-1.8万,上海·浦东·金桥,嘉环科技股份有限公司,民营,10000人以上,本科,1-3年,"网络交换技术, 网络协议, HCIE",电子/通信/半导体-通信-通信研发工程师,2026-05-20 18:20:48,11.0,18.0,14.5,12.0,174.0,monthly,上海,浦东,金桥,民营,10000人以上,未知,电子/通信/半导体,通信,通信研发工程师
通信工程（土建设计）,1.1-1.5万,上海·崇明·城桥,福州毅力通通信服务有限公司,民营,20-99人,本科,10年以上,"通信工程, 结构设计师",电子/通信/半导体-通信-通信研发工程师,2026-05-20 18:20:47,11.0,15.0,13.0,12.0,156.0,monthly,上海,崇明,城桥,民营,20-99人,未知,电子/通信/半导体,通信,通信研发工程师
电力系统通信信息专业设计人员,1.1-1.5万,上海·普陀·曹杨新村,中国电力工程顾问集团华东电力设计院有限公司,国企,1000-9999人,本科,3-5年,"工程管理, 运维, 移动通信, 数据通信, 电力通信",电子/通信/半导体-通信-通信研发工程师,2026-05-20 18:20:47,11.0,15.0,13.0,12.0,156.0,monthly,上海,普陀,曹杨新村,国企,1000-9999人,未知,电子/通信/半导体,通信,通信研发工程师
通信土建配套设计）,1-1.5万,上海·松江·方松,福州毅力通通信服务有限公司,民营,20-99人,本科,10年以上,"通信工程, 结构设计师",电子/通信/半导体-通信-通信研发工程师,2026-05-20 18:20:46,10.0,15.0,12.5,12.0,150.0,monthly,上海,松江,方松,民营,20-99人,未知,电子/通信/半导体,通信,通信研发工程师
无线通信开发工程师 (Zynq/FPGA 方向),9000-16000元,上海·长宁·华阳路,上海遨有信息技术有限公司,民营,20-99人,本科,经验不限,"C语言, C++, VERILOG/VHDL, XILINX VIVADO",电子/通信/半导体-通信-通信研发工程师,2026-05-20 18:20:47,9.0,16.0,12.5,12.0,150.0,monthly,上海,长宁,华阳路,民营,20-99人,未知,电子/通信/半导体,通信,通信研发工程师
通信技术工程师,8000-16000元,上海·徐汇·虹梅路,上海科光通信技术有限公司,民营,20-99人,大专,经验不限,"光传输, 传输网, 光网络, 定位故障, 网络割接, 安装调试",电子/通信/半导体-通信-通信研发工程师,2026-05-20 18:20:48,8.0,16.0,12.0,12.0,144.0,monthly,上海,徐汇,虹梅路,民营,20-99人,未知,电子/通信/半导体,通信,通信研发工程师
通信土建配套设计）,1-1.3万,上海·松江·方松,福州毅力通通信服务有限公司,民营,20-99人,本科,10年以上,"通信工程, 结构设计师",电子/通信/半导体-通信-通信研发工程师,2026-05-20 18:20:47,10.0,13.0,11.5,12.0,138.0,monthly,上海,松江,方松,民营,20-99人,未知,电子/通信/半导体,通信,通信研发工程师
PTN/SPN高级工程师,7000-14000元·13薪,上海·徐汇·漕河泾,成都科润实业有限公司,民营,100-299人,大专,1-3年,"PTN, SPN, 传输",电子/通信/半导体-通信-通信研发工程师,2026-05-20 18:20:47,7.0,14.0,10.5,13.0,136.5,monthly,上海,徐汇,漕河泾,民营,100-299人,未知,电子/通信/半导体,通信,通信研发工程师
无线/射频通信工程师,9000-12000元,上海·青浦·金泽,软通动力信息技术(集团)股份有限公司,上市公司,10000人以上,本科,1-3年,"射频电路设计, 射频器件工艺, 射频设计, 射频测试, 射频开发",电子/通信/半导体-通信-通信研发工程师,2026-05-20 18:20:47,9.0,12.0,10.5,12.0,126.0,monthly,上海,青浦,金泽,上市公司,10000人以上,未知,电子/通信/半导体,通信,通信研发工程师
通信技术工程师,6000-10000元,上海·闵行·七宝,莱盟通信科技(上海)有限公司,民营,20-99人,本科,1-3年,"5G, 4G, 无线通信, 优化测试",电子/通信/半导体-通信-通信研发工程师,2026-05-20 18:20:46,6.0,10.0,8.0,12.0,96.0,monthly,上海,闵行,七宝,民营,20-99人,未知,电子/通信/半导体,通信,通信研发工程师
通信代维,5000-6000元,上海·宝山·张庙,上海波康实业有限公司,民营,20-99人,学历不限,经验不限,"无线通信, 低压电工, 登高",电子/通信/半导体-通信-通信研发工程师,2026-05-20 18:20:47,5.0,6.0,5.5,12.0,66.0,monthly,上海,宝山,张庙,民营,20-99人,未知,电子/通信/半导体,通信,通信研发工程师
ai产品经理,2.5-4万,北京·朝阳·望京,智联招聘,其它,1000-9999人,本科,5-10年,"AIGC, 智能问答",产品-互联网产品经理-AI产品经理,2026-05-20 18:42:26,25.0,40.0,32.5,12.0,390.0,monthly,北京,朝阳,望京,其它,1000-9999人,未知,产品,互联网产品经理,AI产品经理
AI产品经理,2-4万,北京·东城·东四,某大型国企公司,其它,500-999人,硕士,3-5年,,产品-互联网产品经理-AI产品经理,2026-05-20 18:42:27,20.0,40.0,30.0,12.0,360.0,monthly,北京,东城,东四,其它,500-999人,未知,产品,互联网产品经理,AI产品经理
ai产品经理,2-4万,北京·朝阳·呼家楼,险峰人力资源管理咨询(北京)有限公司天津分公司,股份制企业,20-99人,本科,5-10年,,产品-互联网产品经理-AI产品经理,2026-05-20 18:42:27,20.0,40.0,30.0,12.0,360.0,monthly,北京,朝阳,呼家楼,股份制企业,20-99人,未知,产品,互联网产品经理,AI产品经理
资深AI产品经理,2.5-3万·13薪,北京·丰台·太平桥,江苏基久网络科技有限公司北京分公司,其它,100-299人,硕士,5-10年,,产品-互联网产品经理-AI产品经理,2026-05-20 18:42:27,25.0,30.0,27.5,13.0,357.5,monthly,北京,丰台,太平桥,其它,100-299人,未知,产品,互联网产品经理,AI产品经理
AI 产品经理,1.8-3.5万,北京·昌平,北京晋辉科技有限公司,民营,100-299人,本科,5-10年,AIGC,产品-互联网产品经理-AI产品经理,2026-05-20 18:42:27,18.0,35.0,26.5,12.0,318.0,monthly,北京,昌平,,民营,100-299人,未知,产品,互联网产品经理,AI产品经理
AI产品经理,2-3万,北京·通州·台湖,东微电子ORIENTAL MATERIALS M,民营,300-499人,本科,3-5年,"智能问答, 智能语音, 智能机器人, 情感陪伴机器人",产品-互联网产品经理-AI产品经理,2026-05-20 18:42:26,20.0,30.0,25.0,12.0,300.0,monthly,北京,通州,台湖,民营,300-499人,未知,产品,互联网产品经理,AI产品经理
AI产品经理,2-3万,北京·海淀·甘家口,河南华夏邮电技术服务有限公司,500-999人,咨询服务,本科,1-3年,"智能问答, 大模型",产品-互联网产品经理-AI产品经理,2026-05-20 18:42:27,20.0,30.0,25.0,12.0,300.0,monthly,北京,海淀,甘家口,咨询服务,500-999人,未知,产品,互联网产品经理,AI产品经理
AI 产品经理（器械注册） (MJ001166),1.8-3万·14薪,北京·海淀·海淀街道,零氪信息技术(北京)有限公司,民营,500-999人,本科,1-3年,"产品经理, 器械注册",产品-互联网产品经理-AI产品经理,2026-05-20 18:42:27,18.0,30.0,24.0,14.0,336.0,monthly,北京,海淀,海淀街道,民营,500-999人,未知,产品,互联网产品经理,AI产品经理
AI产品经理,1.5-3万·15薪,北京·海淀·海淀街道,外企德科,合资,20-99人,本科,经验不限,"智能客服, AIGC, 大模型, 智能语音, 智能家居",产品-互联网产品经理-AI产品经理,2026-05-20 18:42:26,15.0,30.0,22.5,15.0,337.5,monthly,北京,海淀,海淀街道,合资,20-99人,未知,产品,互联网产品经理,AI产品经理
AI产品经理（SQL熟练）,1.8-2.4万,北京·海淀·海淀街道,软通动力信息技术(集团)股份有限公司,上市公司,10000人以上,本科,1-3年,大模型,产品-互联网产品经理-AI产品经理,2026-05-20 18:42:27,18.0,24.0,21.0,12.0,252.0,monthly,北京,海淀,海淀街道,上市公司,10000人以上,未知,产品,互联网产品经理,AI产品经理
AI产品经理,1.5-2.1万,北京·昌平·史各庄,鑫锡软件(朝阳)有限公司,其它,20-99人,本科,3-5年,"智能机器人, 智能客服, 智能穿戴, 智能问答, 智能家居",产品-互联网产品经理-AI产品经理,2026-05-20 18:42:46,15.0,21.0,18.0,12.0,216.0,monthly,北京,昌平,史各庄,其它,20-99人,未知,产品,互联网产品经理,AI产品经理
AI产品经理,1.2-2.1万,北京·朝阳·八里庄,北京央央好物电子商务有限公司,国企,100-299人,本科,5-10年,"大模型, 数字虚拟人, 智能客服, 数据分析, 经营模型, AI应用",产品-互联网产品经理-AI产品经理,2026-05-20 18:42:26,12.0,21.0,16.5,12.0,198.0,monthly,北京,朝阳,八里庄,国企,100-299人,未知,产品,互联网产品经理,AI产品经理
ai产品经理,1.5-1.8万,北京·昌平·史各庄,鑫锡软件(朝阳)有限公司,其它,20-99人,本科,3-5年,AIGC,产品-互联网产品经理-AI产品经理,2026-05-20 18:42:27,15.0,18.0,16.5,12.0,198.0,monthly,北京,昌平,史各庄,其它,20-99人,未知,产品,互联网产品经理,AI产品经理
AI产品经理,1-1.3万,北京·海淀,外企德科,合资,300-499人,本科,1-3年,"AI领域或视频/图像, 素材管理经验优先, AI相关经验，本科",产品-互联网产品经理-AI产品经理,2026-05-20 18:42:26,10.0,13.0,11.5,12.0,138.0,monthly,北京,海淀,,合资,300-499人,未知,产品,互联网产品经理,AI产品经理
ai产品经理,5000-8000元,北京,北京金华恒源钢结构有限公司,其它,20人以下,本科,1-3年,"钢结构行业AI产品, 全流程产品管理, 制造业数字化转型",产品-互联网产品经理-AI产品经理,2026-05-20 18:42:27,5.0,8.0,6.5,12.0,78.0,monthly,北京,未知,,其它,20人以下,未知,产品,互联网产品经理,AI产品经理
骑行用户与增长AI产品经理,面议,北京,北京三快在线科技有限公司,上市公司,10000人以上,本科,3-5年,,产品-互联网产品经理-AI产品经理,2026-05-20 18:42:26,,,,,,negotiable,北京,未知,,上市公司,10000人以上,未知,产品,互联网产品经理,AI产品经理
AI产品经理,面议,北京,北京三快在线科技有限公司,上市公司,10000人以上,本科,1-3年,,产品-互联网产品经理-AI产品经理,2026-05-20 18:42:26,,,,,,negotiable,北京,未知,,上市公司,10000人以上,未知,产品,互联网产品经理,AI产品经理
闪购SaaS AI产品经理,面议,北京,北京三快在线科技有限公司,上市公司,10000人以上,本科,1-3年,,产品-互联网产品经理-AI产品经理,2026-05-20 18:42:26,,,,,,negotiable,北京,未知,,上市公司,10000人以上,未知,产品,互联网产品经理,AI产品经理
营销AI产品经理,面议,北京,北京三快在线科技有限公司,上市公司,10000人以上,本科,1-3年,,产品-互联网产品经理-AI产品经理,2026-05-20 18:42:27,,,,,,negotiable,北京,未知,,上市公司,10000人以上,未知,产品,互联网产品经理,AI产品经理
AI产品经理（AIGC方向）,面议,北京,北京三快在线科技有限公司,上市公司,10000人以上,本科,1-3年,,产品-互联网产品经理-AI产品经理,2026-05-20 18:42:27,,,,,,negotiable,北京,未知,,上市公司,10000人以上,未知,产品,互联网产品经理,AI产品经理
电商产品经理（OTC产品线）,3-6万,北京·朝阳·六里屯,达因药业,国企,1000-9999人,本科,3-5年,"新媒体媒介, 品牌营销, 品牌策划, c端, 伊可新",产品-互联网产品经理-电商产品经理,2026-05-20 18:41:38,30.0,60.0,45.0,12.0,540.0,monthly,北京,朝阳,六里屯,国企,1000-9999人,未知,产品,互联网产品经理,电商产品经理
规划 高级产品经理（央企平台，对标主流大厂）,3-6万,北京·海淀·紫竹院,智联猎头,其它,10000人以上,本科,10年以上,,产品-互联网产品经理-电商产品经理,2026-05-20 18:41:40,30.0,60.0,45.0,12.0,540.0,monthly,北京,海淀,紫竹院,其它,10000人以上,未知,产品,互联网产品经理,电商产品经理
电商高级产品经理,3-4.5万,北京·东城·体育馆路,北京云杉世界信息技术集团有限公司,民营,10000人以上,本科,5-10年,"客户端产品, 产品价格管理, O2O产品, 功能产品, 支付产品",产品-互联网产品经理-电商产品经理,2026-05-20 18:41:39,30.0,45.0,37.5,12.0,450.0,monthly,北京,东城,体育馆路,民营,10000人以上,未知,产品,互联网产品经理,电商产品经理
电气产品经理/享项目分红/享公司分红,2-4万,北京·大兴·荣华街道,北京京杰锐思技术开发有限公司.,股份制企业,100-299人,本科,5-10年,"AI产品, 硬件产品, 软件产品",产品-互联网产品经理-电商产品经理,2026-05-20 18:41:40,20.0,40.0,30.0,12.0,360.0,monthly,北京,大兴,荣华街道,股份制企业,100-299人,未知,产品,互联网产品经理,电商产品经理
产品经理（财务、风控合规、数字化）,1.8-3.5万,北京·朝阳·望京,华能信息技术有限公司,国企,500-999人,本科,5-10年,,产品-互联网产品经理-电商产品经理,2026-05-20 18:41:40,18.0,35.0,26.5,12.0,318.0,monthly,北京,朝阳,望京,国企,500-999人,未知,产品,互联网产品经理,电商产品经理
电商产品经理,2-3万,北京,华润双鹤药业股份有限公司,国企,1000-9999人,本科,3-5年,"化学药, 仿制药, 非处方药, 眼科, 妇产科, 口腔科",产品-互联网产品经理-电商产品经理,2026-05-20 18:41:39,20.0,30.0,25.0,12.0,300.0,monthly,北京,未知,,国企,1000-9999人,未知,产品,互联网产品经理,电商产品经理
过控产品负责人,2.2-2.8万,北京·朝阳,北京德普罗尔科技有限公司,民营,20-99人,本科,5-10年,,产品-互联网产品经理-电商产品经理,2026-05-20 18:41:58,22.0,28.0,25.0,12.0,300.0,monthly,北京,朝阳,,民营,20-99人,未知,产品,互联网产品经理,电商产品经理
医疗行业产品经理（平台方向）,1.8-3万,北京·大兴,福建晟捷管理咨询有限公司,民营,1000-9999人,本科,3-5年,商业化产品,产品-互联网产品经理-电商产品经理,2026-05-20 18:41:39,18.0,30.0,24.0,12.0,288.0,monthly,北京,大兴,,民营,1000-9999人,未知,产品,互联网产品经理,电商产品经理
电商产品经理,2.1-2.2万·15薪,北京·海淀·海淀街道,上海畅商亨霖信息技术有限公司,20-99人,软件/IT服务,本科,3-5年,,产品-互联网产品经理-电商产品经理,2026-05-20 18:41:38,21.0,22.0,21.5,15.0,322.5,monthly,北京,海淀,海淀街道,软件/IT服务,20-99人,未知,产品,互联网产品经理,电商产品经理
高级售前产品经理,1.5-2.5万,北京·石景山·苹果园,北京天彩汇诚信息技术有限公司,民营,100-299人,本科,5-10年,"软件产品, AI产品, 数字人、职能体",产品-互联网产品经理-电商产品经理,2026-05-20 18:41:40,15.0,25.0,20.0,12.0,240.0,monthly,北京,石景山,苹果园,民营,100-299人,未知,产品,互联网产品经理,电商产品经理
产品经理（电商方向｜功能食品）,1.6-2.2万,北京·朝阳·望京,云南白药集团股份有限公司,股份制企业,1000-9999人,本科,经验不限,电商产品,产品-互联网产品经理-电商产品经理,2026-05-20 18:41:39,16.0,22.0,19.0,12.0,228.0,monthly,北京,朝阳,望京,股份制企业,1000-9999人,未知,产品,互联网产品经理,电商产品经理
电商部产品经理,1.2-2.4万,北京·顺义·赵全营,马大姐食品,民营,1000-9999人,本科,3-5年,电商产品,产品-互联网产品经理-电商产品经理,2026-05-20 18:41:39,12.0,24.0,18.0,12.0,216.0,monthly,北京,顺义,赵全营,民营,1000-9999人,未知,产品,互联网产品经理,电商产品经理
产品经理（调研分析）,1.5-2万,北京·朝阳,北京思北科技有限公司,民营,100-299人,本科,5-10年,"AI产品, 软件产品, 硬件产品, 机器视觉/多模态感知, 大模型产品",产品-互联网产品经理-电商产品经理,2026-05-20 18:41:40,15.0,20.0,17.5,12.0,210.0,monthly,北京,朝阳,,民营,100-299人,未知,产品,互联网产品经理,电商产品经理
产品经理（路网运行监测）,1.1-2.2万,北京·丰台·六里桥,北京学优乐科技有限公司,20-99人,互联网电商,本科,3-5年,"AI产品, 大模型产品",产品-互联网产品经理-电商产品经理,2026-05-20 18:41:39,11.0,22.0,16.5,12.0,198.0,monthly,北京,丰台,六里桥,互联网电商,20-99人,未知,产品,互联网产品经理,电商产品经理
产品经理,1.5-1.8万,北京·大兴·天宫院,北京同仁堂健康药业股份有限公司,合资,1000-9999人,本科,5-10年,产品全周期管理,产品-互联网产品经理-电商产品经理,2026-05-20 18:41:39,15.0,18.0,16.5,12.0,198.0,monthly,北京,大兴,天宫院,合资,1000-9999人,未知,产品,互联网产品经理,电商产品经理
产品经理（智能手表方向）,1-2万,北京·朝阳·麦子店,北京博鼎诚工程设计有限公司,民营,1000-9999人,本科,5-10年,,产品-互联网产品经理-电商产品经理,2026-05-20 18:41:40,10.0,20.0,15.0,12.0,180.0,monthly,北京,朝阳,麦子店,民营,1000-9999人,未知,产品,互联网产品经理,电商产品经理
电商产品经理,1.3-1.6万,北京·通州·台湖,软通动力信息技术(集团)股份有限公司,上市公司,10000人以上,本科,5-10年,"产品规划, 产品设计, TO B",产品-互联网产品经理-电商产品经理,2026-05-20 18:41:39,13.0,16.0,14.5,12.0,174.0,monthly,北京,通州,台湖,上市公司,10000人以上,未知,产品,互联网产品经理,电商产品经理
电商产品经理（运营工具方向）,1.2-1.6万,北京·大兴·荣华街道,北京中品一号维度商贸有限公司,300-499人,互联网电商,本科,3-5年,"需求分析, 产品设计, 用户增长, 数据分析, 产品/版本迭代",产品-互联网产品经理-电商产品经理,2026-05-20 18:41:39,12.0,16.0,14.0,12.0,168.0,monthly,北京,大兴,荣华街道,互联网电商,300-499人,未知,产品,互联网产品经理,电商产品经理
电商产品经理,1.3-1.5万·13薪,北京·大兴·天宫院,北京谊安医疗系统股份有限公司,股份制企业,500-999人,本科,1-3年,,产品-互联网产品经理-电商产品经理,2026-05-20 18:41:39,13.0,15.0,14.0,13.0,182.0,monthly,北京,大兴,天宫院,股份制企业,500-999人,未知,产品,互联网产品经理,电商产品经理
电商产品经理,1-1.5万,北京·丰台·马家堡,益升益恒(北京)医学技术股份公司,股份制企业,20-99人,大专,1-3年,PRD,产品-互联网产品经理-电商产品经理,2026-05-20 18:41:39,10.0,15.0,12.5,12.0,150.0,monthly,北京,丰台,马家堡,股份制企业,20-99人,未知,产品,互联网产品经理,电商产品经理
骑行数据产品-AI应用方向,面议,北京,北京三快在线科技有限公司,上市公司,10000人以上,本科,5-10年,,产品-互联网产品经理-电商产品经理,2026-05-20 18:41:40,,,,,,negotiable,北京,未知,,上市公司,10000人以上,未知,产品,互联网产品经理,电商产品经理
骑行用户与增长AI产品经理,面议,北京,北京三快在线科技有限公司,上市公司,10000人以上,本科,3-5年,,产品-互联网产品经理-电商产品经理,2026-05-20 18:41:49,,,,,,negotiable,北京,未知,,上市公司,10000人以上,未知,产品,互联网产品经理,电商产品经理
WW-软件产品经理/总监,2.5-4.5万·13薪,北京·昌平·北七家,北京万维盈创科技发展有限公司,民营,500-999人,本科,10年以上,"B端, PC端, 移动端, 软件产品, 智能硬件产品, 硬件产品",产品-互联网产品经理-软件产品经理,2026-05-20 18:40:52,25.0,45.0,35.0,13.0,455.0,monthly,北京,昌平,北七家,民营,500-999人,未知,产品,互联网产品经理,软件产品经理
北京-软件产品经理（To C）,2.5-4万,北京·海淀,北京思灵机器人科技有限责任公司,民营,1000-9999人,本科,5-10年,"TO C, 软件产品经理, 引流",产品-互联网产品经理-软件产品经理,2026-05-20 18:40:52,25.0,40.0,32.5,12.0,390.0,monthly,北京,海淀,,民营,1000-9999人,未知,产品,互联网产品经理,软件产品经理
工业软件产品经理,1.8-3.5万,北京·海淀,浪潮集团,国企,10000人以上,本科,3-5年,"CAD, CAE, CAPP, MES系统",产品-互联网产品经理-软件产品经理,2026-05-20 18:40:53,18.0,35.0,26.5,12.0,318.0,monthly,北京,海淀,,国企,10000人以上,未知,产品,互联网产品经理,软件产品经理
软件产品经理,2-3万,北京·海淀·中关村,丹阳慧创医疗设备有限公司,民营,100-299人,硕士,3-5年,,产品-互联网产品经理-软件产品经理,2026-05-20 18:40:53,20.0,30.0,25.0,12.0,300.0,monthly,北京,海淀,中关村,民营,100-299人,未知,产品,互联网产品经理,软件产品经理
软件产品经理,2-3万,北京·海淀,苏州人瑞普惠人力资源服务有限公司,上市公司,20-99人,大专,3-5年,"产业互联网平台, 产品规划与需求管理, 跨部门协同",产品-互联网产品经理-软件产品经理,2026-05-20 18:40:53,20.0,30.0,25.0,12.0,300.0,monthly,北京,海淀,,上市公司,20-99人,未知,产品,互联网产品经理,软件产品经理
软件产品经理 (MJ002198),2-2.8万,北京·海淀·海淀街道,神州泰岳,民营,1000-9999人,本科,经验不限,B端产品,产品-互联网产品经理-软件产品经理,2026-05-20 18:40:52,20.0,28.0,24.0,12.0,288.0,monthly,北京,海淀,海淀街道,民营,1000-9999人,未知,产品,互联网产品经理,软件产品经理
BIM建筑软件产品经理,2-2.5万·13薪,北京·东城·和平里,北京盈建科软件股份有限公司,上市公司,300-499人,本科,5-10年,"智慧交通, 智慧建筑, 智慧园区",产品-互联网产品经理-软件产品经理,2026-05-20 18:40:51,20.0,25.0,22.5,13.0,292.5,monthly,北京,东城,和平里,上市公司,300-499人,未知,产品,互联网产品经理,软件产品经理
财务软件产品经理,2-2.5万·14薪,北京·海淀·北太平庄,北京久其软件股份有限公司,上市公司,1000-9999人,本科,5-10年,财务软件,产品-互联网产品经理-软件产品经理,2026-05-20 18:40:51,20.0,25.0,22.5,14.0,315.0,monthly,北京,海淀,北太平庄,上市公司,1000-9999人,未知,产品,互联网产品经理,软件产品经理
软件产品经理,1.8-2.7万,北京·昌平·史各庄,北京贝瑞和康生物技术有限公司,上市公司,1000-9999人,本科,3-5年,"B端产品, C端产品",产品-互联网产品经理-软件产品经理,2026-05-20 18:40:52,18.0,27.0,22.5,12.0,270.0,monthly,北京,昌平,史各庄,上市公司,1000-9999人,未知,产品,互联网产品经理,软件产品经理
软件产品经理,1.5-3万,北京·海淀·万寿路,中圆智能工程有限公司,其它,20-99人,本科,3-5年,B端产品,产品-互联网产品经理-软件产品经理,2026-05-20 18:40:53,15.0,30.0,22.5,12.0,270.0,monthly,北京,海淀,万寿路,其它,20-99人,未知,产品,互联网产品经理,软件产品经理
软件产品经理,1.8-2.6万,北京·海淀·北下关,北京富益辰医疗科技有限公司,民营,20-99人,本科,5-10年,"SaaS, 智慧教育, 智慧医疗, 科研数据管理, 智能会务产品",产品-互联网产品经理-软件产品经理,2026-05-20 18:40:53,18.0,26.0,22.0,12.0,264.0,monthly,北京,海淀,北下关,民营,20-99人,未知,产品,互联网产品经理,软件产品经理
软件产品经理（需求分析）,1.3-2.5万,北京·大兴·林校路,北京东方思锐软件技术有限责任公司,民营,20-99人,本科,3-5年,"财务项目, 供应链项目, Axure, 墨刀, Visio, Xmind",产品-互联网产品经理-软件产品经理,2026-05-20 18:40:52,13.0,25.0,19.0,12.0,228.0,monthly,北京,大兴,林校路,民营,20-99人,未知,产品,互联网产品经理,软件产品经理
软件产品经理,1.3-2.5万,北京·大兴·林校路,北京东方思锐软件技术有限责任公司,民营,20-99人,本科,3-5年,"ERP系统, 财务软件, 需求分析, CRM系统",产品-互联网产品经理-软件产品经理,2026-05-20 18:40:52,13.0,25.0,19.0,12.0,228.0,monthly,北京,大兴,林校路,民营,20-99人,未知,产品,互联网产品经理,软件产品经理
软件产品经理-信贷方向【急招 线上面试】,1.5-1.7万,北京·海淀·海淀街道,四川智服人力资源有限公司,民营,500-999人,本科,3-5年,"财务软件, 支付系统, 支付产品, 财务系统, 账务系统",产品-互联网产品经理-软件产品经理,2026-05-20 18:40:52,15.0,17.0,16.0,12.0,192.0,monthly,北京,海淀,海淀街道,民营,500-999人,未知,产品,互联网产品经理,软件产品经理
软件产品经理,1.3-1.8万,北京·朝阳,美亚联创(北京)科技有限公司,民营,20-99人,本科,3-5年,智慧教育,产品-互联网产品经理-软件产品经理,2026-05-20 18:40:52,13.0,18.0,15.5,12.0,186.0,monthly,北京,朝阳,,民营,20-99人,未知,产品,互联网产品经理,软件产品经理
软件产品经理,1.2-1.7万,北京·海淀·北下关,亿维融智软件科技(北京)有限公司,合资,20-99人,大专,3-5年,"C端产品, B端产品, 移动端产品",产品-互联网产品经理-软件产品经理,2026-05-20 18:40:51,12.0,17.0,14.5,12.0,174.0,monthly,北京,海淀,北下关,合资,20-99人,未知,产品,互联网产品经理,软件产品经理
软件产品经理,9000-14000元,北京·朝阳,北京麒元信息技术有限公司,民营,20-99人,本科,3-5年,"电商产品, 用户产品, 社区产品, 智慧社区, 电子商务",产品-互联网产品经理-软件产品经理,2026-05-20 18:40:53,9.0,14.0,11.5,12.0,138.0,monthly,北京,朝阳,,民营,20-99人,未知,产品,互联网产品经理,软件产品经理
软件产品经理,1-1.2万,北京·西城·金融街,黑龙江邮政易通信息网络有限公司,国企,100-299人,本科,3-5年,"需求分析, 产品设计",产品-互联网产品经理-软件产品经理,2026-05-20 18:40:52,10.0,12.0,11.0,12.0,132.0,monthly,北京,西城,金融街,国企,100-299人,未知,产品,互联网产品经理,软件产品经理
软件产品经理,1-1.2万,北京·丰台·看丹,北京中科软通科技有限责任公司,民营,100-299人,本科,3-5年,,产品-互联网产品经理-软件产品经理,2026-05-20 18:40:52,10.0,12.0,11.0,12.0,132.0,monthly,北京,丰台,看丹,民营,100-299人,未知,产品,互联网产品经理,软件产品经理
软件产品经理,8000-12000元,北京·朝阳·望京,浙江英集动力科技有限公司,民营,100-299人,本科,5-10年,"B端产品, 移动端产品",产品-互联网产品经理-软件产品经理,2026-05-20 18:40:53,8.0,12.0,10.0,12.0,120.0,monthly,北京,朝阳,望京,民营,100-299人,未知,产品,互联网产品经理,软件产品经理
机器学习算法工程师,5-5.5万,北京·朝阳·望京,北京外企人力资源服务青岛有限公司,国企,1000-9999人,本科,3-5年,,技术-人工智能/算法-机器学习,2026-05-20 17:48:32,50.0,55.0,52.5,12.0,630.0,monthly,北京,朝阳,望京,国企,1000-9999人,未知,技术,人工智能/算法,机器学习
机器学习工程师,3-4万,北京·朝阳·小关,汇友财产相互保险社,其它,100-299人,本科,5-10年,Python,技术-人工智能/算法-机器学习,2026-05-20 17:48:32,30.0,40.0,35.0,12.0,420.0,monthly,北京,朝阳,小关,其它,100-299人,未知,技术,人工智能/算法,机器学习
机器学习工程师,2.5-4万,北京·丰台·卢沟桥,中国航天标准化研究所,国企,300-499人,硕士,3-5年,"数据挖掘, 自然语言处理",技术-人工智能/算法-机器学习,2026-05-20 17:48:32,25.0,40.0,32.5,12.0,390.0,monthly,北京,丰台,卢沟桥,国企,300-499人,未知,技术,人工智能/算法,机器学习
机器学习算法工程师（银行选址模型开发方向）,2-3万,北京·海淀·上地,爱多邦(北京)信息技术服务有限公司,民营,100-299人,大专,3-5年,机器学习,技术-人工智能/算法-机器学习,2026-05-20 17:48:31,20.0,30.0,25.0,12.0,300.0,monthly,北京,海淀,上地,民营,100-299人,未知,技术,人工智能/算法,机器学习
机器学习算法工程师,1.5-3万,北京·海淀·上地,爱多邦(北京)信息技术服务有限公司,民营,100-299人,本科,5-10年,"梯度提升树, XGBOOST模型, RANDOM FOREST, TensorFlow",技术-人工智能/算法-机器学习,2026-05-20 17:48:31,15.0,30.0,22.5,12.0,270.0,monthly,北京,海淀,上地,民营,100-299人,未知,技术,人工智能/算法,机器学习
机器学习算法工程师,1.5-3万,北京·大屯,微智娱(北京)科技有限公司,民营,20-99人,本科,经验不限,"机器学习, 人工智能, 算法, Python",技术-人工智能/算法-机器学习,2026-05-20 17:48:31,15.0,30.0,22.5,12.0,270.0,monthly,北京,大屯,,民营,20-99人,未知,技术,人工智能/算法,机器学习
机器学习算法工程师,1.5-3万,北京·海淀·曙光,北京瑞鑫天算资产管理有限公司,民营,20-99人,本科,经验不限,机器学习,技术-人工智能/算法-机器学习,2026-05-20 17:48:31,15.0,30.0,22.5,12.0,270.0,monthly,北京,海淀,曙光,民营,20-99人,未知,技术,人工智能/算法,机器学习
机器学习/LLM算法工程师,1.5-3万,北京·大兴·荣华街道,经纬纺织机械股份有限公司,国企,1000-9999人,本科,经验不限,"PyTorch, TensorFlow",技术-人工智能/算法-机器学习,2026-05-20 17:48:31,15.0,30.0,22.5,12.0,270.0,monthly,北京,大兴,荣华街道,国企,1000-9999人,未知,技术,人工智能/算法,机器学习
量化研究员（机器学习方向）,1.5-3万,北京·海淀·曙光,北京瑞鑫天算资产管理有限公司,民营,20-99人,硕士,经验不限,"机器学习, 深度学习, 强化学习, C++, 挖掘算法",技术-人工智能/算法-机器学习,2026-05-20 17:48:31,15.0,30.0,22.5,12.0,270.0,monthly,北京,海淀,曙光,民营,20-99人,未知,技术,人工智能/算法,机器学习
机器学习工程师,1.5-3万,北京·昌平·史各庄,北京脑科学与类脑研究所,事业单位,300-499人,硕士,经验不限,"Python, PyTorch, TensorFlow",技术-人工智能/算法-机器学习,2026-05-20 17:48:31,15.0,30.0,22.5,12.0,270.0,monthly,北京,昌平,史各庄,事业单位,300-499人,未知,技术,人工智能/算法,机器学习
机器学习算法工程师,1.5-2.5万,北京·海淀·上地,爱多邦(北京)信息技术服务有限公司,民营,100-299人,大专,5-10年,"决策树, 数据建模, 选址",技术-人工智能/算法-机器学习,2026-05-20 17:48:30,15.0,25.0,20.0,12.0,240.0,monthly,北京,海淀,上地,民营,100-299人,未知,技术,人工智能/算法,机器学习
机器学习算法工程师（超声图像方向）,1.5-2.5万,北京·海淀·甘家口,新医智普(北京)科技有限公司,其它,20-99人,本科,5-10年,"图像算法, PyTorch, TensorFlow, Python, C++",技术-人工智能/算法-机器学习,2026-05-20 17:48:31,15.0,25.0,20.0,12.0,240.0,monthly,北京,海淀,甘家口,其它,20-99人,未知,技术,人工智能/算法,机器学习
机器学习算法工程师,1.5-2.5万,北京·海淀·清华园,云储新能源科技有限公司,民营,100-299人,硕士,经验不限,"Python, SEQUENCE, TensorFlow, PyTorch",技术-人工智能/算法-机器学习,2026-05-20 17:48:31,15.0,25.0,20.0,12.0,240.0,monthly,北京,海淀,清华园,民营,100-299人,未知,技术,人工智能/算法,机器学习
深度学习/机器学习算法工程师,1.5-2万,北京·海淀·燕园,正则量子(北京)技术有限公司,20人以下,计算机硬件,硕士,3-5年,自然语言处理,技术-人工智能/算法-机器学习,2026-05-20 17:48:31,15.0,20.0,17.5,12.0,210.0,monthly,北京,海淀,燕园,计算机硬件,20人以下,未知,技术,人工智能/算法,机器学习
算法工程师（机器学习、人工智能）（校园招聘）,1.2-1.5万,北京·海淀·羊坊店,中国恩菲工程技术有限公司,国企,1000-9999人,硕士,经验不限,"深度学习, 机器学习",技术-人工智能/算法-机器学习,2026-05-20 17:48:32,12.0,15.0,13.5,12.0,162.0,monthly,北京,海淀,羊坊店,国企,1000-9999人,未知,技术,人工智能/算法,机器学习
机器学习算法工程师,300-600元/天,北京·海淀·花园路,北京互易科技有限公司,民营,20人以下,硕士,经验不限,"TensorFlow, PyTorch, Python, Java, C语言",技术-人工智能/算法-机器学习,2026-05-20 17:48:30,6.53,13.05,9.79,12.0,117.45,daily,北京,海淀,花园路,民营,20人以下,未知,技术,人工智能/算法,机器学习
【实习】机器学习平台研发实习生,面议,北京,北京三快在线科技有限公司,上市公司,10000人以上,本科,经验不限,,技术-人工智能/算法-机器学习,2026-05-20 17:48:30,,,,,,negotiable,北京,未知,,上市公司,10000人以上,未知,技术,人工智能/算法,机器学习
AI人工智能、机器学习、数据挖掘方向计算机专业实习生,面议,北京·海淀·马连洼,联想(北京)有限公司,上市公司,10000人以上,硕士,经验不限,"人工智能, 机器学习, 数据挖掘",技术-人工智能/算法-机器学习,2026-05-20 17:48:30,,,,,,negotiable,北京,海淀,马连洼,上市公司,10000人以上,未知,技术,人工智能/算法,机器学习
机器学习平台测试开发工程师,面议,北京·朝阳·大屯,北京三快在线科技有限公司,上市公司,10000人以上,本科,1-3年,,技术-人工智能/算法-机器学习,2026-05-20 17:48:30,,,,,,negotiable,北京,朝阳,大屯,上市公司,10000人以上,未知,技术,人工智能/算法,机器学习
无人车业务部-机器学习算法专家,面议,北京,北京三快在线科技有限公司,上市公司,10000人以上,硕士,1-3年,,技术-人工智能/算法-机器学习,2026-05-20 17:48:31,,,,,,negotiable,北京,未知,,上市公司,10000人以上,未知,技术,人工智能/算法,机器学习
算法工程师（深度学习）,3-6万,北京·海淀·紫竹院,北京思创贯宇科技开发有限公司,民营,100-299人,硕士,3-5年,"深度学习, 图像算法",技术-人工智能/算法-深度学习,2026-05-20 17:49:22,30.0,60.0,45.0,12.0,540.0,monthly,北京,海淀,紫竹院,民营,100-299人,未知,技术,人工智能/算法,深度学习
深度学习算法工程师,2.8-5.5万,北京·海淀·紫竹院,北京思创贯宇科技开发有限公司,民营,100-299人,硕士,经验不限,深度学习,技术-人工智能/算法-深度学习,2026-05-20 17:49:21,28.0,55.0,41.5,12.0,498.0,monthly,北京,海淀,紫竹院,民营,100-299人,未知,技术,人工智能/算法,深度学习
点云深度学习算法工程师,3-4.5万,北京·海淀·上地,北京数字绿土科技股份有限公司,民营,300-499人,本科,3-5年,"Transformer, C++, 点云算法, POINTNET",技术-人工智能/算法-深度学习,2026-05-20 17:49:22,30.0,45.0,37.5,12.0,450.0,monthly,北京,海淀,上地,民营,300-499人,未知,技术,人工智能/算法,深度学习
强化学习工程师,2.5-5万,北京·朝阳·东湖,天津小橙集团有限公司,民营,1000-9999人,本科,3-5年,,技术-人工智能/算法-深度学习,2026-05-20 17:49:22,25.0,50.0,37.5,12.0,450.0,monthly,北京,朝阳,东湖,民营,1000-9999人,未知,技术,人工智能/算法,深度学习
深度学习算法工程师,2-4万,北京·海淀·上地,北京数字绿土科技股份有限公司,民营,300-499人,本科,3-5年,"图像算法, 机器视觉, PyTorch, Python, AI AGENT大模型应用开发",技术-人工智能/算法-深度学习,2026-05-20 17:49:21,20.0,40.0,30.0,12.0,360.0,monthly,北京,海淀,上地,民营,300-499人,未知,技术,人工智能/算法,深度学习
深度学习算法工程师,2.5-3万,北京·丰台·看丹,建龙集团,民营,10000人以上,本科,3-5年,机器视觉,技术-人工智能/算法-深度学习,2026-05-20 17:49:21,25.0,30.0,27.5,12.0,330.0,monthly,北京,丰台,看丹,民营,10000人以上,未知,技术,人工智能/算法,深度学习
深度学习算法工程师（经纬）,2-3.5万,北京·朝阳·望京,华能信息技术有限公司,国企,500-999人,本科,1-3年,深度学习算法 NLP,技术-人工智能/算法-深度学习,2026-05-20 17:49:21,20.0,35.0,27.5,12.0,330.0,monthly,北京,朝阳,望京,国企,500-999人,未知,技术,人工智能/算法,深度学习
深度学习工程师（CV方向）,2-3.5万·14薪,北京·大兴·荣华街道,北京奥普托科微电子技术有限公司,民营,100-299人,硕士,5-10年,"机器视觉, 图像算法, CV, 缺陷检测",技术-人工智能/算法-深度学习,2026-05-20 17:49:22,20.0,35.0,27.5,14.0,385.0,monthly,北京,大兴,荣华街道,民营,100-299人,未知,技术,人工智能/算法,深度学习
深度学习工程师,1.5-3万,北京·海淀·曙光,北京瑞鑫天算资产管理有限公司,民营,20-99人,本科,经验不限,"机器学习, 深度学习, 强化学习, Transformer, Python, C++",技术-人工智能/算法-深度学习,2026-05-20 17:49:22,15.0,30.0,22.5,12.0,270.0,monthly,北京,海淀,曙光,民营,20-99人,未知,技术,人工智能/算法,深度学习
强化学习控制算法工程师,2-2.5万,北京·怀柔·怀北,北京雁栖湖应用数学研究院,社会团体,100-299人,硕士,经验不限,"深度学习, 强化学习, 无人机飞行器",技术-人工智能/算法-深度学习,2026-05-20 17:49:22,20.0,25.0,22.5,12.0,270.0,monthly,北京,怀柔,怀北,社会团体,100-299人,未知,技术,人工智能/算法,深度学习
机器学习算法工程师,1.5-3万,北京·海淀·上地,爱多邦(北京)信息技术服务有限公司,民营,100-299人,本科,5-10年,"梯度提升树, XGBOOST模型, RANDOM FOREST, TensorFlow",技术-人工智能/算法-深度学习,2026-05-20 17:49:23,15.0,30.0,22.5,12.0,270.0,monthly,北京,海淀,上地,民营,100-299人,未知,技术,人工智能/算法,深度学习
深度强化学习算法工程师,1.6-2.6万,北京·海淀,陕西中讯时代信息技术有限公司,民营,20-99人,本科,3-5年,"集成学习, Python, Docker, FASTAPI/FLASK, 模型部署",技术-人工智能/算法-深度学习,2026-05-20 17:49:22,16.0,26.0,21.0,12.0,252.0,monthly,北京,海淀,,民营,20-99人,未知,技术,人工智能/算法,深度学习
深度学习算法工程师,1.5-2.5万,北京·大兴·观音寺,北京择天众康科技有限公司,民营,20-99人,本科,1-3年,"深度学习算法, 心电研发, PyTorch",技术-人工智能/算法-深度学习,2026-05-20 17:49:21,15.0,25.0,20.0,12.0,240.0,monthly,北京,大兴,观音寺,民营,20-99人,未知,技术,人工智能/算法,深度学习
机器学习算法工程师,1.5-2.5万,北京·海淀·上地,爱多邦(北京)信息技术服务有限公司,民营,100-299人,大专,5-10年,"决策树, 数据建模, 选址",技术-人工智能/算法-深度学习,2026-05-20 17:49:23,15.0,25.0,20.0,12.0,240.0,monthly,北京,海淀,上地,民营,100-299人,未知,技术,人工智能/算法,深度学习
机器学习算法工程师（超声图像方向）,1.5-2.5万,北京·海淀·甘家口,新医智普(北京)科技有限公司,其它,20-99人,本科,5-10年,"图像算法, PyTorch, TensorFlow, Python, C++",技术-人工智能/算法-深度学习,2026-05-20 17:49:23,15.0,25.0,20.0,12.0,240.0,monthly,北京,海淀,甘家口,其它,20-99人,未知,技术,人工智能/算法,深度学习
深度学习算法工程师-吉妮实验室,1.3-2.6万,北京·昌平·史各庄,北京脑科学与类脑研究所,事业单位,300-499人,硕士,经验不限,"Python, C++, 深度学习算法, PyTorch, TensorFlow, SAC",技术-人工智能/算法-深度学习,2026-05-20 17:49:22,13.0,26.0,19.5,12.0,234.0,monthly,北京,昌平,史各庄,事业单位,300-499人,未知,技术,人工智能/算法,深度学习
深度学习/机器学习算法工程师,1.5-2万,北京·海淀·燕园,正则量子(北京)技术有限公司,20人以下,计算机硬件,硕士,3-5年,自然语言处理,技术-人工智能/算法-深度学习,2026-05-20 17:49:22,15.0,20.0,17.5,12.0,210.0,monthly,北京,海淀,燕园,计算机硬件,20人以下,未知,技术,人工智能/算法,深度学习
机器学习算法工程师,300-600元/天,北京·海淀·花园路,北京互易科技有限公司,民营,20人以下,硕士,经验不限,"TensorFlow, PyTorch, Python, Java, C语言",技术-人工智能/算法-深度学习,2026-05-20 17:49:23,6.53,13.05,9.79,12.0,117.45,daily,北京,海淀,花园路,民营,20人以下,未知,技术,人工智能/算法,深度学习
无人车业务部-机器学习算法专家,面议,北京,北京三快在线科技有限公司,上市公司,10000人以上,硕士,1-3年,,技术-人工智能/算法-深度学习,2026-05-20 17:49:22,,,,,,negotiable,北京,未知,,上市公司,10000人以上,未知,技术,人工智能/算法,深度学习
AI人工智能、机器学习、数据挖掘方向计算机专业实习生,面议,北京·海淀·马连洼,联想(北京)有限公司,上市公司,10000人以上,硕士,经验不限,"人工智能, 机器学习, 数据挖掘",技术-人工智能/算法-深度学习,2026-05-20 17:49:22,,,,,,negotiable,北京,海淀,马连洼,上市公司,10000人以上,未知,技术,人工智能/算法,深度学习
大模型算法工程师（驻场广州佛山）,3.5-6万,北京·海淀·八里庄,北京可利邦信息技术股份有限公司,民营,100-299人,本科,经验不限,"文本分析, 句法分析, 语义分析, PyTorch, TensorFlow",技术-人工智能/算法-算法工程师,2026-05-20 17:47:43,35.0,60.0,47.5,12.0,570.0,monthly,北京,海淀,八里庄,民营,100-299人,未知,技术,人工智能/算法,算法工程师
人工智能算法工程师（超声机器人方向）,3-6万,北京·海淀·花园路,北京天亿弘方投资管理有限公司,上市公司,100-299人,硕士,3-5年,"深度学习, 机器学习, 语音识别, VLA, 世界模型, 自然语言处理",技术-人工智能/算法-算法工程师,2026-05-20 17:47:53,30.0,60.0,45.0,12.0,540.0,monthly,北京,海淀,花园路,上市公司,100-299人,未知,技术,人工智能/算法,算法工程师
高级视觉算法工程师 - 软件部,2.5-5万,北京·海淀·海淀街道,中国大恒(集团)有限公司北京图像视觉技术分公司,其它,500-999人,硕士,3-5年,"C++, 机器视觉",技术-人工智能/算法-算法工程师,2026-05-20 17:47:42,25.0,50.0,37.5,12.0,450.0,monthly,北京,海淀,海淀街道,其它,500-999人,未知,技术,人工智能/算法,算法工程师
FPGA算法工程师,3.5-4万,北京·昌平·北七家,北京普惠职道科技发展有限责任公司,国企,500-999人,本科,3-5年,"Verilog HDL, VHDL",技术-人工智能/算法-算法工程师,2026-05-20 17:47:43,35.0,40.0,37.5,12.0,450.0,monthly,北京,昌平,北七家,国企,500-999人,未知,技术,人工智能/算法,算法工程师
高级ai算法工程师,2.5-5万,北京·顺义·空港,中瑞恒(北京)科技有限公司,民营,100-299人,硕士,3-5年,"机器学习, 图像算法, 强化学习, C++",技术-人工智能/算法-算法工程师,2026-05-20 17:47:43,25.0,50.0,37.5,12.0,450.0,monthly,北京,顺义,空港,民营,100-299人,未知,技术,人工智能/算法,算法工程师
北京 图像算法工程师,2.3-4.5万·14薪,北京·朝阳·酒仙桥,菁沐人力资源服务(沧州)有限公司,民营,300-499人,硕士,3-5年,,技术-人工智能/算法-算法工程师,2026-05-20 17:47:42,23.0,45.0,34.0,14.0,476.0,monthly,北京,朝阳,酒仙桥,民营,300-499人,未知,技术,人工智能/算法,算法工程师
机器人规控算法工程师,2-4万·15薪,北京·朝阳·酒仙桥,经纬恒润,民营,1000-9999人,硕士,经验不限,"机器人算法, 运动控制算法, 路径规划, C/C++, Python, Java",技术-人工智能/算法-算法工程师,2026-05-20 17:47:42,20.0,40.0,30.0,15.0,450.0,monthly,北京,朝阳,酒仙桥,民营,1000-9999人,未知,技术,人工智能/算法,算法工程师
控制算法工程师,2-4万·15薪,北京·朝阳·酒仙桥,经纬恒润,民营,1000-9999人,硕士,经验不限,"运动控制算法, 机器人算法, 机器避障, 运动规划, 动力控制",技术-人工智能/算法-算法工程师,2026-05-20 17:47:42,20.0,40.0,30.0,15.0,450.0,monthly,北京,朝阳,酒仙桥,民营,1000-9999人,未知,技术,人工智能/算法,算法工程师
点云算法工程师,2-4万·15薪,北京·朝阳·酒仙桥,经纬恒润,民营,1000-9999人,硕士,经验不限,"图像算法, 机器视觉, TensorFlow, OpenCV, PyTorch, 点云",技术-人工智能/算法-算法工程师,2026-05-20 17:47:43,20.0,40.0,30.0,15.0,450.0,monthly,北京,朝阳,酒仙桥,民营,1000-9999人,未知,技术,人工智能/算法,算法工程师
AI图像算法工程师,2-4万,北京·朝阳,苏州一际智能科技有限公司,民营,20-99人,硕士,3-5年,"图像算法, 图像识别产品, 人脸识别产品, 智能体",技术-人工智能/算法-算法工程师,2026-05-20 17:47:43,20.0,40.0,30.0,12.0,360.0,monthly,北京,朝阳,,民营,20-99人,未知,技术,人工智能/算法,算法工程师
感知算法工程师,2.5-3.5万·14薪,北京·顺义·高丽营,郑州联创优聘信息科技有限公司,民营,20-99人,本科,1-3年,"C++, EKF",技术-人工智能/算法-算法工程师,2026-05-20 17:47:43,25.0,35.0,30.0,14.0,420.0,monthly,北京,顺义,高丽营,民营,20-99人,未知,技术,人工智能/算法,算法工程师
数据科学家/算法工程师,2-3.5万,北京·海淀,北京中宏联工程技术有限公司,国企,100-299人,硕士,3-5年,"机器学习, 多模态算法, 大模型算法, 随机森林, 逻辑回归",技术-人工智能/算法-算法工程师,2026-05-20 17:47:42,20.0,35.0,27.5,12.0,330.0,monthly,北京,海淀,,国企,100-299人,未知,技术,人工智能/算法,算法工程师
高级算法工程师,2-3万,北京·朝阳·东湖,智联猎头,其它,10000人以上,本科,5-10年,"Python, C++, Java, 机器学习, SVM, 朴素贝叶斯",技术-人工智能/算法-算法工程师,2026-05-20 17:47:42,20.0,30.0,25.0,12.0,300.0,monthly,北京,朝阳,东湖,其它,10000人以上,未知,技术,人工智能/算法,算法工程师
算法工程师,2-2.8万,北京·朝阳,英德仕(北京)人力资源服务有限公司,合资,300-499人,本科,3-5年,搜索/推荐算法,技术-人工智能/算法-算法工程师,2026-05-20 17:47:43,20.0,28.0,24.0,12.0,288.0,monthly,北京,朝阳,,合资,300-499人,未知,技术,人工智能/算法,算法工程师
强化学习控制算法工程师,2-2.5万,北京·怀柔·怀北,北京雁栖湖应用数学研究院,社会团体,100-299人,硕士,经验不限,"深度学习, 强化学习, 无人机飞行器",技术-人工智能/算法-算法工程师,2026-05-20 17:47:42,20.0,25.0,22.5,12.0,270.0,monthly,北京,怀柔,怀北,社会团体,100-299人,未知,技术,人工智能/算法,算法工程师
图像算法工程师,1.5-3万·13薪,北京·大兴·荣华街道,北京天星医疗股份有限公司,股份制企业,300-499人,本科,1-3年,,技术-人工智能/算法-算法工程师,2026-05-20 17:47:43,15.0,30.0,22.5,13.0,292.5,monthly,北京,大兴,荣华街道,股份制企业,300-499人,未知,技术,人工智能/算法,算法工程师
图像算法工程师,1.5-3万,北京·大兴·博兴,北京滕达科技有限公司,民营,20-99人,硕士,1-3年,"C++, Python",技术-人工智能/算法-算法工程师,2026-05-20 17:47:43,15.0,30.0,22.5,12.0,270.0,monthly,北京,大兴,博兴,民营,20-99人,未知,技术,人工智能/算法,算法工程师
人工智能算法工程师（应届）,1.5-2.5万,北京·海淀·花园路,北京天亿弘方投资管理有限公司,上市公司,100-299人,硕士,经验不限,"深度学习, 机器学习, 语音识别, Transformer, PyTorch",技术-人工智能/算法-算法工程师,2026-05-20 17:47:44,15.0,25.0,20.0,12.0,240.0,monthly,北京,海淀,花园路,上市公司,100-299人,未知,技术,人工智能/算法,算法工程师
NLP算法工程师,1.1-2万·13薪,北京·海淀·花园路,北京幻视初见智能科技有限公司,20-99人,软件/IT服务,本科,1-3年,"BERT, LLM, Python, 推荐算法, 对话系统, 文本生成",技术-人工智能/算法-算法工程师,2026-05-20 17:47:42,11.0,20.0,15.5,13.0,201.5,monthly,北京,海淀,花园路,软件/IT服务,20-99人,未知,技术,人工智能/算法,算法工程师
算法工程师实习生,300-400元/天,北京·丰台·看丹,北京丰台城市数字科技集团有限公司,国企,300-499人,博士,经验不限,,技术-人工智能/算法-算法工程师,2026-05-20 17:47:53,6.53,8.7,7.61,12.0,91.35,daily,北京,丰台,看丹,国企,300-499人,未知,技术,人工智能/算法,算法工程师
算法工程师,5000-10000元,北京·丰台·太平桥,北京宝坤铁联科技有限公司,国企,20-99人,本科,1-3年,"大模型算法, 通信算法, Python",技术-人工智能/算法-算法工程师,2026-05-20 17:47:42,5.0,10.0,7.5,12.0,90.0,monthly,北京,丰台,太平桥,国企,20-99人,未知,技术,人工智能/算法,算法工程师
算法工程师（实习）,150-250元/天,北京·丰台·看丹,北京丰台城市数字科技集团有限公司,国企,300-499人,硕士,经验不限,,技术-人工智能/算法-算法工程师,2026-05-20 17:47:43,3.26,5.44,4.35,12.0,52.2,daily,北京,丰台,看丹,国企,300-499人,未知,技术,人工智能/算法,算法工程师
h5前端工程师,3.5-5万,北京·朝阳·望京,苏州人瑞普惠人力资源服务有限公司,上市公司,20-99人,本科,3-5年,"CSS, Vue, React, Node.js, HTML, ES",技术-前端开发-Node.js,2026-05-20 17:34:26,35.0,50.0,42.5,12.0,510.0,monthly,北京,朝阳,望京,上市公司,20-99人,未知,技术,前端开发,Node.js
react前端开发工程师,2-3万,北京·海淀·海淀街道,外企德科,合资,20-99人,大专,5-10年,"HTML5, CSS, JavaScript, React, Vue, WebGL, Node.js",技术-前端开发-Node.js,2026-05-20 17:34:27,20.0,30.0,25.0,12.0,300.0,monthly,北京,海淀,海淀街道,合资,20-99人,未知,技术,前端开发,Node.js
AI Agent 后端开发工程师,1.6-3万,北京·海淀·上地,中德福林,民营,500-999人,本科,3-5年,"AI, node.js, 架构开发",技术-前端开发-Node.js,2026-05-20 17:34:27,16.0,30.0,23.0,12.0,276.0,monthly,北京,海淀,上地,民营,500-999人,未知,技术,前端开发,Node.js
前端工程师,1.5-3万·15薪,北京·海淀·中关村,外企德科数字技术有限公司,合资,10000人以上,本科,3-5年,"CSS, JavaScript, HTML5, Vue, React, Angular, Node.js",技术-前端开发-Node.js,2026-05-20 17:34:26,15.0,30.0,22.5,15.0,337.5,monthly,北京,海淀,中关村,合资,10000人以上,未知,技术,前端开发,Node.js
前端开发工程师,1.8-2.5万,北京·朝阳·和平街,北京蜻虹科技有限公司,民营,20-99人,本科,5-10年,"电商项目, 大屏/可视化项目, GIS/地图项目, React, Ant Design",技术-前端开发-Node.js,2026-05-20 17:34:26,18.0,25.0,21.5,12.0,258.0,monthly,北京,朝阳,和平街,民营,20-99人,未知,技术,前端开发,Node.js
后端开发工程师-海淀区,1.3-2.5万,北京·海淀·上地,中德福林,民营,20-99人,本科,5-10年,"TypeScript, node.js, RUST/GO, OPENCLAW, COPAW",技术-前端开发-Node.js,2026-05-20 17:34:26,13.0,25.0,19.0,12.0,228.0,monthly,北京,海淀,上地,民营,20-99人,未知,技术,前端开发,Node.js
node.js全栈工程师,1.7-1.9万,北京·朝阳·酒仙桥,北京帝森克罗德技术有限公司,合资,500-999人,本科,3-5年,"JavaScript, Express, Koa, 全栈开发, 高级软件工程师",技术-前端开发-Node.js,2026-05-20 17:34:25,17.0,19.0,18.0,12.0,216.0,monthly,北京,朝阳,酒仙桥,合资,500-999人,未知,技术,前端开发,Node.js
h5前端开发工程师,1.5-2万·14薪,北京·朝阳·劲松,山东普罗世纪人力资源有限公司,民营,20-99人,大专,3-5年,"大屏/可视化项目, CSS, JavaScript, Vue, Node.js, React",技术-前端开发-Node.js,2026-05-20 17:34:25,15.0,20.0,17.5,14.0,245.0,monthly,北京,朝阳,劲松,民营,20-99人,未知,技术,前端开发,Node.js
（110306）前端开发工程师,1.7-1.8万,北京·海淀·清河,外企德科,合资,1000-9999人,大专,3-5年,"React Native, React, Node.js",技术-前端开发-Node.js,2026-05-20 17:34:26,17.0,18.0,17.5,12.0,210.0,monthly,北京,海淀,清河,合资,1000-9999人,未知,技术,前端开发,Node.js
前端开发,1.7-1.8万,北京·海淀·清河,外企德科,合资,10000人以上,大专,1-3年,"TypeScript, HTML5, Vue, Node.js, 活动开发",技术-前端开发-Node.js,2026-05-20 17:34:45,17.0,18.0,17.5,12.0,210.0,monthly,北京,海淀,清河,合资,10000人以上,未知,技术,前端开发,Node.js
高薪诚聘-后端开发工程师-海淀区,1.4-2.1万,北京·海淀·上地,中德福林,民营,500-999人,本科,5-10年,AI,技术-前端开发-Node.js,2026-05-20 17:35:06,14.0,21.0,17.5,12.0,210.0,monthly,北京,海淀,上地,民营,500-999人,未知,技术,前端开发,Node.js
Java/Nodejs工程师,1.6-1.8万,北京·朝阳·安贞,北京佳纳通科贸有限公司,民营,20-99人,大专,3-5年,"Java, NODEJS",技术-前端开发-Node.js,2026-05-20 17:34:27,16.0,18.0,17.0,12.0,204.0,monthly,北京,朝阳,安贞,民营,20-99人,未知,技术,前端开发,Node.js
前端开发-双休-大厂,1.6-1.8万,北京·海淀·清河,外企德科,合资,10000人以上,本科,1-3年,"鸿蒙项目, 电商项目, TypeScript, Vue, Node.js",技术-前端开发-Node.js,2026-05-20 17:34:36,16.0,18.0,17.0,12.0,204.0,monthly,北京,海淀,清河,合资,10000人以上,未知,技术,前端开发,Node.js
外包 高级前端开发,1.5-1.8万,北京·丰台·太平桥,深圳万科祥盈管理服务有限公司北京分公司,其它,1000-9999人,本科,5-10年,"React, Node.js, 保险, JavaScript",技术-前端开发-Node.js,2026-05-20 17:34:26,15.0,18.0,16.5,12.0,198.0,monthly,北京,丰台,太平桥,其它,1000-9999人,未知,技术,前端开发,Node.js
前端开发,1.6-1.7万,北京·海淀·清河,外企德科,合资,10000人以上,大专,1-3年,"Vue, TypeScript, Node.js, HTML5",技术-前端开发-Node.js,2026-05-20 17:34:26,16.0,17.0,16.5,12.0,198.0,monthly,北京,海淀,清河,合资,10000人以上,未知,技术,前端开发,Node.js
全栈工程师-桌面应用开发-Node.js,1-2万,北京·昌平·南邵,北京金钢科技有限公司,民营,100-299人,本科,1-3年,"Python, node.js",技术-前端开发-Node.js,2026-05-20 17:34:25,10.0,20.0,15.0,12.0,180.0,monthly,北京,昌平,南邵,民营,100-299人,未知,技术,前端开发,Node.js
node.js全栈工程师,1.2-1.3万,北京·海淀·上地,超星集团有限公司,民营,1000-9999人,本科,1-3年,"JavaScript, Express, Koa, 全栈开发, 教育类产品开发",技术-前端开发-Node.js,2026-05-20 17:34:25,12.0,13.0,12.5,12.0,150.0,monthly,北京,海淀,上地,民营,1000-9999人,未知,技术,前端开发,Node.js
前端工程师,1-1.5万,北京·昌平·北七家,北京航星永志信息技术有限公司,民营,300-499人,本科,5-10年,"Vue, CSS, JavaScript, HTML5, React, OpenLayers",技术-前端开发-Node.js,2026-05-20 17:34:26,10.0,15.0,12.5,12.0,150.0,monthly,北京,昌平,北七家,民营,300-499人,未知,技术,前端开发,Node.js
Node.js,8000-13000元,北京·通州·东华门,北京紫锣科技有限公司,20-99人,互联网广告/营销,学历不限,经验不限,,技术-前端开发-Node.js,2026-05-20 17:34:25,8.0,13.0,10.5,12.0,126.0,monthly,北京,通州,东华门,互联网广告/营销,20-99人,未知,技术,前端开发,Node.js
Node.js,8000-13000元,北京·东城·东华门,长沙恩欣科技有限公司,20-99人,软件/IT服务,学历不限,经验不限,,技术-前端开发-Node.js,2026-05-20 17:34:25,8.0,13.0,10.5,12.0,126.0,monthly,北京,东城,东华门,软件/IT服务,20-99人,未知,技术,前端开发,Node.js
node.js全栈工程师,8000-13000元,北京·昌平·史各庄,北京三三云软信息技术有限公司,民营,20-99人,大专,1-3年,"容器技术, 全栈开发, WEB开发, Linux, Express",技术-前端开发-Node.js,2026-05-20 17:34:25,8.0,13.0,10.5,12.0,126.0,monthly,北京,昌平,史各庄,民营,20-99人,未知,技术,前端开发,Node.js
数据平台前端开发工程师,8000-11000元,北京·朝阳·和平街,武汉宝信信息技术有限公司,100-299人,软件/IT服务,本科,1-3年,"GIS/地图项目, 大屏/可视化项目, CSS, HTML5, TypeScript",技术-前端开发-Node.js,2026-05-20 17:34:27,8.0,11.0,9.5,12.0,114.0,monthly,北京,朝阳,和平街,软件/IT服务,100-299人,未知,技术,前端开发,Node.js
全栈工程师,3-4.5万,北京·海淀·中关村,苏州恩巨网络有限公司,外商独资,20-99人,大专,3-5年,"Java, Spring, 微服务架构, MySQL, Oracle, Vue, Redis",技术-前端开发-全栈工程师,2026-05-20 17:33:33,30.0,45.0,37.5,12.0,450.0,monthly,北京,海淀,中关村,外商独资,20-99人,未知,技术,前端开发,全栈工程师
全栈工程师（java，go，python，js，re）,2-3.5万·18薪,北京·朝阳,外企德科数字技术有限公司,合资,10000人以上,本科,经验不限,"前端开发, 后端开发, JavaScript, react, Java, GoLang",技术-前端开发-全栈工程师,2026-05-20 17:33:33,20.0,35.0,27.5,18.0,495.0,monthly,北京,朝阳,,合资,10000人以上,未知,技术,前端开发,全栈工程师
全栈工程师（兼职）,2.5万,北京·朝阳,位来小猎(宁波)信息技术有限公司,合资,100-299人,本科,3-5年,"C#, SQL Server, PostgreSQL, Vue.js, .NET Core, .NET 6+",技术-前端开发-全栈工程师,2026-05-20 17:33:32,25.0,25.0,25.0,12.0,300.0,monthly,北京,朝阳,,合资,100-299人,未知,技术,前端开发,全栈工程师
前端开发/后端开发/全栈工程师,1.5-3万·15薪,北京·海淀,外企德科数字技术有限公司,合资,10000人以上,本科,经验不限,"C语言, Python",技术-前端开发-全栈工程师,2026-05-20 17:33:32,15.0,30.0,22.5,15.0,337.5,monthly,北京,海淀,,合资,10000人以上,未知,技术,前端开发,全栈工程师
Agent全栈工程师,1.5-3万,北京·朝阳,安徽赛德盛医药科技股份有限公司,民营,100-299人,本科,3-5年,,技术-前端开发-全栈工程师,2026-05-20 17:33:33,15.0,30.0,22.5,12.0,270.0,monthly,北京,朝阳,,民营,100-299人,未知,技术,前端开发,全栈工程师
全栈工程师,1.5-3万·15薪,北京·朝阳,外企德科数字技术有限公司,合资,10000人以上,本科,1-3年,"前端开发, react, Java, GoLang, MySQL, Redis",技术-前端开发-全栈工程师,2026-05-20 17:33:34,15.0,30.0,22.5,15.0,337.5,monthly,北京,朝阳,,合资,10000人以上,未知,技术,前端开发,全栈工程师
全栈工程师（短期到11月）,1.8-2.5万,北京·顺义·空港,北京百米互联科技有限公司,民营,100-299人,本科,5-10年,"Python, Java",技术-前端开发-全栈工程师,2026-05-20 17:33:33,18.0,25.0,21.5,12.0,258.0,monthly,北京,顺义,空港,民营,100-299人,未知,技术,前端开发,全栈工程师
前端开发/后端开发/全栈工程师,1.4-2.8万·15薪,北京·海淀,外企德科数字技术有限公司,合资,10000人以上,本科,经验不限,"Python, Java, C, 前端开发, 后端开发, 软件测试, MySQL",技术-前端开发-全栈工程师,2026-05-20 17:33:33,14.0,28.0,21.0,15.0,315.0,monthly,北京,海淀,,合资,10000人以上,未知,技术,前端开发,全栈工程师
系统架构师/资深全栈工程师,1.5-2.5万,北京·丰台·六里桥,北京学优乐科技有限公司,20-99人,互联网电商,本科,3-5年,"Java, SpringBoot, .NET, 大数据架构, 高并发高可用架构",技术-前端开发-全栈工程师,2026-05-20 17:33:32,15.0,25.0,20.0,12.0,240.0,monthly,北京,丰台,六里桥,互联网电商,20-99人,未知,技术,前端开发,全栈工程师
全栈工程师,1.5-2.5万,北京·海淀,北京今大禹环境技术股份有限公司,股份制企业,100-299人,本科,5-10年,"Java, 全栈开发, MySQL, Oracle",技术-前端开发-全栈工程师,2026-05-20 17:33:32,15.0,25.0,20.0,12.0,240.0,monthly,北京,海淀,,股份制企业,100-299人,未知,技术,前端开发,全栈工程师
全栈工程师,1.2-2万,北京·通州·中仓,德迅科技有限公司,民营,20-99人,本科,5-10年,"前端开发, 后端开发, JavaScript, Vue, Java, MySQL",技术-前端开发-全栈工程师,2026-05-20 17:33:33,12.0,20.0,16.0,12.0,192.0,monthly,北京,通州,中仓,民营,20-99人,未知,技术,前端开发,全栈工程师
php全栈工程师,1.5-1.6万,北京·石景山·鲁谷,山东聚智半导体科技有限公司,20-99人,半导体/芯片,大专,3-5年,"HTML, CSS, SQL, Laravel, ThinkPHP, MySQL, Redis",技术-前端开发-全栈工程师,2026-05-20 17:33:34,15.0,16.0,15.5,12.0,186.0,monthly,北京,石景山,鲁谷,半导体/芯片,20-99人,未知,技术,前端开发,全栈工程师
全栈工程师,1.3-1.8万,北京·大兴,沈阳韩邦软件开发有限公司,外商独资,20-99人,本科,3-5年,"全栈, 高级驾驶辅助系统, ADAS",技术-前端开发-全栈工程师,2026-05-20 17:33:34,13.0,18.0,15.5,12.0,186.0,monthly,北京,大兴,,外商独资,20-99人,未知,技术,前端开发,全栈工程师
java全栈工程师,1.4-1.6万,北京·丰台·六里桥,北京高维通科技发展有限公司,民营,100-299人,本科,5-10年,"后端开发, 前端开发, Vue, Java, MemcacheDB, Redis",技术-前端开发-全栈工程师,2026-05-20 17:33:33,14.0,16.0,15.0,12.0,180.0,monthly,北京,丰台,六里桥,民营,100-299人,未知,技术,前端开发,全栈工程师
java全栈工程师,1.3-1.5万,北京·海淀·中关村,北京果汁科技有限公司,民营,20-99人,大专,5-10年,"Java, 后端开发, 前端开发, MySQL",技术-前端开发-全栈工程师,2026-05-20 17:33:33,13.0,15.0,14.0,12.0,168.0,monthly,北京,海淀,中关村,民营,20-99人,未知,技术,前端开发,全栈工程师
中级全栈工程师,1-1.7万,北京·丰台·六里桥,润和软件,上市公司,1000-9999人,本科,3-5年,"linux, 国产数据库",技术-前端开发-全栈工程师,2026-05-20 17:33:32,10.0,17.0,13.5,12.0,162.0,monthly,北京,丰台,六里桥,上市公司,1000-9999人,未知,技术,前端开发,全栈工程师
前端开发/后端开发/全栈工程师,1-1.5万·14薪,北京·昌平·北七家,外企德科数字技术有限公司,合资,10000人以上,本科,经验不限,"前端开发, 后端开发, Java, C++, MySQL, JavaScript, Vue",技术-前端开发-全栈工程师,2026-05-20 17:33:32,10.0,15.0,12.5,14.0,175.0,monthly,北京,昌平,北七家,合资,10000人以上,未知,技术,前端开发,全栈工程师
全栈工程师,8000-13000元,北京·大兴·东华门,北京紫锣科技有限公司,20-99人,互联网广告/营销,学历不限,经验不限,,技术-前端开发-全栈工程师,2026-05-20 17:33:32,8.0,13.0,10.5,12.0,126.0,monthly,北京,大兴,东华门,互联网广告/营销,20-99人,未知,技术,前端开发,全栈工程师
全栈工程师,8000-13000元,北京·房山·东华门,北京紫锣科技有限公司,20-99人,互联网广告/营销,学历不限,经验不限,,技术-前端开发-全栈工程师,2026-05-20 17:33:32,8.0,13.0,10.5,12.0,126.0,monthly,北京,房山,东华门,互联网广告/营销,20-99人,未知,技术,前端开发,全栈工程师
node.js全栈工程师,8000-13000元,北京·昌平·史各庄,北京三三云软信息技术有限公司,民营,20-99人,大专,1-3年,"容器技术, 全栈开发, WEB开发, Linux, Express",技术-前端开发-全栈工程师,2026-05-20 17:33:34,8.0,13.0,10.5,12.0,126.0,monthly,北京,昌平,史各庄,民营,20-99人,未知,技术,前端开发,全栈工程师
React前端开发工程师（AI大厂）,2-4万,北京·海淀·海淀街道,外企德科,合资,20-99人,大专,经验不限,"AI项目, React",技术-前端开发-前端开发,2026-05-20 17:33:04,20.0,40.0,30.0,12.0,360.0,monthly,北京,海淀,海淀街道,合资,20-99人,未知,技术,前端开发,前端开发
react前端开发工程师,2-3万,北京·海淀·海淀街道,外企德科,合资,20-99人,大专,5-10年,"HTML5, CSS, JavaScript, React, Vue, WebGL, Node.js",技术-前端开发-前端开发,2026-05-20 17:32:43,20.0,30.0,25.0,12.0,300.0,monthly,北京,海淀,海淀街道,合资,20-99人,未知,技术,前端开发,前端开发
前端开发工程师,2-3万·16薪,北京·海淀·学院路,外企德科数字技术有限公司,合资,10000人以上,本科,1-3年,"JavaScript, Java, Golang, Vue, React",技术-前端开发-前端开发,2026-05-20 17:32:44,20.0,30.0,25.0,16.0,400.0,monthly,北京,海淀,学院路,合资,10000人以上,未知,技术,前端开发,前端开发
web 前端开发工程师（定岗北京） (MJ000728),1.6-2.9万,北京·丰台·看丹,中国网安,国企,1000-9999人,本科,3-5年,Web前端开发,技术-前端开发-前端开发,2026-05-20 17:32:42,16.0,29.0,22.5,12.0,270.0,monthly,北京,丰台,看丹,国企,1000-9999人,未知,技术,前端开发,前端开发
vue前端开发工程师,1.5-3万,北京·海淀,天津神舟通用数据技术有限公司,国企,100-299人,本科,3-5年,"VUE前端开发工程师, 前端开发",技术-前端开发-前端开发,2026-05-20 17:32:43,15.0,30.0,22.5,12.0,270.0,monthly,北京,海淀,,国企,100-299人,未知,技术,前端开发,前端开发
前端开发岗,1.5-3万,北京·朝阳·朝外,某大型国企公司,其它,500-999人,硕士,5-10年,"金融项目, 保险项目, 银行项目, 证券项目, JavaScript",技术-前端开发-前端开发,2026-05-20 17:32:43,15.0,30.0,22.5,12.0,270.0,monthly,北京,朝阳,朝外,其它,500-999人,未知,技术,前端开发,前端开发
java/c++/C/Python/前端开发工程师,1.5-3万·14薪,北京·海淀,外企德科数字技术有限公司,合资,10000人以上,本科,经验不限,"C语言, Java, Python",技术-前端开发-前端开发,2026-05-20 17:33:22,15.0,30.0,22.5,14.0,315.0,monthly,北京,海淀,,合资,10000人以上,未知,技术,前端开发,前端开发
前端开发工程师,1.8-2.5万,北京·朝阳·和平街,北京蜻虹科技有限公司,民营,20-99人,本科,5-10年,"电商项目, 大屏/可视化项目, GIS/地图项目, React, Ant Design",技术-前端开发-前端开发,2026-05-20 17:32:42,18.0,25.0,21.5,12.0,258.0,monthly,北京,朝阳,和平街,民营,20-99人,未知,技术,前端开发,前端开发
web前端开发工程师,1.5-2.3万·14薪,北京·海淀·马连洼,山东普罗世纪人力资源有限公司,民营,100-299人,大专,3-5年,"大屏/可视化项目, 金融项目, 电商项目, HTML5, JavaScript",技术-前端开发-前端开发,2026-05-20 17:32:43,15.0,23.0,19.0,14.0,266.0,monthly,北京,海淀,马连洼,民营,100-299人,未知,技术,前端开发,前端开发
前端开发工程师,1.6-1.9万,北京·西城·金融街,达维信息技术(深圳)有限公司北京分公司,100-299人,产业互联网平台,本科,3-5年,"HTML5, JavaScript, 金融项目, React Native, React",技术-前端开发-前端开发,2026-05-20 17:32:42,16.0,19.0,17.5,12.0,210.0,monthly,北京,西城,金融街,产业互联网平台,100-299人,未知,技术,前端开发,前端开发
h5前端开发工程师,1.5-2万·14薪,北京·朝阳·劲松,山东普罗世纪人力资源有限公司,民营,20-99人,大专,3-5年,"大屏/可视化项目, CSS, JavaScript, Vue, Node.js, React",技术-前端开发-前端开发,2026-05-20 17:32:42,15.0,20.0,17.5,14.0,245.0,monthly,北京,朝阳,劲松,民营,20-99人,未知,技术,前端开发,前端开发
前端开发,1.7-1.8万,北京·海淀·清河,外企德科,合资,10000人以上,大专,1-3年,"TypeScript, HTML5, Vue, Node.js, 活动开发",技术-前端开发-前端开发,2026-05-20 17:32:53,17.0,18.0,17.5,12.0,210.0,monthly,北京,海淀,清河,合资,10000人以上,未知,技术,前端开发,前端开发
外包 高级前端开发,1.5-1.8万,北京·丰台·太平桥,深圳万科祥盈管理服务有限公司北京分公司,其它,1000-9999人,本科,5-10年,"React, Node.js, 保险, JavaScript",技术-前端开发-前端开发,2026-05-20 17:32:43,15.0,18.0,16.5,12.0,198.0,monthly,北京,丰台,太平桥,其它,1000-9999人,未知,技术,前端开发,前端开发
前端开发工程师（RN，中后台）,1.5-1.8万,北京·海淀·清河,外企德科,合资,1000-9999人,大专,3-5年,"HTML, CSS, JavaScript, Vue, React, React Native",技术-前端开发-前端开发,2026-05-20 17:33:22,15.0,18.0,16.5,12.0,198.0,monthly,北京,海淀,清河,合资,1000-9999人,未知,技术,前端开发,前端开发
web前端开发工程师,1.2-1.4万,北京·朝阳·团结湖,安徽屹通信息科技发展有限公司,民营,1000-9999人,本科,3-5年,"金融项目, 银行项目, HTML5, Vue",技术-前端开发-前端开发,2026-05-20 17:32:43,12.0,14.0,13.0,12.0,156.0,monthly,北京,朝阳,团结湖,民营,1000-9999人,未知,技术,前端开发,前端开发
前端开发,1-1.5万,北京·顺义·李桥,北京胡众置业集团有限公司,民营,20-99人,本科,3-5年,"电商项目, 直播视频项目, JavaScript",技术-前端开发-前端开发,2026-05-20 17:32:42,10.0,15.0,12.5,12.0,150.0,monthly,北京,顺义,李桥,民营,20-99人,未知,技术,前端开发,前端开发
前端开发工程师,8000-16000元,北京·海淀·中关村,北京盛安同力科技开发有限公司,其它,20-99人,本科,1-3年,"GIS/地图项目, CSS, HTML5",技术-前端开发-前端开发,2026-05-20 17:32:42,8.0,16.0,12.0,12.0,144.0,monthly,北京,海淀,中关村,其它,20-99人,未知,技术,前端开发,前端开发
前端开发工程师,1.1-1.3万,北京·丰台·太平桥,天津易商数智科技有限公司,100-299人,产业互联网平台,本科,3-5年,"Vue, HTML5, React",技术-前端开发-前端开发,2026-05-20 17:32:42,11.0,13.0,12.0,12.0,144.0,monthly,北京,丰台,太平桥,产业互联网平台,100-299人,未知,技术,前端开发,前端开发
react前端开发,1-1.2万,北京·朝阳,中电金信软件有限公司,国企,10000人以上,本科,1-3年,React,技术-前端开发-前端开发,2026-05-20 17:32:42,10.0,12.0,11.0,12.0,132.0,monthly,北京,朝阳,,国企,10000人以上,未知,技术,前端开发,前端开发
前端开发,8000-13000元,北京·密云·东华门,北京紫锣科技有限公司,20-99人,互联网广告/营销,学历不限,经验不限,,技术-前端开发-前端开发,2026-05-20 17:32:43,8.0,13.0,10.5,12.0,126.0,monthly,北京,密云,东华门,互联网广告/营销,20-99人,未知,技术,前端开发,前端开发
前端开发,8000-13000元,北京·平谷·东华门,长沙恩欣科技有限公司,20-99人,软件/IT服务,学历不限,经验不限,,技术-前端开发-前端开发,2026-05-20 17:32:43,8.0,13.0,10.5,12.0,126.0,monthly,北京,平谷,东华门,软件/IT服务,20-99人,未知,技术,前端开发,前端开发
前端开发,8000-13000元,北京·通州·东华门,北京紫锣科技有限公司,20-99人,互联网广告/营销,学历不限,经验不限,,技术-前端开发-前端开发,2026-05-20 17:32:43,8.0,13.0,10.5,12.0,126.0,monthly,北京,通州,东华门,互联网广告/营销,20-99人,未知,技术,前端开发,前端开发
高级前端开发工程师,面议,北京·朝阳·东湖,北京三快在线科技有限公司,上市公司,10000人以上,本科,3-5年,,技术-前端开发-前端开发,2026-05-20 17:32:43,,,,,,negotiable,北京,朝阳,东湖,上市公司,10000人以上,未知,技术,前端开发,前端开发
前端开发实习生,面议,北京·朝阳·东湖,北京三快在线科技有限公司,上市公司,10000人以上,本科,经验不限,,技术-前端开发-前端开发,2026-05-20 17:32:43,,,,,,negotiable,北京,朝阳,东湖,上市公司,10000人以上,未知,技术,前端开发,前端开发
北京-软件产品经理（To C）,2.5-4万,北京·海淀,北京思灵机器人科技有限责任公司,民营,1000-9999人,本科,5-10年,"TO C, 软件产品经理, 引流",技术-后端开发-C/C++,2026-05-20 17:01:27,25.0,40.0,32.5,12.0,390.0,monthly,北京,海淀,,民营,1000-9999人,未知,技术,后端开发,C/C++
C/C++嵌入式软件工程师,2-4万,北京·通州·马驹桥,科益虹源,国企,300-499人,本科,经验不限,"C#, C语言, Python, 嵌入式开发",技术-后端开发-C/C++,2026-05-20 17:01:29,20.0,40.0,30.0,12.0,360.0,monthly,北京,通州,马驹桥,国企,300-499人,未知,技术,后端开发,C/C++
Java/C/C++/Python/js前端等,1.8-3.5万·14薪,北京·海淀,外企德科数字技术有限公司,合资,10000人以上,学历不限,经验不限,"Java, C, JavaScript",技术-后端开发-C/C++,2026-05-20 17:01:28,18.0,35.0,26.5,14.0,371.0,monthly,北京,海淀,,合资,10000人以上,未知,技术,后端开发,C/C++
C工程师,2.2-3万,北京·海淀·上地,北京密码云芯科技有限公司,民营,100-299人,本科,3-5年,,技术-后端开发-C/C++,2026-05-20 17:01:27,22.0,30.0,26.0,12.0,312.0,monthly,北京,海淀,上地,民营,100-299人,未知,技术,后端开发,C/C++
C/C++/Java/Python//JS无经验可投递-双休五险一金年终奖,1.5-3万·14薪,北京·海淀,外企德科数字技术有限公司,合资,10000人以上,本科,经验不限,"Java, Python, C语言",技术-后端开发-C/C++,2026-05-20 17:01:27,15.0,30.0,22.5,14.0,315.0,monthly,北京,海淀,,合资,10000人以上,未知,技术,后端开发,C/C++
Java/C++/python/c/算法岗位,1.5-3万,北京·海淀,外企德科数字技术有限公司,合资,10000人以上,本科,经验不限,,技术-后端开发-C/C++,2026-05-20 17:01:29,15.0,30.0,22.5,12.0,270.0,monthly,北京,海淀,,合资,10000人以上,未知,技术,后端开发,C/C++
C/C++/Python/Java开发工程师(六险一金导师带教),1.5-3万·14薪,北京·海淀,科锐尔人力资源服务(苏州)有限公司,上市公司,1000-9999人,本科,经验不限,"Java, C语言, Python, MySQL",技术-后端开发-C/C++,2026-05-20 17:01:29,15.0,30.0,22.5,14.0,315.0,monthly,北京,海淀,,上市公司,1000-9999人,未知,技术,后端开发,C/C++
C/C++/Java/JS/Python软开（接受应届）,1.5-3万,北京·海淀,外企德科数字技术有限公司,合资,10000人以上,本科,经验不限,"JavaScript, Python, C++, Spring, MySQL",技术-后端开发-C/C++,2026-05-20 17:01:29,15.0,30.0,22.5,12.0,270.0,monthly,北京,海淀,,合资,10000人以上,未知,技术,后端开发,C/C++
软件开发工程师（Java/C/C++/python/JS）,1.5-3万,北京·海淀,外企德科数字技术有限公司,合资,10000人以上,本科,经验不限,"C, C++, Python",技术-后端开发-C/C++,2026-05-20 17:01:40,15.0,30.0,22.5,12.0,270.0,monthly,北京,海淀,,合资,10000人以上,未知,技术,后端开发,C/C++
C/C++开发,1.5-3万·15薪,北京·海淀·上地,外企德科数字技术有限公司,合资,10000人以上,本科,经验不限,"C语言, Java, Python",技术-后端开发-C/C++,2026-05-20 17:01:40,15.0,30.0,22.5,15.0,337.5,monthly,北京,海淀,上地,合资,10000人以上,未知,技术,后端开发,C/C++
C/C++/Java/Python/JS软件开发/算法/数据,1.5-3万·15薪,北京·海淀,外企德科数字技术有限公司,合资,10000人以上,本科,经验不限,C语言,技术-后端开发-C/C++,2026-05-20 17:01:41,15.0,30.0,22.5,15.0,337.5,monthly,北京,海淀,,合资,10000人以上,未知,技术,后端开发,C/C++
c++/python/java/c/算法/测试,1.5-3万·14薪,北京·海淀,外企德科数字技术有限公司,合资,10000人以上,本科,经验不限,"C语言, Java, Python",技术-后端开发-C/C++,2026-05-20 17:01:48,15.0,30.0,22.5,14.0,315.0,monthly,北京,海淀,,合资,10000人以上,未知,技术,后端开发,C/C++
JAVA/C++/C/Python 14薪双休 应届生可投,1.5-3万·14薪,北京,外企德科数字技术有限公司,合资,10000人以上,本科,经验不限,"JavaScript, Python, C++",技术-后端开发-C/C++,2026-05-20 17:01:49,15.0,30.0,22.5,14.0,315.0,monthly,北京,未知,,合资,10000人以上,未知,技术,后端开发,C/C++
前后端/算法开发（C/java/Python/js/vue）,1.5-3万,北京·昌平·北七家,外企德科数字技术有限公司,合资,10000人以上,本科,经验不限,"C++, C, Mybatis, MySQL",技术-后端开发-C/C++,2026-05-20 17:01:49,15.0,30.0,22.5,12.0,270.0,monthly,北京,昌平,北七家,合资,10000人以上,未知,技术,后端开发,C/C++
Java/C/C++/Python/前端/测试（线上面试）,1.5-3万,北京·海淀,外企德科数字技术有限公司,合资,10000人以上,本科,经验不限,"C语言, Java, Python, Web开发, 嵌入式开发, Linux开发",技术-后端开发-C/C++,2026-05-20 17:01:59,15.0,30.0,22.5,12.0,270.0,monthly,北京,海淀,,合资,10000人以上,未知,技术,后端开发,C/C++
Java/C/C++/Python/前端/测试（线上面试）,1.5-3万·14薪,北京·海淀,外企德科数字技术有限公司,合资,10000人以上,本科,经验不限,"C++, Java",技术-后端开发-C/C++,2026-05-20 17:02:10,15.0,30.0,22.5,14.0,315.0,monthly,北京,海淀,,合资,10000人以上,未知,技术,后端开发,C/C++
JAVA/JS/C/C++/Python/go/测试,1.5-3万·14薪,北京·海淀,外企德科数字技术有限公司,合资,10000人以上,本科,经验不限,"JavaScript, Python, C++",技术-后端开发-C/C++,2026-05-20 17:02:11,15.0,30.0,22.5,14.0,315.0,monthly,北京,海淀,,合资,10000人以上,未知,技术,后端开发,C/C++
c/c++开发工程师,1.9-2.4万,北京·海淀·花园路,上海汉邦京泰数码技术有限公司北京分公司,民营,20-99人,本科,3-5年,C语言,技术-后端开发-C/C++,2026-05-20 17:01:29,19.0,24.0,21.5,12.0,258.0,monthly,北京,海淀,花园路,民营,20-99人,未知,技术,后端开发,C/C++
Java/C/C++/Python/JS 软件开发测试,1.5-2.8万·14薪,北京·海淀,外企德科数字技术有限公司,合资,10000人以上,本科,经验不限,"C++, Python, C, Java, JS",技术-后端开发-C/C++,2026-05-20 17:01:49,15.0,28.0,21.5,14.0,301.0,monthly,北京,海淀,,合资,10000人以上,未知,技术,后端开发,C/C++
Java/C/C++/python/开发/测试工程师,1.3-2.6万·14薪,北京·海淀,外企德科数字技术有限公司,合资,10000人以上,本科,经验不限,"JavaScript, Python, C++",技术-后端开发-C/C++,2026-05-20 17:02:11,13.0,26.0,19.5,14.0,273.0,monthly,北京,海淀,,合资,10000人以上,未知,技术,后端开发,C/C++
Python/Java/C++/C软开/软测【14-16薪】,1.2-2.4万·14薪,北京·海淀,外企德科数字技术有限公司,合资,10000人以上,本科,经验不限,"Java, C++, C",技术-后端开发-C/C++,2026-05-20 17:01:28,12.0,24.0,18.0,14.0,252.0,monthly,北京,海淀,,合资,10000人以上,未知,技术,后端开发,C/C++
C++/C/Java/Python/GO开发/测试,1.2-2.4万,北京·海淀,外企德科数字技术有限公司,合资,10000人以上,本科,1-3年,"C语言, Java, Python, GIS开发, Web开发, QT开发",技术-后端开发-C/C++,2026-05-20 17:01:28,12.0,24.0,18.0,12.0,216.0,monthly,北京,海淀,,合资,10000人以上,未知,技术,后端开发,C/C++
C/C++软件开发工程师,1.2-2.4万·14薪,北京·海淀,外企德科数字技术有限公司,合资,10000人以上,本科,经验不限,"C语言, MFC, Qt, MySQL",技术-后端开发-C/C++,2026-05-20 17:01:29,12.0,24.0,18.0,14.0,252.0,monthly,北京,海淀,,合资,10000人以上,未知,技术,后端开发,C/C++
C/C++(Qt)软件工程师,1.3-2万,北京·石景山·苹果园,北京龙坤盛达科技有限公司,民营,20-99人,本科,经验不限,"QT开发, Linux开发, 上位机, PS",技术-后端开发-C/C++,2026-05-20 17:01:28,13.0,20.0,16.5,12.0,198.0,monthly,北京,石景山,苹果园,民营,20-99人,未知,技术,后端开发,C/C++
"软件工程师（类LINUX/C,C++）",1.3-2万,北京·朝阳,民航空管技术装备发展有限公司,国企,100-299人,本科,3-5年,"类LINUX/C, C++",技术-后端开发-C/C++,2026-05-20 17:01:29,13.0,20.0,16.5,12.0,198.0,monthly,北京,朝阳,,国企,100-299人,未知,技术,后端开发,C/C++
线上面试-全国（Java、python、C、C++、GO、JS等）,1.1-2.2万·15薪,北京·海淀,外企德科数字技术有限公司,合资,10000人以上,本科,经验不限,"Java, C++, Python",技术-后端开发-C/C++,2026-05-20 17:01:40,11.0,22.0,16.5,15.0,247.5,monthly,北京,海淀,,合资,10000人以上,未知,技术,后端开发,C/C++
C/C++软件开发工程师,1.2-1.8万,北京·东城·和平里,北京惟望科技发展有限公司,国企,20-99人,本科,3-5年,C语言,技术-后端开发-C/C++,2026-05-20 17:01:29,12.0,18.0,15.0,12.0,180.0,monthly,北京,东城,和平里,国企,20-99人,未知,技术,后端开发,C/C++
Linux C 开发工程师助理,1.2-1.6万,北京·海淀·马连洼,北京蓝卡科技股份有限公司,上市公司,100-299人,本科,1-3年,"Linux C, 嵌入式, C/C++, 嵌入式开发, MySQL, Redis",技术-后端开发-C/C++,2026-05-20 17:01:28,12.0,16.0,14.0,12.0,168.0,monthly,北京,海淀,马连洼,上市公司,100-299人,未知,技术,后端开发,C/C++
初级软件工程师（C/C++/Qt）,8000-15000元,北京·昌平,北京星空建腾电子科技有限公司,民营,20-99人,本科,经验不限,"C语言, C#, QT开发",技术-后端开发-C/C++,2026-05-20 17:01:28,8.0,15.0,11.5,12.0,138.0,monthly,北京,昌平,,民营,20-99人,未知,技术,后端开发,C/C++
c/c++软件开发工程师,8000-15000元,北京·朝阳,北京信博云控科技发展有限公司,民营,20-99人,本科,3-5年,"STL, Linux开发, C/C++开发, 高并发系统优化",技术-后端开发-C/C++,2026-05-20 17:01:28,8.0,15.0,11.5,12.0,138.0,monthly,北京,朝阳,,民营,20-99人,未知,技术,后端开发,C/C++
急招普工/操作工,5000-8000元,北京·房山·石楼,北京京宇一美生物科技有限责任公司,民营,20-99人,高中,经验不限,"厂内食堂, 无菌操作, 注射剂, 社会保险, 月结, 清洗灭菌",技术-后端开发-C/C++,2026-05-20 17:01:28,5.0,8.0,6.5,12.0,78.0,monthly,北京,房山,石楼,民营,20-99人,未知,技术,后端开发,C/C++
C/C++通讯软件开发工程师,面议,北京·通州·台湖,中兴通讯,股份制企业,10000人以上,本科,1-3年,"C++, C语言, 通信专用ASIC",技术-后端开发-C/C++,2026-05-20 17:01:27,,,,,,negotiable,北京,通州,台湖,股份制企业,10000人以上,未知,技术,后端开发,C/C++
高级Golang开发工程师,3-6万,北京·海淀,苏州人瑞普惠人力资源服务有限公司,上市公司,20-99人,本科,经验不限,"数据系统, Python",技术-后端开发-Golang,2026-05-20 17:02:20,30.0,60.0,45.0,12.0,540.0,monthly,北京,海淀,,上市公司,20-99人,未知,技术,后端开发,Golang
Golang后端开发工程师,2-4万,北京·海淀·海淀街道,外企德科,合资,20-99人,本科,经验不限,AI项目,技术-后端开发-Golang,2026-05-20 17:02:21,20.0,40.0,30.0,12.0,360.0,monthly,北京,海淀,海淀街道,合资,20-99人,未知,技术,后端开发,Golang
Golang,2.5-3.5万,北京·海淀·海淀街道,上海微创软件股份有限公司,合资,10000人以上,本科,5-10年,"GO, AI项目, MySQL",技术-后端开发-Golang,2026-05-20 17:02:22,25.0,35.0,30.0,12.0,360.0,monthly,北京,海淀,海淀街道,合资,10000人以上,未知,技术,后端开发,Golang
golang开发工程师,2-4万·14薪,北京·朝阳·奥运村,北京仁屿科技有限公司,民营,100-299人,本科,1-3年,Golang,技术-后端开发-Golang,2026-05-20 17:02:22,20.0,40.0,30.0,14.0,420.0,monthly,北京,朝阳,奥运村,民营,100-299人,未知,技术,后端开发,Golang
服务端开发工程师（Java/Golang）,2-3.5万·15薪,北京·海淀·学院路,外企德科数字技术有限公司,合资,10000人以上,本科,3-5年,"JavaScript, C++, MySQL, Spring, Struts, Mybatis",技术-后端开发-Golang,2026-05-20 17:02:21,20.0,35.0,27.5,15.0,412.5,monthly,北京,海淀,学院路,合资,10000人以上,未知,技术,后端开发,Golang
服务端开发工程师（Java/Golang）,2-3.5万·15薪,北京·海淀·海淀街道,外企德科数字技术有限公司,合资,10000人以上,本科,3-5年,"JavaScript, C++, MySQL, Spring, Struts, Mybatis",技术-后端开发-Golang,2026-05-20 17:02:22,20.0,35.0,27.5,15.0,412.5,monthly,北京,海淀,海淀街道,合资,10000人以上,未知,技术,后端开发,Golang
Golang后端开发工程师（AI产品）,2-3万,北京·海淀·海淀街道,外企德科,合资,20-99人,大专,3-5年,GOLONG,技术-后端开发-Golang,2026-05-20 17:02:21,20.0,30.0,25.0,12.0,300.0,monthly,北京,海淀,海淀街道,合资,20-99人,未知,技术,后端开发,Golang
golang工程师,1.9-3万,北京·海淀·中关村,苏州人瑞普惠人力资源服务有限公司,上市公司,20-99人,本科,1-3年,"Python, Java, C++",技术-后端开发-Golang,2026-05-20 17:02:21,19.0,30.0,24.5,12.0,294.0,monthly,北京,海淀,中关村,上市公司,20-99人,未知,技术,后端开发,Golang
Golang开发工程师,1.8-3万·15薪,北京·朝阳,外企德科数字技术有限公司,合资,10000人以上,本科,3-5年,"Java, 云计算项目, 软件项目, AI项目, MongoDB, MySQL",技术-后端开发-Golang,2026-05-20 17:02:21,18.0,30.0,24.0,15.0,360.0,monthly,北京,朝阳,,合资,10000人以上,未知,技术,后端开发,Golang
Golang开发工程师（中高级）,1.5-3万·15薪,北京·海淀·学院路,外企德科数字技术有限公司,合资,10000人以上,本科,3-5年,"Java, Python, 后端研发, 分布式系统, ERP项目",技术-后端开发-Golang,2026-05-20 17:02:21,15.0,30.0,22.5,15.0,337.5,monthly,北京,海淀,学院路,合资,10000人以上,未知,技术,后端开发,Golang
Java/golang服务端开发工程师,1.5-3万·15薪,北京·海淀·海淀街道,外企德科数字技术有限公司,合资,10000人以上,本科,1-3年,"Java, Golang",技术-后端开发-Golang,2026-05-20 17:02:22,15.0,30.0,22.5,15.0,337.5,monthly,北京,海淀,海淀街道,合资,10000人以上,未知,技术,后端开发,Golang
Golang,1.8-2万,北京·海淀·上地,首聘(北京)科技有限公司,民营,1000-9999人,大专,1-3年,,技术-后端开发-Golang,2026-05-20 17:02:21,18.0,20.0,19.0,12.0,228.0,monthly,北京,海淀,上地,民营,1000-9999人,未知,技术,后端开发,Golang
golang,1.8-2万,北京·通州·台湖,上海微创软件股份有限公司,合资,10000人以上,本科,5-10年,PHP,技术-后端开发-Golang,2026-05-20 17:02:21,18.0,20.0,19.0,12.0,228.0,monthly,北京,通州,台湖,合资,10000人以上,未知,技术,后端开发,Golang
Golang后端开发,1.5-2.2万,北京·海淀·中关村,北京亿智云科技有限公司,20-99人,信息安全,本科,3-5年,"GO, AI项目, 物联网项目, 云计算项目, MySQL, MongoDB",技术-后端开发-Golang,2026-05-20 17:02:20,15.0,22.0,18.5,12.0,222.0,monthly,北京,海淀,中关村,信息安全,20-99人,未知,技术,后端开发,Golang
golang开发,1.2-2万,北京·西城·展览路,北京阿提拉科技有限公司,民营,300-499人,本科,1-3年,"GOLANG开发, 分布式系统设计, 技术研究与验证",技术-后端开发-Golang,2026-05-20 17:02:21,12.0,20.0,16.0,12.0,192.0,monthly,北京,西城,展览路,民营,300-499人,未知,技术,后端开发,Golang
golang开发工程师,1.2-2万,北京·西城·展览路,北京阿提拉科技有限公司,民营,300-499人,本科,3-5年,"GOLANG后端开发, 微服务架构设计, 容器化技术",技术-后端开发-Golang,2026-05-20 17:02:22,12.0,20.0,16.0,12.0,192.0,monthly,北京,西城,展览路,民营,300-499人,未知,技术,后端开发,Golang
golang后端开发（agent）,1.5-1.7万,北京·海淀·清河,联想教育科技(北京)有限公司,民营,100-299人,本科,3-5年,"开放平台, 工具开发, AI应用, Java, Python",技术-后端开发-Golang,2026-05-20 17:02:22,15.0,17.0,16.0,12.0,192.0,monthly,北京,海淀,清河,民营,100-299人,未知,技术,后端开发,Golang
golang开发工程师,1-1.5万,北京·海淀,竞业达,股份制企业,500-999人,本科,1-3年,Golang,技术-后端开发-Golang,2026-05-20 17:02:22,10.0,15.0,12.5,12.0,150.0,monthly,北京,海淀,,股份制企业,500-999人,未知,技术,后端开发,Golang
Golang开发工程师,1-1.5万,北京·海淀,天津神舟通用数据技术有限公司,国企,100-299人,本科,1-3年,,技术-后端开发-Golang,2026-05-20 17:02:22,10.0,15.0,12.5,12.0,150.0,monthly,北京,海淀,,国企,100-299人,未知,技术,后端开发,Golang
Golang,8000-13000元,北京·顺义·东华门,长沙恩欣科技有限公司,20-99人,软件/IT服务,学历不限,经验不限,,技术-后端开发-Golang,2026-05-20 17:02:20,8.0,13.0,10.5,12.0,126.0,monthly,北京,顺义,东华门,软件/IT服务,20-99人,未知,技术,后端开发,Golang
Java后端研发工程师,2.5-3.5万,北京·昌平,沈阳宣腾人力资源有限公司,民营,20-99人,本科,5-10年,JavaScript,技术-后端开发-Java,2026-05-20 16:59:50,25.0,35.0,30.0,12.0,360.0,monthly,北京,昌平,,民营,20-99人,未知,技术,后端开发,Java
JAVA工程师,2-3万,北京·海淀·上地,北京密码云芯科技有限公司,民营,100-299人,本科,3-5年,,技术-后端开发-Java,2026-05-20 16:59:49,20.0,30.0,25.0,12.0,300.0,monthly,北京,海淀,上地,民营,100-299人,未知,技术,后端开发,Java
C/C++/Java/Python//JS无经验可投递-双休五险一金年终奖,1.5-3万·14薪,北京·海淀,外企德科数字技术有限公司,合资,10000人以上,本科,经验不限,"Java, Python, C语言",技术-后端开发-Java,2026-05-20 16:59:50,15.0,30.0,22.5,14.0,315.0,monthly,北京,海淀,,合资,10000人以上,未知,技术,后端开发,Java
Java开发,1.6-2.8万·13薪,北京·朝阳·朝外,北京仁屿科技有限公司,民营,100-299人,本科,3-5年,"Spring, Java",技术-后端开发-Java,2026-05-20 16:59:50,16.0,28.0,22.0,13.0,286.0,monthly,北京,朝阳,朝外,民营,100-299人,未知,技术,后端开发,Java
java开发工程师,1.5-2.2万·14薪,北京·朝阳·劲松,山东普罗世纪人力资源有限公司,民营,20-99人,大专,3-5年,"Spring, MySQL, NoSQL",技术-后端开发-Java,2026-05-20 16:59:48,15.0,22.0,18.5,14.0,259.0,monthly,北京,朝阳,劲松,民营,20-99人,未知,技术,后端开发,Java
java开发工程师中级,1.6-2万,北京·西城·金融街,达维信息技术(深圳)有限公司北京分公司,100-299人,产业互联网平台,本科,5-10年,"JavaScript, Spring, Oracle, MySQL",技术-后端开发-Java,2026-05-20 16:59:48,16.0,20.0,18.0,12.0,216.0,monthly,北京,西城,金融街,产业互联网平台,100-299人,未知,技术,后端开发,Java
java开发软件工程师,1.6-2万,北京·西城·金融街,达维信息技术(深圳)有限公司北京分公司,100-299人,产业互联网平台,本科,5-10年,"JavaScript, Python, Spring, Hibernate",技术-后端开发-Java,2026-05-20 16:59:48,16.0,20.0,18.0,12.0,216.0,monthly,北京,西城,金融街,产业互联网平台,100-299人,未知,技术,后端开发,Java
高级Java开发(外派互联网大厂),1.6-2万,北京·昌平·回龙观,软通动力信息技术(集团)股份有限公司,上市公司,10000人以上,本科,3-5年,"Java, Spring, MySQL, MQ, RPC, 外卖",技术-后端开发-Java,2026-05-20 16:59:49,16.0,20.0,18.0,12.0,216.0,monthly,北京,昌平,回龙观,上市公司,10000人以上,未知,技术,后端开发,Java
java开发工程师,1.6-1.7万,北京·海淀·甘家口,机科股份,国企,300-499人,本科,1-3年,"JavaScript, CSS",技术-后端开发-Java,2026-05-20 16:59:50,16.0,17.0,16.5,12.0,198.0,monthly,北京,海淀,甘家口,国企,300-499人,未知,技术,后端开发,Java
JAVA工程师,1.2-2万,北京·通州·台湖,安诺优达基因科技(北京)股份有限公司,民营,500-999人,本科,3-5年,基因检测行业,技术-后端开发-Java,2026-05-20 16:59:49,12.0,20.0,16.0,12.0,192.0,monthly,北京,通州,台湖,民营,500-999人,未知,技术,后端开发,Java
Java工程师,1.3-1.6万,北京·海淀·花园路,卓为科技,民营,100-299人,大专,3-5年,,技术-后端开发-Java,2026-05-20 17:00:29,13.0,16.0,14.5,12.0,174.0,monthly,北京,海淀,花园路,民营,100-299人,未知,技术,后端开发,Java
java软件开发工程师,9000-18000元,北京·海淀·中关村,北京泛能电研科技有限公司,民营,20人以下,本科,3-5年,JavaScript,技术-后端开发-Java,2026-05-20 16:59:48,9.0,18.0,13.5,12.0,162.0,monthly,北京,海淀,中关村,民营,20人以下,未知,技术,后端开发,Java
java开发助理工程师,1-1.5万,北京·海淀,思特奇,上市公司,1000-9999人,硕士,经验不限,"JavaScript, Java",技术-后端开发-Java,2026-05-20 16:59:49,10.0,15.0,12.5,12.0,150.0,monthly,北京,海淀,,上市公司,1000-9999人,未知,技术,后端开发,Java
java开发工程师,1-1.5万,北京·朝阳·望京,北京天富勤科技有限公司,民营,20-99人,本科,3-5年,"JavaScript, Spring, Mybatis, MySQL, SQLServer, Redis",技术-后端开发-Java,2026-05-20 16:59:49,10.0,15.0,12.5,12.0,150.0,monthly,北京,朝阳,望京,民营,20-99人,未知,技术,后端开发,Java
java后端开发（中高级工程师）,1.1-1.3万,北京·昌平,北京中软环球信息技术有限公司,股份制企业,100-299人,本科,5-10年,"Spring, MySQL, JAVA后端开发, 微服务架构设计",技术-后端开发-Java,2026-05-20 16:59:48,11.0,13.0,12.0,12.0,144.0,monthly,北京,昌平,,股份制企业,100-299人,未知,技术,后端开发,Java
Java工程师,1-1.2万,北京·丰台·看丹,卓为科技,民营,100-299人,本科,3-5年,,技术-后端开发-Java,2026-05-20 16:59:49,10.0,12.0,11.0,12.0,132.0,monthly,北京,丰台,看丹,民营,100-299人,未知,技术,后端开发,Java
java开发工程师,8000-13000元,北京·丰台·看丹,北京神州九盛软件股份有限公司,20-99人,软件/IT服务,本科,1-3年,"Java, Mybatis, Vue, Oracle, PostgreSQL, Spring",技术-后端开发-Java,2026-05-20 16:59:48,8.0,13.0,10.5,12.0,126.0,monthly,北京,丰台,看丹,软件/IT服务,20-99人,未知,技术,后端开发,Java
Java,8000-13000元,北京·朝阳·建国门,北京紫锣科技有限公司,20-99人,互联网广告/营销,学历不限,经验不限,,技术-后端开发-Java,2026-05-20 16:59:50,8.0,13.0,10.5,12.0,126.0,monthly,北京,朝阳,建国门,互联网广告/营销,20-99人,未知,技术,后端开发,Java
java开发,8000-12000元,北京·丰台·六里桥,北京信利恒丰科技发展有限公司,民营,20-99人,本科,1-3年,JavaScript,技术-后端开发-Java,2026-05-20 16:59:48,8.0,12.0,10.0,12.0,120.0,monthly,北京,丰台,六里桥,民营,20-99人,未知,技术,后端开发,Java
java软件开发工程师,8000-10000元,北京·海淀·中关村,北京泛能电研科技有限公司,民营,20人以下,本科,3-5年,JavaScript,技术-后端开发-Java,2026-05-20 16:59:49,8.0,10.0,9.0,12.0,108.0,monthly,北京,海淀,中关村,民营,20人以下,未知,技术,后端开发,Java
java后端工程师,8000-9000元,北京·朝阳·团结湖,北京云周信息科技有限公司,股份制企业,20人以下,本科,1-3年,"JavaScript, Java, WEB开发, HTML, MySQL",技术-后端开发-Java,2026-05-20 16:59:49,8.0,9.0,8.5,12.0,102.0,monthly,北京,朝阳,团结湖,股份制企业,20人以下,未知,技术,后端开发,Java
php研发工程师,1.4-2.8万,北京·朝阳·建外,北京宝贝的旅程科技有限公司,民营,20人以下,本科,5-10年,"Java, 全栈开发, 后端开发, 小程序开发, PC端网站开发",技术-后端开发-PHP,2026-05-20 17:03:11,14.0,28.0,21.0,12.0,252.0,monthly,北京,朝阳,建外,民营,20人以下,未知,技术,后端开发,PHP
php开发程序员,1.4-2.8万,北京·朝阳·建外,北京宝贝的旅程科技有限公司,民营,20人以下,本科,5-10年,"Java, Golang, ThinkPHP, 架构师, 高级软件工程师",技术-后端开发-PHP,2026-05-20 17:03:12,14.0,28.0,21.0,12.0,252.0,monthly,北京,朝阳,建外,民营,20人以下,未知,技术,后端开发,PHP
php开发工程师,1.5-2万,北京·朝阳·双井,瑞辰宠物医院集团有限责任公司,民营,1000-9999人,本科,5-10年,"PHP开发工程师, 宠物连锁医院",技术-后端开发-PHP,2026-05-20 17:03:11,15.0,20.0,17.5,12.0,210.0,monthly,北京,朝阳,双井,民营,1000-9999人,未知,技术,后端开发,PHP
php开发工程师,1.5-2万,北京·丰台·青塔,北京中农食迅供应链管理有限公司,国企,100-299人,本科,5-10年,"AI, 电商",技术-后端开发-PHP,2026-05-20 17:03:11,15.0,20.0,17.5,12.0,210.0,monthly,北京,丰台,青塔,国企,100-299人,未知,技术,后端开发,PHP
PHP,1.5-1.8万,北京·海淀,北京中润国晟城市建设发展有限公司,20-99人,房地产开发经营,高中,经验不限,,技术-后端开发-PHP,2026-05-20 17:03:11,15.0,18.0,16.5,12.0,198.0,monthly,北京,海淀,,房地产开发经营,20-99人,未知,技术,后端开发,PHP
PHP,1.1-2.2万,北京·朝阳·建外,北京宝贝的旅程科技有限公司,民营,20人以下,本科,5-10年,"Java, PHP, Golang",技术-后端开发-PHP,2026-05-20 17:03:12,11.0,22.0,16.5,12.0,198.0,monthly,北京,朝阳,建外,民营,20人以下,未知,技术,后端开发,PHP
PHP程序员,1.5-1.7万,北京·石景山·鲁谷,山东聚智半导体科技有限公司,20-99人,半导体/芯片,大专,1-3年,"HTML, CSS, MySQL, ThinkPHP, Laravel, 后端开发",技术-后端开发-PHP,2026-05-20 17:03:12,15.0,17.0,16.0,12.0,192.0,monthly,北京,石景山,鲁谷,半导体/芯片,20-99人,未知,技术,后端开发,PHP
php全栈工程师,1.5-1.6万,北京·石景山·鲁谷,山东聚智半导体科技有限公司,20-99人,半导体/芯片,大专,3-5年,"HTML, CSS, SQL, Laravel, ThinkPHP, MySQL, Redis",技术-后端开发-PHP,2026-05-20 17:03:12,15.0,16.0,15.5,12.0,186.0,monthly,北京,石景山,鲁谷,半导体/芯片,20-99人,未知,技术,后端开发,PHP
php程序员,1.5-1.6万,北京·大兴·荣华街道,望海康信(北京)科技股份公司,民营,1000-9999人,大专,3-5年,"Laravel, ThinkPHP, MySQL, Redis, 后端开发, MVC开发",技术-后端开发-PHP,2026-05-20 17:03:13,15.0,16.0,15.5,12.0,186.0,monthly,北京,大兴,荣华街道,民营,1000-9999人,未知,技术,后端开发,PHP
PHP全栈工程师,1.5-1.6万,北京·大兴·荣华街道,望海康信(北京)科技股份公司,民营,1000-9999人,本科,3-5年,"全栈开发, Laravel, ThinkPHP, MySQL, Redis",技术-后端开发-PHP,2026-05-20 17:03:23,15.0,16.0,15.5,12.0,186.0,monthly,北京,大兴,荣华街道,民营,1000-9999人,未知,技术,后端开发,PHP
PHP程序员,1.4-1.5万,北京·海淀·甘家口,机科股份,国企,300-499人,大专,3-5年,"HTML, CSS, SQL, 微服务架构, 分布式技术, 后端开发",技术-后端开发-PHP,2026-05-20 17:03:10,14.0,15.0,14.5,12.0,174.0,monthly,北京,海淀,甘家口,国企,300-499人,未知,技术,后端开发,PHP
php程序员,1.4-1.5万,北京·通州·台湖,北京晶亦精微科技股份有限公司,国企,100-299人,大专,经验不限,"MySQL, Laravel, ThinkPHP, 后端开发, 半导体业务系统开发",技术-后端开发-PHP,2026-05-20 17:03:11,14.0,15.0,14.5,12.0,174.0,monthly,北京,通州,台湖,国企,100-299人,未知,技术,后端开发,PHP
php程序员,1.4-1.5万,北京·昌平·城北,滨化集团股份有限公司,股份制企业,1000-9999人,大专,1-3年,"SQL, MySQL, Laravel, ThinkPHP, 后端开发",技术-后端开发-PHP,2026-05-20 17:03:12,14.0,15.0,14.5,12.0,174.0,monthly,北京,昌平,城北,股份制企业,1000-9999人,未知,技术,后端开发,PHP
php程序员,1.4-1.5万,北京·东城·东花市,深圳克莱蒙特科技有限公司,民营,500-999人,大专,3-5年,"Laravel, Yii, MySQL, Redis, 后端开发, AI产品后端开发",技术-后端开发-PHP,2026-05-20 17:03:12,14.0,15.0,14.5,12.0,174.0,monthly,北京,东城,东花市,民营,500-999人,未知,技术,后端开发,PHP
php开发工程师,1-1.6万,北京·丰台·看丹,北京元子科技有限公司,民营,100-299人,本科,1-3年,"PHP, Linux, Yii, MySQL, Redis, MongoDB",技术-后端开发-PHP,2026-05-20 17:03:13,10.0,16.0,13.0,12.0,156.0,monthly,北京,丰台,看丹,民营,100-299人,未知,技术,后端开发,PHP
PHP后端开发工程师,1-1.5万,北京·朝阳,北京恩格威认证中心有限公司,股份制企业,100-299人,本科,3-5年,"Java, Python, SQL, C#",技术-后端开发-PHP,2026-05-20 17:03:11,10.0,15.0,12.5,12.0,150.0,monthly,北京,朝阳,,股份制企业,100-299人,未知,技术,后端开发,PHP
PHP编程工程师,1-1.5万,北京·朝阳·劲松,北京中安和谐控股有限公司,股份制企业,1000-9999人,本科,1-3年,"Java, Python, SQL, 架构师, 初级软件工程师, 软件工程师",技术-后端开发-PHP,2026-05-20 17:03:13,10.0,15.0,12.5,12.0,150.0,monthly,北京,朝阳,劲松,股份制企业,1000-9999人,未知,技术,后端开发,PHP
PHP开发工程师,1-1.2万,北京·通州·潞邑,圣元,上市公司,1000-9999人,本科,1-3年,"SQL, Oracle",技术-后端开发-PHP,2026-05-20 17:03:11,10.0,12.0,11.0,12.0,132.0,monthly,北京,通州,潞邑,上市公司,1000-9999人,未知,技术,后端开发,PHP
PHP,8000-13000元,北京·西城·建国门,北京紫锣科技有限公司,20-99人,互联网广告/营销,学历不限,经验不限,,技术-后端开发-PHP,2026-05-20 17:03:10,8.0,13.0,10.5,12.0,126.0,monthly,北京,西城,建国门,互联网广告/营销,20-99人,未知,技术,后端开发,PHP
PHP,8000-13000元,北京·门头沟·东华门,北京紫锣科技有限公司,20-99人,互联网广告/营销,学历不限,经验不限,,技术-后端开发-PHP,2026-05-20 17:03:11,8.0,13.0,10.5,12.0,126.0,monthly,北京,门头沟,东华门,互联网广告/营销,20-99人,未知,技术,后端开发,PHP
php开发工程师,6000-12000元,北京·门头沟,北京迈迪培尔信息技术有限公司,民营,20-99人,本科,经验不限,"PHP, ThinkPHP, Javascript, MySQL",技术-后端开发-PHP,2026-05-20 17:03:11,6.0,12.0,9.0,12.0,108.0,monthly,北京,门头沟,,民营,20-99人,未知,技术,后端开发,PHP
C/C++/Java/Python//JS无经验可投递-双休五险一金年终奖,1.5-3万·14薪,北京·海淀,外企德科数字技术有限公司,合资,10000人以上,本科,经验不限,"Java, Python, C语言",技术-后端开发-Python,2026-05-20 17:00:39,15.0,30.0,22.5,14.0,315.0,monthly,北京,海淀,,合资,10000人以上,未知,技术,后端开发,Python
JAVA/C++/C/Python 14薪双休 应届生可投,1.5-3万,北京·朝阳·建外,外企德科数字技术有限公司,合资,10000人以上,本科,经验不限,"C++, Python, JavaScript, Spring, Hibernate, Struts",技术-后端开发-Python,2026-05-20 17:00:40,15.0,30.0,22.5,12.0,270.0,monthly,北京,朝阳,建外,合资,10000人以上,未知,技术,后端开发,Python
go/Java/python后端开发 包三餐 十五薪 六险一金,1.5-3万·16薪,北京·海淀·学院路,外企德科数字技术有限公司,合资,10000人以上,本科,经验不限,"Python, Java, 软件项目",技术-后端开发-Python,2026-05-20 17:00:40,15.0,30.0,22.5,16.0,360.0,monthly,北京,海淀,学院路,合资,10000人以上,未知,技术,后端开发,Python
高薪java/c++/c/python双休 线上面试,1.5-3万·14薪,北京·朝阳·东湖,外企德科数字技术有限公司,合资,10000人以上,本科,经验不限,"Python, C++, C",技术-后端开发-Python,2026-05-20 17:00:41,15.0,30.0,22.5,14.0,315.0,monthly,北京,朝阳,东湖,合资,10000人以上,未知,技术,后端开发,Python
Java/C/C++/Python/前端/测试（线上面试）,1.5-3万,北京·海淀,外企德科数字技术有限公司,合资,10000人以上,本科,经验不限,"C语言, Java, Python, Web开发, 嵌入式开发, Linux开发",技术-后端开发-Python,2026-05-20 17:00:51,15.0,30.0,22.5,12.0,270.0,monthly,北京,海淀,,合资,10000人以上,未知,技术,后端开发,Python
JAVA/C++/C/Python 14薪双休 应届生可投,1.5-3万·14薪,北京,外企德科数字技术有限公司,合资,10000人以上,本科,经验不限,"JavaScript, Python, C++",技术-后端开发-Python,2026-05-20 17:01:00,15.0,30.0,22.5,14.0,315.0,monthly,北京,未知,,合资,10000人以上,未知,技术,后端开发,Python
c++/python/java/c/算法/测试,1.5-3万·14薪,北京·海淀,外企德科数字技术有限公司,合资,10000人以上,本科,经验不限,"C语言, Java, Python",技术-后端开发-Python,2026-05-20 17:01:01,15.0,30.0,22.5,14.0,315.0,monthly,北京,海淀,,合资,10000人以上,未知,技术,后端开发,Python
java/c++/C/Python/前端开发工程师,1.5-3万·14薪,北京·海淀,外企德科数字技术有限公司,合资,10000人以上,本科,经验不限,"C语言, Java, Python",技术-后端开发-Python,2026-05-20 17:01:09,15.0,30.0,22.5,14.0,315.0,monthly,北京,海淀,,合资,10000人以上,未知,技术,后端开发,Python
JAVA/C++/JS/python/GO等通用开发工程师,1.5-3万·14薪,北京·海淀,外企德科数字技术有限公司,合资,10000人以上,本科,经验不限,"JavaScript, Python, C++, Spring, MySQL",技术-后端开发-Python,2026-05-20 17:01:18,15.0,30.0,22.5,14.0,315.0,monthly,北京,海淀,,合资,10000人以上,未知,技术,后端开发,Python
C/C++/Java/JS/Python软开（接受应届）,1.5-3万,北京·海淀,外企德科数字技术有限公司,合资,10000人以上,本科,经验不限,"JavaScript, Python, C++, Spring, MySQL",技术-后端开发-Python,2026-05-20 17:01:19,15.0,30.0,22.5,12.0,270.0,monthly,北京,海淀,,合资,10000人以上,未知,技术,后端开发,Python
Java/C++/python/c/算法岗位,1.5-3万,北京·海淀,外企德科数字技术有限公司,合资,10000人以上,本科,经验不限,,技术-后端开发-Python,2026-05-20 17:01:19,15.0,30.0,22.5,12.0,270.0,monthly,北京,海淀,,合资,10000人以上,未知,技术,后端开发,Python
Python开发工程师,1.6-2.6万,北京·海淀·花园路,苏州人瑞普惠人力资源服务有限公司,上市公司,20-99人,大专,3-5年,"Java, C++, Sql, MySQL",技术-后端开发-Python,2026-05-20 17:00:40,16.0,26.0,21.0,12.0,252.0,monthly,北京,海淀,花园路,上市公司,20-99人,未知,技术,后端开发,Python
Python开发-初中高级（全国）,1.3-2.5万·14薪,北京·海淀,外企德科数字技术有限公司,合资,10000人以上,本科,1-3年,"Java, C++, C, Django, Flask, Tornado, MySQL",技术-后端开发-Python,2026-05-20 17:00:50,13.0,25.0,19.0,14.0,266.0,monthly,北京,海淀,,合资,10000人以上,未知,技术,后端开发,Python
python后端开发工程师,1.5-2.2万,北京·海淀·中关村,北京亿智云科技有限公司,20-99人,信息安全,学历不限,5-10年,"Python, MongoDB, Redis",技术-后端开发-Python,2026-05-20 17:00:38,15.0,22.0,18.5,12.0,222.0,monthly,北京,海淀,中关村,信息安全,20-99人,未知,技术,后端开发,Python
python后端开发工程师,1.6-2万,北京·丰台·右安门,京北方,民营,10000人以上,本科,5-10年,"Python, MySQL, AI, 大模型",技术-后端开发-Python,2026-05-20 17:00:39,16.0,20.0,18.0,12.0,216.0,monthly,北京,丰台,右安门,民营,10000人以上,未知,技术,后端开发,Python
Python/Java/C++/C软开/软测【14-16薪】,1.2-2.4万·14薪,北京·海淀,外企德科数字技术有限公司,合资,10000人以上,本科,经验不限,"Java, C++, C",技术-后端开发-Python,2026-05-20 17:00:39,12.0,24.0,18.0,14.0,252.0,monthly,北京,海淀,,合资,10000人以上,未知,技术,后端开发,Python
C++/C/Java/Python/GO开发/测试,1.2-2.4万,北京·海淀,外企德科数字技术有限公司,合资,10000人以上,本科,1-3年,"C语言, Java, Python, GIS开发, Web开发, QT开发",技术-后端开发-Python,2026-05-20 17:00:40,12.0,24.0,18.0,12.0,216.0,monthly,北京,海淀,,合资,10000人以上,未知,技术,后端开发,Python
python后端工程师,1.5-2万,北京·朝阳·小关,北京易才人力资源顾问有限公司,股份制企业,1000-9999人,大专,3-5年,"PHP, FASTAPI, Python",技术-后端开发-Python,2026-05-20 17:00:39,15.0,20.0,17.5,12.0,210.0,monthly,北京,朝阳,小关,股份制企业,1000-9999人,未知,技术,后端开发,Python
python开发工程师,1.4-2万,北京·丰台·看丹,京北方,民营,10000人以上,本科,3-5年,"Python并发框架, 达梦数据库",技术-后端开发-Python,2026-05-20 17:00:39,14.0,20.0,17.0,12.0,204.0,monthly,北京,丰台,看丹,民营,10000人以上,未知,技术,后端开发,Python
python后端开发工程师,1.4-1.9万,北京·顺义·旺泉,北京德信德胜科技股份有限公司,上市公司,100-299人,大专,3-5年,"Sql, MySQL, Python",技术-后端开发-Python,2026-05-20 17:00:39,14.0,19.0,16.5,12.0,198.0,monthly,北京,顺义,旺泉,上市公司,100-299人,未知,技术,后端开发,Python
python开发,1.3-1.4万,北京·朝阳,深圳市法本信息技术股份有限公司,上市公司,1000-9999人,大专,3-5年,"Scrapy, MySQL, PANDAS、NUMPY, Sql, Docker",技术-后端开发-Python,2026-05-20 17:00:39,13.0,14.0,13.5,12.0,162.0,monthly,北京,朝阳,,上市公司,1000-9999人,未知,技术,后端开发,Python
python开发工程师,1.2-1.5万,北京·朝阳·望京,维恩贝特科技有限公司,民营,500-999人,本科,1-3年,"Django, Flask, MySQL, PostgreSQL, Redis, 后端模块开发",技术-后端开发-Python,2026-05-20 17:00:41,12.0,15.0,13.5,12.0,162.0,monthly,北京,朝阳,望京,民营,500-999人,未知,技术,后端开发,Python
python中级工程师（银行驻场）,1.1-1.5万,北京·顺义·空港,北京四方上行软件技术有限公司,民营,20-99人,本科,3-5年,,技术-后端开发-Python,2026-05-20 17:00:40,11.0,15.0,13.0,12.0,156.0,monthly,北京,顺义,空港,民营,20-99人,未知,技术,后端开发,Python
Python互联网数据采集（爬虫）开发工程师,8000-16000元,北京·海淀·马连洼,北京万智信达智能科技有限公司,其它,20-99人,本科,经验不限,"Python, 数据采集, 爬虫开发, 分布式爬虫, Scrapy",技术-后端开发-Python,2026-05-20 17:00:40,8.0,16.0,12.0,12.0,144.0,monthly,北京,海淀,马连洼,其它,20-99人,未知,技术,后端开发,Python
Python 开发工程师,8000-15000元,北京·大兴·博兴,康龙化成,上市公司,10000人以上,本科,3-5年,"FASTAPI, Flask, Django",技术-后端开发-Python,2026-05-20 17:00:40,8.0,15.0,11.5,12.0,138.0,monthly,北京,大兴,博兴,上市公司,10000人以上,未知,技术,后端开发,Python
技术工程师（Python上位机）,8000-15000元·14薪,北京·海淀·学院路,北京灵童半导体有限公司,民营,20-99人,本科,1-3年,,技术-后端开发-Python,2026-05-20 17:00:41,8.0,15.0,11.5,14.0,161.0,monthly,北京,海淀,学院路,民营,20-99人,未知,技术,后端开发,Python
python工程师,7000-14000元,北京·门头沟,北京迈迪培尔信息技术有限公司,民营,20-99人,本科,经验不限,Python,技术-后端开发-Python,2026-05-20 17:01:01,7.0,14.0,10.5,12.0,126.0,monthly,北京,门头沟,,民营,20-99人,未知,技术,后端开发,Python
初级python开发工程师,7000-10000元,北京·朝阳·劲松,北京唯快科技有限公司,民营,100-299人,本科,经验不限,"Django, Flask, MySQL, PostgreSQL, Redis",技术-后端开发-Python,2026-05-20 17:00:40,7.0,10.0,8.5,12.0,102.0,monthly,北京,朝阳,劲松,民营,100-299人,未知,技术,后端开发,Python
python开发工程师,7000-9000元,北京·通州·马驹桥,北京光华荣昌汽车部件有限公司,民营,500-999人,本科,1-3年,Python,技术-后端开发-Python,2026-05-20 17:00:39,7.0,9.0,8.0,12.0,96.0,monthly,北京,通州,马驹桥,民营,500-999人,未知,技术,后端开发,Python
数据分析挖掘,3-6万,北京·西城·金融街,智联猎头,其它,10000人以上,硕士,5-10年,"Python, SQL, R语言",技术-数据-数据挖掘,2026-05-20 18:02:40,30.0,60.0,45.0,12.0,540.0,monthly,北京,西城,金融街,其它,10000人以上,未知,技术,数据,数据挖掘
风险数据挖掘-CQC,3-5.5万,北京,字节跳动,民营,10000人以上,本科,5-10年,,技术-数据-数据挖掘,2026-05-20 18:02:39,30.0,55.0,42.5,12.0,510.0,monthly,北京,未知,,民营,10000人以上,未知,技术,数据,数据挖掘
数据挖掘与算法工程师,2.5-3万,北京·朝阳·安贞,交通运输通信信息集团有限公司,国企,1000-9999人,硕士,3-5年,"分类算法, 预测分析",技术-数据-数据挖掘,2026-05-20 18:02:39,25.0,30.0,27.5,12.0,330.0,monthly,北京,朝阳,安贞,国企,1000-9999人,未知,技术,数据,数据挖掘
咨询顾问（数据治理）,2-3万,北京·丰台·玉泉营,美林数据技术股份有限公司,股份制企业,500-999人,本科,3-5年,"主数据, 数据治理, 数据挖掘, 咨询, 需求分析工程师",技术-数据-数据挖掘,2026-05-20 18:02:40,20.0,30.0,25.0,12.0,300.0,monthly,北京,丰台,玉泉营,股份制企业,500-999人,未知,技术,数据,数据挖掘
数据挖掘,1.5-2.5万,北京·朝阳·左家庄,北京法伯宏业科技发展有限公司,民营,20-99人,本科,1-3年,"Python, R语言, 时间序列模型, 分类算法, 深度学习",技术-数据-数据挖掘,2026-05-20 18:02:39,15.0,25.0,20.0,12.0,240.0,monthly,北京,朝阳,左家庄,民营,20-99人,未知,技术,数据,数据挖掘
数据分析挖掘工程师,1.5-2.5万,北京·海淀,北京福佑多多信息技术有限公司,民营,500-999人,本科,3-5年,"深度学习, 分类算法, 多元统计分析, Python, SQL, MySQL",技术-数据-数据挖掘,2026-05-20 18:02:40,15.0,25.0,20.0,12.0,240.0,monthly,北京,海淀,,民营,500-999人,未知,技术,数据,数据挖掘
数据资源资深专家岗,1.5-2.5万,北京·西城·展览路,国家数据发展研究院,事业单位,20-99人,博士,经验不限,,技术-数据-数据挖掘,2026-05-20 18:02:40,15.0,25.0,20.0,12.0,240.0,monthly,北京,西城,展览路,事业单位,20-99人,未知,技术,数据,数据挖掘
数据挖掘工程师,1.6-2万,北京·海淀,思特奇,上市公司,1000-9999人,硕士,经验不限,"机器学习, Python, MySQL, Oracle, SQL Server",技术-数据-数据挖掘,2026-05-20 18:02:39,16.0,20.0,18.0,12.0,216.0,monthly,北京,海淀,,上市公司,1000-9999人,未知,技术,数据,数据挖掘
数据分析挖掘岗,1.5-2万·13薪,北京·西城·新街口,智联猎头,其它,10000人以上,硕士,3-5年,"SQL, Python, 预测分析, 集成算法, Hadoop, Hive, Yarn",技术-数据-数据挖掘,2026-05-20 18:02:40,15.0,20.0,17.5,13.0,227.5,monthly,北京,西城,新街口,其它,10000人以上,未知,技术,数据,数据挖掘
高级数据治理工程师,1.5-1.8万,北京·丰台·六里桥,数据盾牌(北京)技术服务有限公司,民营,20人以下,本科,5-10年,数据治理,技术-数据-数据挖掘,2026-05-20 18:02:40,15.0,18.0,16.5,12.0,198.0,monthly,北京,丰台,六里桥,民营,20人以下,未知,技术,数据,数据挖掘
国研数字-数据挖掘工程师,1.2-2万,北京·东城·东华门,国研科技集团有限公司,国企,500-999人,本科,3-5年,"预测分析, 关联分析, 聚类算法, 分类算法, 回归算法, 集成算法",技术-数据-数据挖掘,2026-05-20 18:02:39,12.0,20.0,16.0,12.0,192.0,monthly,北京,东城,东华门,国企,500-999人,未知,技术,数据,数据挖掘
高级数据挖掘工程师,1.4-1.7万,北京·朝阳·望京,同方鼎欣科技股份有限公司,股份制企业,1000-9999人,本科,5-10年,"深度学习, 分类算法, 协同过滤, Python, 机器学习",技术-数据-数据挖掘,2026-05-20 18:02:39,14.0,17.0,15.5,12.0,186.0,monthly,北京,朝阳,望京,股份制企业,1000-9999人,未知,技术,数据,数据挖掘
数据分析师,1-2万,北京·海淀·北下关,北京盘拓数据科技有限公司,民营,20-99人,硕士,经验不限,数据挖掘,技术-数据-数据挖掘,2026-05-20 18:02:40,10.0,20.0,15.0,12.0,180.0,monthly,北京,海淀,北下关,民营,20-99人,未知,技术,数据,数据挖掘
数据基础设施研究岗,1-2万,北京·西城·展览路,国家数据发展研究院,事业单位,20-99人,硕士,经验不限,,技术-数据-数据挖掘,2026-05-20 18:03:21,10.0,20.0,15.0,12.0,180.0,monthly,北京,西城,展览路,事业单位,20-99人,未知,技术,数据,数据挖掘
数据挖掘工程师,8000-16000元,北京·石景山·苹果园,中科软科技股份有限公司,股份制企业,1000-9999人,本科,3-5年,"Python, SQL, Hive, Oracle, Neo4j, SPSS, SAS",技术-数据-数据挖掘,2026-05-20 18:02:40,8.0,16.0,12.0,12.0,144.0,monthly,北京,石景山,苹果园,股份制企业,1000-9999人,未知,技术,数据,数据挖掘
行业分析与数据挖掘实习生,120-150元/天,北京·昌平,淘数科技(北京)有限公司,民营,20-99人,本科,经验不限,"产业链分析, 微观分析, 行业分析, 商业分析, 需求分析",技术-数据-数据挖掘,2026-05-20 18:02:39,2.61,3.26,2.94,12.0,35.23,daily,北京,昌平,,民营,20-99人,未知,技术,数据,数据挖掘
自动驾驶数据挖掘工程师,面议,北京·朝阳·东湖,北京三快在线科技有限公司,上市公司,10000人以上,本科,1-3年,,技术-数据-数据挖掘,2026-05-20 18:02:38,,,,,,negotiable,北京,朝阳,东湖,上市公司,10000人以上,未知,技术,数据,数据挖掘
数据挖掘算法工程师,面议,北京·朝阳·东湖,北京三快在线科技有限公司,上市公司,10000人以上,本科,经验不限,,技术-数据-数据挖掘,2026-05-20 18:02:39,,,,,,negotiable,北京,朝阳,东湖,上市公司,10000人以上,未知,技术,数据,数据挖掘
AI人工智能、机器学习、数据挖掘方向计算机专业实习生,面议,北京·海淀·马连洼,联想(北京)有限公司,上市公司,10000人以上,硕士,经验不限,"人工智能, 机器学习, 数据挖掘",技术-数据-数据挖掘,2026-05-20 18:02:39,,,,,,negotiable,北京,海淀,马连洼,上市公司,10000人以上,未知,技术,数据,数据挖掘
算法工程师（数据挖掘/多模态方向）【2026届应届生】(J19562),面议,北京·通州·永顺,阳光保险集团,股份制企业,10000人以上,硕士,经验不限,"深度学习, 机器学习, 强化学习, K-means算法, PyTorch",技术-数据-数据挖掘,2026-05-20 18:02:39,,,,,,negotiable,北京,通州,永顺,股份制企业,10000人以上,未知,技术,数据,数据挖掘
人保寿险公司-总公司-信息技术类-数据管理岗（数据挖掘方向）-2026社会招聘（信息科技部）(J76718),面议,北京·朝阳·朝外,中国人民人寿保险股份有限公司,国企,10000人以上,硕士,3-5年,数据挖掘,技术-数据-数据挖掘,2026-05-20 18:02:40,,,,,,negotiable,北京,朝阳,朝外,国企,10000人以上,未知,技术,数据,数据挖掘
软件测试工程师,1.5-3万,北京·怀柔·北房,北京精微致合测试技术有限公司沈阳分公司,20-99人,软件/IT服务,本科,1-3年,"系统测试, 白盒测试, 黑盒测试, Python",技术-测试-测试工程师,2026-05-20 18:07:34,15.0,30.0,22.5,12.0,270.0,monthly,北京,怀柔,北房,软件/IT服务,20-99人,未知,技术,测试,测试工程师
渗透测试工程师,1.3-2.5万·14薪,北京·丰台·五里店,广电计量,国企,1000-9999人,本科,1-3年,"逆向分析, 外网渗透, 内网渗透, 漏洞挖掘, 信息安全, 病毒分析",技术-测试-测试工程师,2026-05-20 18:07:35,13.0,25.0,19.0,14.0,266.0,monthly,北京,丰台,五里店,国企,1000-9999人,未知,技术,测试,测试工程师
芯片测试工程师,1.6-2万,北京·丰台·云岗,北京振兴计量测试研究所,事业单位,500-999人,硕士,经验不限,"可靠性测试, 封装测试, 性能测试",技术-测试-测试工程师,2026-05-20 18:07:34,16.0,20.0,18.0,12.0,216.0,monthly,北京,丰台,云岗,事业单位,500-999人,未知,技术,测试,测试工程师
网络安全渗透测试工程师,1.5-2万,北京·海淀·紫竹院,网安世纪科技有限公司,民营,20-99人,本科,3-5年,,技术-测试-测试工程师,2026-05-20 18:07:35,15.0,20.0,17.5,12.0,210.0,monthly,北京,海淀,紫竹院,民营,20-99人,未知,技术,测试,测试工程师
LBS测试工程师,1.5-1.9万,北京·朝阳·望京,上海微创软件股份有限公司,合资,10000人以上,本科,经验不限,"软件测试, LBS",技术-测试-测试工程师,2026-05-20 18:07:34,15.0,19.0,17.0,12.0,204.0,monthly,北京,朝阳,望京,合资,10000人以上,未知,技术,测试,测试工程师
软件测试工程师,1.3-2万·14薪,北京·海淀·马连洼,山东普罗世纪人力资源有限公司,民营,100-299人,大专,3-5年,"自动化测试, 功能测试, 性能测试",技术-测试-测试工程师,2026-05-20 18:07:35,13.0,20.0,16.5,14.0,231.0,monthly,北京,海淀,马连洼,民营,100-299人,未知,技术,测试,测试工程师
初级软件测试工程师,1.2-2万·13薪,北京·朝阳·望京,澳美信息技术(天津)有限公司,民营,20-99人,本科,1-3年,"功能测试, JIRA, Postman, 云计算产品测试, SQL查询",技术-测试-测试工程师,2026-05-20 18:07:35,12.0,20.0,16.0,13.0,208.0,monthly,北京,朝阳,望京,民营,20-99人,未知,技术,测试,测试工程师
高级测试工程师,1.3-1.8万,北京·东城·东直门,杭州明讯软件技术有限公司,民营,300-499人,本科,5-10年,"软件测试, 系统测试, 性能测试, 供应链领域数字化项目, ERP",技术-测试-测试工程师,2026-05-20 18:07:34,13.0,18.0,15.5,12.0,186.0,monthly,北京,东城,东直门,民营,300-499人,未知,技术,测试,测试工程师
测试工程师-AI,1.2-1.7万,北京·海淀,思特奇,上市公司,1000-9999人,硕士,经验不限,,技术-测试-测试工程师,2026-05-20 18:07:35,12.0,17.0,14.5,12.0,174.0,monthly,北京,海淀,,上市公司,1000-9999人,未知,技术,测试,测试工程师
实验室测试工程师,1.1-1.7万·13薪,北京·大兴·博兴,北京十风科技有限公司,民营,20-99人,大专,经验不限,"性能测试, 功能测试, 车载测试, DVP",技术-测试-测试工程师,2026-05-20 18:07:35,11.0,17.0,14.0,13.0,182.0,monthly,北京,大兴,博兴,民营,20-99人,未知,技术,测试,测试工程师
渗透测试工程师,1.3-1.5万,北京·海淀·紫竹院,网安世纪科技有限公司,民营,20-99人,本科,1-3年,"内网渗透, 数据安全, 外网渗透, 信息安全, 漏洞挖掘",技术-测试-测试工程师,2026-05-20 18:07:35,13.0,15.0,14.0,12.0,168.0,monthly,北京,海淀,紫竹院,民营,20-99人,未知,技术,测试,测试工程师
软件测试工程师(地图方向),1-1.5万,北京·海淀·中关村,科锐尔人力资源服务(苏州)有限公司,上市公司,10000人以上,本科,3-5年,"地图, GIS",技术-测试-测试工程师,2026-05-20 18:07:34,10.0,15.0,12.5,12.0,150.0,monthly,北京,海淀,中关村,上市公司,10000人以上,未知,技术,测试,测试工程师
嵌入式软件测试工程师,8000-16000元,北京·怀柔·北房,北京精微致合测试技术有限公司沈阳分公司,20-99人,软件/IT服务,本科,1-3年,嵌入式,技术-测试-测试工程师,2026-05-20 18:07:34,8.0,16.0,12.0,12.0,144.0,monthly,北京,怀柔,北房,软件/IT服务,20-99人,未知,技术,测试,测试工程师
数据存储开发/测试工程师,8000-15000元·13薪,北京·顺义·李桥,北京胡众置业集团有限公司,民营,20-99人,本科,1-3年,数据运维,技术-测试-测试工程师,2026-05-20 18:07:34,8.0,15.0,11.5,13.0,149.5,monthly,北京,顺义,李桥,民营,20-99人,未知,技术,测试,测试工程师
测试工程师（AI大模型）,1.1-1.2万,北京·海淀·马连洼,北京百米互联科技有限公司,民营,100-299人,本科,1-3年,"功能测试, 自动化测试, Python, AI",技术-测试-测试工程师,2026-05-20 18:07:35,11.0,12.0,11.5,12.0,138.0,monthly,北京,海淀,马连洼,民营,100-299人,未知,技术,测试,测试工程师
国企/长白班/整机测试工程师,8000-15000元,北京·通州·马驹桥,天津众英汇通企业管理有限公司,股份制企业,500-999人,本科,1-3年,"整机测试, 功能测试, 硬件测试, PLC",技术-测试-测试工程师,2026-05-20 18:07:35,8.0,15.0,11.5,12.0,138.0,monthly,北京,通州,马驹桥,股份制企业,500-999人,未知,技术,测试,测试工程师
软件测试工程师,7000-14000元,北京·海淀·马连洼,北京万智信达智能科技有限公司,其它,20-99人,本科,3-5年,"功能测试, 系统测试, 性能测试, JIRA, 禅道",技术-测试-测试工程师,2026-05-20 18:07:34,7.0,14.0,10.5,12.0,126.0,monthly,北京,海淀,马连洼,其它,20-99人,未知,技术,测试,测试工程师
硬件测试工程师,8000-13000元,北京·顺义·空港,深蓝之星科技有限公司,国企,20-99人,本科,3-5年,"功能测试, 可靠性测试, 性能测试, 万用表, 示波器, 信号发生器",技术-测试-测试工程师,2026-05-20 18:07:36,8.0,13.0,10.5,12.0,126.0,monthly,北京,顺义,空港,国企,20-99人,未知,技术,测试,测试工程师
系统测试工程师（普工）,4000-8000元,北京·海淀,西安精锐创芯光电科技有限公司,民营,20-99人,大专,经验不限,"硬件测试, 系统测试, 功能测试",技术-测试-测试工程师,2026-05-20 18:07:35,4.0,8.0,6.0,12.0,72.0,monthly,北京,海淀,,民营,20-99人,未知,技术,测试,测试工程师
测试工程师 实习生,3000-5000元,北京·海淀·清河,上海山源电子科技股份有限公司,民营,300-499人,本科,经验不限,"软件测试, 系统测试, 功能测试, Shell, Python",技术-测试-测试工程师,2026-05-20 18:07:35,3.0,5.0,4.0,12.0,48.0,monthly,北京,海淀,清河,民营,300-499人,未知,技术,测试,测试工程师
软件测试工程师,1.5-3万,北京·怀柔·北房,北京精微致合测试技术有限公司沈阳分公司,20-99人,软件/IT服务,本科,1-3年,"系统测试, 白盒测试, 黑盒测试, Python",技术-测试-软件测试,2026-05-20 18:08:22,15.0,30.0,22.5,12.0,270.0,monthly,北京,怀柔,北房,软件/IT服务,20-99人,未知,技术,测试,软件测试
软件开发/软件测试（导师带教，双休，六险一金）,1.5-3万·14薪,北京·海淀·上地,外企德科数字技术有限公司,合资,10000人以上,本科,经验不限,"Python, C++, Java, Spring, Oracle, 数据结构, 算法",技术-测试-软件测试,2026-05-20 18:08:23,15.0,30.0,22.5,14.0,315.0,monthly,北京,海淀,上地,合资,10000人以上,未知,技术,测试,软件测试
军品软件测试技术副总监/经理,1.8-2.5万·16薪,北京·大兴·博兴,广电计量,国企,1000-9999人,学历不限,5-10年,"软件测试, 白盒测试, 黑盒测试, 军品, 2725A, GJB",技术-测试-软件测试,2026-05-20 18:08:23,18.0,25.0,21.5,16.0,344.0,monthly,北京,大兴,博兴,国企,1000-9999人,未知,技术,测试,软件测试
软件测试经理/专家（银行自动化方向）,1.5-2.5万,北京·海淀·中关村,东华软件股份公司,上市公司,1000-9999人,本科,5-10年,"测试开发, 接口自动化测试, 接口测试, UI自动化测试",技术-测试-软件测试,2026-05-20 18:08:21,15.0,25.0,20.0,12.0,240.0,monthly,北京,海淀,中关村,上市公司,1000-9999人,未知,技术,测试,软件测试
软件测试工程师,1.3-2万·14薪,北京·海淀·马连洼,山东普罗世纪人力资源有限公司,民营,100-299人,大专,3-5年,"自动化测试, 功能测试, 性能测试",技术-测试-软件测试,2026-05-20 18:08:23,13.0,20.0,16.5,14.0,231.0,monthly,北京,海淀,马连洼,民营,100-299人,未知,技术,测试,软件测试
初级软件测试工程师,1.2-2万·13薪,北京·朝阳·望京,澳美信息技术(天津)有限公司,民营,20-99人,本科,1-3年,"功能测试, JIRA, Postman, 云计算产品测试, SQL查询",技术-测试-软件测试,2026-05-20 18:08:53,12.0,20.0,16.0,13.0,208.0,monthly,北京,朝阳,望京,民营,20-99人,未知,技术,测试,软件测试
软件测试工程师,1.5-1.6万,北京·顺义·双丰,中电金信软件有限公司,国企,10000人以上,本科,5-10年,"功能测试, 自动化测试, 性能测试",技术-测试-软件测试,2026-05-20 18:08:22,15.0,16.0,15.5,12.0,186.0,monthly,北京,顺义,双丰,国企,10000人以上,未知,技术,测试,软件测试
嵌入式软件测试工程师,1.1-1.8万,北京·昌平,北京赛迪软件测评工程技术中心有限公司,国企,100-299人,本科,经验不限,,技术-测试-软件测试,2026-05-20 18:08:23,11.0,18.0,14.5,12.0,174.0,monthly,北京,昌平,,国企,100-299人,未知,技术,测试,软件测试
软件测试工程师,1-1.5万·13薪,北京·昌平,北京赛迪软件测评工程技术中心有限公司,国企,100-299人,硕士,1-3年,"C, C++, 软件测试",技术-测试-软件测试,2026-05-20 18:08:22,10.0,15.0,12.5,13.0,162.5,monthly,北京,昌平,,国企,100-299人,未知,技术,测试,软件测试
软件测试工程师(地图方向),1-1.5万,北京·海淀·中关村,科锐尔人力资源服务(苏州)有限公司,上市公司,10000人以上,本科,3-5年,"地图, GIS",技术-测试-软件测试,2026-05-20 18:08:23,10.0,15.0,12.5,12.0,150.0,monthly,北京,海淀,中关村,上市公司,10000人以上,未知,技术,测试,软件测试
软件测试销售经理,1.2-1.3万,北京·海淀·上地,北京密码云芯科技有限公司,民营,100-299人,大专,1-3年,"企业客户, 政府客户, 区域销售, 渠道销售, 电话销售, 院校客户",技术-测试-软件测试,2026-05-20 18:08:23,12.0,13.0,12.5,12.0,150.0,monthly,北京,海淀,上地,民营,100-299人,未知,技术,测试,软件测试
嵌入式软件测试工程师,8000-16000元,北京·怀柔·北房,北京精微致合测试技术有限公司沈阳分公司,20-99人,软件/IT服务,本科,1-3年,嵌入式,技术-测试-软件测试,2026-05-20 18:08:22,8.0,16.0,12.0,12.0,144.0,monthly,北京,怀柔,北房,软件/IT服务,20-99人,未知,技术,测试,软件测试
软件测试主管,8000-15000元,北京·昌平·霍营,北京中维数通软件有限公司,民营,20-99人,本科,1-3年,"软件测试, 白盒测试, 自动化测试",技术-测试-软件测试,2026-05-20 18:08:22,8.0,15.0,11.5,12.0,138.0,monthly,北京,昌平,霍营,民营,20-99人,未知,技术,测试,软件测试
软件测试工程师（船舶）,8000-15000元,北京·昌平,北京赛迪软件测评工程技术中心有限公司,国企,100-299人,本科,经验不限,"功能测试, 系统测试",技术-测试-软件测试,2026-05-20 18:08:22,8.0,15.0,11.5,12.0,138.0,monthly,北京,昌平,,国企,100-299人,未知,技术,测试,软件测试
64-软件测试工程师,1-1.2万,北京·大兴·荣华街道,中科创达软件股份有限公司,合资,1000-9999人,本科,1-3年,车载测试,技术-测试-软件测试,2026-05-20 18:08:22,10.0,12.0,11.0,12.0,132.0,monthly,北京,大兴,荣华街道,合资,1000-9999人,未知,技术,测试,软件测试
63-软件测试工程师,1-1.2万,北京·大兴·荣华街道,中科创达软件股份有限公司,合资,1000-9999人,本科,1-3年,车载测试,技术-测试-软件测试,2026-05-20 18:08:22,10.0,12.0,11.0,12.0,132.0,monthly,北京,大兴,荣华街道,合资,1000-9999人,未知,技术,测试,软件测试
62-软件测试工程师,1-1.2万,北京·大兴·荣华街道,中科创达软件股份有限公司,合资,1000-9999人,本科,1-3年,车载测试,技术-测试-软件测试,2026-05-20 18:08:22,10.0,12.0,11.0,12.0,132.0,monthly,北京,大兴,荣华街道,合资,1000-9999人,未知,技术,测试,软件测试
软件测试工程师,7000-14000元,北京·海淀·马连洼,北京万智信达智能科技有限公司,其它,20-99人,本科,3-5年,"功能测试, 系统测试, 性能测试, JIRA, 禅道",技术-测试-软件测试,2026-05-20 18:08:23,7.0,14.0,10.5,12.0,126.0,monthly,北京,海淀,马连洼,其它,20-99人,未知,技术,测试,软件测试
软件测试,5000-10000元,北京·昌平,北京尚行德智软件技术有限公司,民营,100-299人,学历不限,经验不限,"功能测试, 自动化测试, 性能测试",技术-测试-软件测试,2026-05-20 18:08:22,5.0,10.0,7.5,12.0,90.0,monthly,北京,昌平,,民营,100-299人,未知,技术,测试,软件测试
软件测试实习生,3000-5000元,北京·昌平,北京尚行德智软件技术有限公司,民营,100-299人,大专,经验不限,"功能测试, 系统测试, 性能测试",技术-测试-软件测试,2026-05-20 18:08:22,3.0,5.0,4.0,12.0,48.0,monthly,北京,昌平,,民营,100-299人,未知,技术,测试,软件测试
CAD工业软件测试（不会使用CAD请勿投递）,150-200元/天,北京·昌平·霍营,北京中维数通软件有限公司,民营,20-99人,本科,经验不限,CAD,技术-测试-软件测试,2026-05-20 18:08:21,3.26,4.35,3.81,12.0,45.67,daily,北京,昌平,霍营,民营,20-99人,未知,技术,测试,软件测试
高级嵌入式硬件工程师,3.5-6.5万·14薪,北京·大兴·博兴,北京特倍福电子技术有限公司,民营,100-299人,本科,10年以上,"ARM处理器, DSP, FPGA, EMC 模拟电路 电源",电子/通信/半导体-硬件开发-嵌入式硬件,2026-05-20 18:31:18,35.0,65.0,50.0,14.0,700.0,monthly,北京,大兴,博兴,民营,100-299人,未知,电子/通信/半导体,硬件开发,嵌入式硬件
嵌入式硬件工程师,2.5-4万,北京·海淀·上地,北京丹华昊博电力科技有限公司,民营,100-299人,本科,5-10年,"嵌入式硬件开发, FPGA开发, 电路设计, PCB设计",电子/通信/半导体-硬件开发-嵌入式硬件,2026-05-20 18:31:17,25.0,40.0,32.5,12.0,390.0,monthly,北京,海淀,上地,民营,100-299人,未知,电子/通信/半导体,硬件开发,嵌入式硬件
嵌入式硬件工程师,1.8-3万·13薪,北京·海淀,和泽启元(北京)科技有限公司,民营,20-99人,本科,3-5年,单片机,电子/通信/半导体-硬件开发-嵌入式硬件,2026-05-20 18:31:18,18.0,30.0,24.0,13.0,312.0,monthly,北京,海淀,,民营,20-99人,未知,电子/通信/半导体,硬件开发,嵌入式硬件
嵌入式硬件工程师,1.5-3万,北京·昌平,北京京瀚禹电子工程技术有限公司,民营,500-999人,本科,1-3年,,电子/通信/半导体-硬件开发-嵌入式硬件,2026-05-20 18:31:18,15.0,30.0,22.5,12.0,270.0,monthly,北京,昌平,,民营,500-999人,未知,电子/通信/半导体,硬件开发,嵌入式硬件
嵌入式硬件工程师,1.5-2.5万,北京·昌平·城北,北京华信智航科技有限公司,民营,20-99人,本科,1-3年,"单片机, 嵌入式设计",电子/通信/半导体-硬件开发-嵌入式硬件,2026-05-20 18:31:17,15.0,25.0,20.0,12.0,240.0,monthly,北京,昌平,城北,民营,20-99人,未知,电子/通信/半导体,硬件开发,嵌入式硬件
嵌入式硬件工程师,1.5-2.5万,北京·大兴·荣华街道,北京优客微控工业科技有限公司,民营,20-99人,大专,3-5年,"单片机, ARM处理器, FPGA",电子/通信/半导体-硬件开发-嵌入式硬件,2026-05-20 18:31:17,15.0,25.0,20.0,12.0,240.0,monthly,北京,大兴,荣华街道,民营,20-99人,未知,电子/通信/半导体,硬件开发,嵌入式硬件
嵌入式硬件高级工程师,1.5-2.5万·14薪,北京·大兴·荣华街道,SMC(中国)有限公司,外商独资,1000-9999人,硕士,5-10年,"模拟/数字电路设计, ARM处理器",电子/通信/半导体-硬件开发-嵌入式硬件,2026-05-20 18:31:18,15.0,25.0,20.0,14.0,280.0,monthly,北京,大兴,荣华街道,外商独资,1000-9999人,未知,电子/通信/半导体,硬件开发,嵌入式硬件
嵌入式硬件研发（FPGA方向）,1.8-1.9万,北京·昌平·南邵,中电伟恒(北京)科技发展有限公司,民营,100-299人,本科,3-5年,FPGA,电子/通信/半导体-硬件开发-嵌入式硬件,2026-05-20 18:31:18,18.0,19.0,18.5,12.0,222.0,monthly,北京,昌平,南邵,民营,100-299人,未知,电子/通信/半导体,硬件开发,嵌入式硬件
嵌入式硬件工程师,1.2-2.4万,北京·怀柔·北房,北京雷蒙赛博核装备技术研究有限公司,民营,100-299人,本科,1-3年,"单片机, ARM处理器, DSP",电子/通信/半导体-硬件开发-嵌入式硬件,2026-05-20 18:31:17,12.0,24.0,18.0,12.0,216.0,monthly,北京,怀柔,北房,民营,100-299人,未知,电子/通信/半导体,硬件开发,嵌入式硬件
嵌入式硬件工程师,1.2-2万·13薪,北京·通州·于家务,北京北元电器有限公司,股份制企业,1000-9999人,本科,3-5年,"单片机, ARM处理器",电子/通信/半导体-硬件开发-嵌入式硬件,2026-05-20 18:31:18,12.0,20.0,16.0,13.0,208.0,monthly,北京,通州,于家务,股份制企业,1000-9999人,未知,电子/通信/半导体,硬件开发,嵌入式硬件
嵌入式硬件设计工程师,1-2万,北京,北京西派科技有限公司,民营,20人以下,本科,1-3年,"FPGA, DSP, ARM处理器",电子/通信/半导体-硬件开发-嵌入式硬件,2026-05-20 18:31:17,10.0,20.0,15.0,12.0,180.0,monthly,北京,未知,,民营,20人以下,未知,电子/通信/半导体,硬件开发,嵌入式硬件
嵌入式硬件工程师,1.2-1.8万,北京·通州·于家务,北京北元电器有限公司,股份制企业,1000-9999人,本科,3-5年,单片机,电子/通信/半导体-硬件开发-嵌入式硬件,2026-05-20 18:31:17,12.0,18.0,15.0,12.0,180.0,monthly,北京,通州,于家务,股份制企业,1000-9999人,未知,电子/通信/半导体,硬件开发,嵌入式硬件
嵌入式硬件工程师,1-2万,北京·通州·于家务,北京北元电器有限公司,股份制企业,1000-9999人,本科,3-5年,"单片机, PCB原理图",电子/通信/半导体-硬件开发-嵌入式硬件,2026-05-20 18:31:17,10.0,20.0,15.0,12.0,180.0,monthly,北京,通州,于家务,股份制企业,1000-9999人,未知,电子/通信/半导体,硬件开发,嵌入式硬件
嵌入式硬件电子工程师,1-2万,北京·昌平·南邵,北京金钢科技有限公司,民营,100-299人,本科,5-10年,"EMC设计, ESD设计, 大功率设备, PCB设计",电子/通信/半导体-硬件开发-嵌入式硬件,2026-05-20 18:31:17,10.0,20.0,15.0,12.0,180.0,monthly,北京,昌平,南邵,民营,100-299人,未知,电子/通信/半导体,硬件开发,嵌入式硬件
嵌入式硬件工程师,1.2-1.8万,北京·海淀·花园路,北京飞利信科技股份有限公司,上市公司,1000-9999人,硕士,经验不限,"ARM处理器, 嵌入式硬件设计, PCB设计与调试, 物联网终端开发",电子/通信/半导体-硬件开发-嵌入式硬件,2026-05-20 18:31:18,12.0,18.0,15.0,12.0,180.0,monthly,北京,海淀,花园路,上市公司,1000-9999人,未知,电子/通信/半导体,硬件开发,嵌入式硬件
嵌入式硬件工程师,1.2-1.6万,北京·房山·窦店,航景创新科技,民营,500-999人,本科,1-3年,"固定翼无人机, 无人机设计, 无人机控制系统",电子/通信/半导体-硬件开发-嵌入式硬件,2026-05-20 18:31:17,12.0,16.0,14.0,12.0,168.0,monthly,北京,房山,窦店,民营,500-999人,未知,电子/通信/半导体,硬件开发,嵌入式硬件
嵌入式硬件工程师,1-1.8万·13薪,北京·朝阳·八里庄,北京斯通恩科技有限公司,民营,20-99人,本科,1-3年,"单片机, ARM处理器, DSP",电子/通信/半导体-硬件开发-嵌入式硬件,2026-05-20 18:31:18,10.0,18.0,14.0,13.0,182.0,monthly,北京,朝阳,八里庄,民营,20-99人,未知,电子/通信/半导体,硬件开发,嵌入式硬件
嵌入式硬件研发（FPGA方向）,1-1.5万,北京·昌平·南邵,北京中拓星科技发展有限公司,民营,20-99人,本科,3-5年,,电子/通信/半导体-硬件开发-嵌入式硬件,2026-05-20 18:31:17,10.0,15.0,12.5,12.0,150.0,monthly,北京,昌平,南邵,民营,20-99人,未知,电子/通信/半导体,硬件开发,嵌入式硬件
嵌入式硬件维修工程师,6000-8000元,北京·海淀·清河,北京合众恒跃科技有限公司,民营,20-99人,大专,1-3年,"数字电路, 模拟电路, 维修",电子/通信/半导体-硬件开发-嵌入式硬件,2026-05-20 18:31:17,6.0,8.0,7.0,12.0,84.0,monthly,北京,海淀,清河,民营,20-99人,未知,电子/通信/半导体,硬件开发,嵌入式硬件
嵌入式硬件工程师,6000-8000元,北京·昌平·北七家,北京得瑞紫蜂科技有限公司,民营,20-99人,本科,经验不限,,电子/通信/半导体-硬件开发-嵌入式硬件,2026-05-20 18:31:17,6.0,8.0,7.0,12.0,84.0,monthly,北京,昌平,北七家,民营,20-99人,未知,电子/通信/半导体,硬件开发,嵌入式硬件
硬件工程师（中高级）,2.8-4.5万·14薪,北京·通州·新华,京清数电(北京)技术有限公司,民营,100-299人,本科,5-10年,"储能变流器 逆变器 变频器, 电源, SVG, PCS",电子/通信/半导体-硬件开发-硬件工程师,2026-05-20 18:32:45,28.0,45.0,36.5,14.0,511.0,monthly,北京,通州,新华,民营,100-299人,未知,电子/通信/半导体,硬件开发,硬件工程师
高级硬件工程师,3-4万,北京·海淀·海淀街道,爱迪特(秦皇岛)科技股份有限公司,上市公司,500-999人,本科,3-5年,"设计, PCB设计, FPGA研发",电子/通信/半导体-硬件开发-硬件工程师,2026-05-20 18:32:06,30.0,40.0,35.0,12.0,420.0,monthly,北京,海淀,海淀街道,上市公司,500-999人,未知,电子/通信/半导体,硬件开发,硬件工程师
硬件工程师,2.5-4万·16薪,北京·海淀·学院路,北京品驰医疗设备股份有限公司,民营,300-499人,博士,经验不限,"电路设计, 电子, 生物医学工程",电子/通信/半导体-硬件开发-硬件工程师,2026-05-20 18:32:05,25.0,40.0,32.5,16.0,520.0,monthly,北京,海淀,学院路,民营,300-499人,未知,电子/通信/半导体,硬件开发,硬件工程师
高级硬件工程师,2-4万,北京·海淀·上地,华力创通,上市公司,500-999人,本科,5-10年,"设计, 技术支持, 硬件项目管理经验",电子/通信/半导体-硬件开发-硬件工程师,2026-05-20 18:32:05,20.0,40.0,30.0,12.0,360.0,monthly,北京,海淀,上地,上市公司,500-999人,未知,电子/通信/半导体,硬件开发,硬件工程师
硬件工程师,2.5-3.5万·14薪,北京·通州·新华,京清数电(北京)技术有限公司,民营,100-299人,本科,经验不限,"逆变器, 变流器, APF/SVG, 电源, 变频器, IGBT, PCB设计",电子/通信/半导体-硬件开发-硬件工程师,2026-05-20 18:32:06,25.0,35.0,30.0,14.0,420.0,monthly,北京,通州,新华,民营,100-299人,未知,电子/通信/半导体,硬件开发,硬件工程师
硬件工程师,1.8-3万,北京·昌平·史各庄,北京集智达智能科技有限责任公司,民营,100-299人,本科,3-5年,"硬件开发, ARM开发",电子/通信/半导体-硬件开发-硬件工程师,2026-05-20 18:32:06,18.0,30.0,24.0,12.0,288.0,monthly,北京,昌平,史各庄,民营,100-299人,未知,电子/通信/半导体,硬件开发,硬件工程师
硬件工程师,2-2.6万,北京·海淀·上地,北京国基科技股份有限公司,民营,100-299人,硕士,3-5年,,电子/通信/半导体-硬件开发-硬件工程师,2026-05-20 18:32:05,20.0,26.0,23.0,12.0,276.0,monthly,北京,海淀,上地,民营,100-299人,未知,电子/通信/半导体,硬件开发,硬件工程师
硬件工程师,1.6-3万,北京·昌平,北京古亭技术有限公司,民营,20-99人,本科,5-10年,"硬件测试, 设计, PCB设计, EMC测试",电子/通信/半导体-硬件开发-硬件工程师,2026-05-20 18:32:05,16.0,30.0,23.0,12.0,276.0,monthly,北京,昌平,,民营,20-99人,未知,电子/通信/半导体,硬件开发,硬件工程师
硬件工程师,1.6-3万,北京·昌平,北京航瑞达科技有限公司,民营,20-99人,本科,5-10年,,电子/通信/半导体-硬件开发-硬件工程师,2026-05-20 18:32:05,16.0,30.0,23.0,12.0,276.0,monthly,北京,昌平,,民营,20-99人,未知,电子/通信/半导体,硬件开发,硬件工程师
硬件工程师,2-2.5万,北京·昌平·史各庄,北京中智核安科技有限公司,国企,20-99人,本科,5-10年,,电子/通信/半导体-硬件开发-硬件工程师,2026-05-20 18:32:05,20.0,25.0,22.5,12.0,270.0,monthly,北京,昌平,史各庄,国企,20-99人,未知,电子/通信/半导体,硬件开发,硬件工程师
等离子硬件工程师,1.5-3万·13薪,北京·大兴·荣华街道,北京天星医疗股份有限公司,股份制企业,300-499人,本科,1-3年,,电子/通信/半导体-硬件开发-硬件工程师,2026-05-20 18:32:05,15.0,30.0,22.5,13.0,292.5,monthly,北京,大兴,荣华街道,股份制企业,300-499人,未知,电子/通信/半导体,硬件开发,硬件工程师
硬件工程师,2-2.5万,北京·海淀·学院路,太原国科半导体光电研究院有限公司,民营,100-299人,本科,5-10年,,电子/通信/半导体-硬件开发-硬件工程师,2026-05-20 18:32:06,20.0,25.0,22.5,12.0,270.0,monthly,北京,海淀,学院路,民营,100-299人,未知,电子/通信/半导体,硬件开发,硬件工程师
硬件工程师,1.5-3万,北京·朝阳·大屯,威脉清通医疗科技(无锡)有限公司,民营,20-99人,本科,5-10年,,电子/通信/半导体-硬件开发-硬件工程师,2026-05-20 18:32:15,15.0,30.0,22.5,12.0,270.0,monthly,北京,朝阳,大屯,民营,20-99人,未知,电子/通信/半导体,硬件开发,硬件工程师
嵌入式硬件工程师,1.5-2.5万,北京·昌平·城北,北京华信智航科技有限公司,民营,20-99人,本科,1-3年,"单片机, 嵌入式设计",电子/通信/半导体-硬件开发-硬件工程师,2026-05-20 18:32:06,15.0,25.0,20.0,12.0,240.0,monthly,北京,昌平,城北,民营,20-99人,未知,电子/通信/半导体,硬件开发,硬件工程师
高级硬件工程师,1.5-2.5万,北京·石景山·古城,北京交大微联科技有限公司,股份制企业,300-499人,本科,3-5年,"电路设计, JTAG, UC/OS II, 飞腾 电子化, 联锁",电子/通信/半导体-硬件开发-硬件工程师,2026-05-20 18:32:06,15.0,25.0,20.0,12.0,240.0,monthly,北京,石景山,古城,股份制企业,300-499人,未知,电子/通信/半导体,硬件开发,硬件工程师
高级硬件工程师（（硬件技术专家）,1.5-2.5万,北京·海淀·花园路,北京市科学技术研究院,事业单位,1000-9999人,博士,3-5年,"设计, 技术支持, PCB设计, EMC设计, AI大模型辅助研发",电子/通信/半导体-硬件开发-硬件工程师,2026-05-20 18:32:06,15.0,25.0,20.0,12.0,240.0,monthly,北京,海淀,花园路,事业单位,1000-9999人,未知,电子/通信/半导体,硬件开发,硬件工程师
硬件工程师,1.5-2.5万,北京·丰台·看丹,北京中航科电测控技术股份有限公司,股份制企业,300-499人,硕士,3-5年,"军用测试设备研发, 测控类研发",电子/通信/半导体-硬件开发-硬件工程师,2026-05-20 18:32:15,15.0,25.0,20.0,12.0,240.0,monthly,北京,丰台,看丹,股份制企业,300-499人,未知,电子/通信/半导体,硬件开发,硬件工程师
嵌入式硬件工程师,1.2-2.4万,北京·怀柔·北房,北京雷蒙赛博核装备技术研究有限公司,民营,100-299人,本科,1-3年,"单片机, ARM处理器, DSP",电子/通信/半导体-硬件开发-硬件工程师,2026-05-20 18:32:06,12.0,24.0,18.0,12.0,216.0,monthly,北京,怀柔,北房,民营,100-299人,未知,电子/通信/半导体,硬件开发,硬件工程师
硬件工程师,1.3-1.8万·13薪,北京·通州·台湖,久事神康,股份制企业,100-299人,本科,3-5年,,电子/通信/半导体-硬件开发-硬件工程师,2026-05-20 18:32:05,13.0,18.0,15.5,13.0,201.5,monthly,北京,通州,台湖,股份制企业,100-299人,未知,电子/通信/半导体,硬件开发,硬件工程师
初级硬件工程师,1-2万,北京·通州·台湖,北京恒源新动力科技有限公司,民营,20-99人,本科,3-5年,电机控制器,电子/通信/半导体-硬件开发-硬件工程师,2026-05-20 18:32:05,10.0,20.0,15.0,12.0,180.0,monthly,北京,通州,台湖,民营,20-99人,未知,电子/通信/半导体,硬件开发,硬件工程师
嵌入式硬件工程师,1.2-1.6万,北京·房山·窦店,航景创新科技,民营,500-999人,本科,1-3年,"固定翼无人机, 无人机设计, 无人机控制系统",电子/通信/半导体-硬件开发-硬件工程师,2026-05-20 18:32:05,12.0,16.0,14.0,12.0,168.0,monthly,北京,房山,窦店,民营,500-999人,未知,电子/通信/半导体,硬件开发,硬件工程师
硬件工程师,1.2-1.5万,北京·通州·马驹桥,灵素医疗科技(陕西)有限公司,民营,20-99人,大专,3-5年,,电子/通信/半导体-硬件开发-硬件工程师,2026-05-20 18:32:16,12.0,15.0,13.5,12.0,162.0,monthly,北京,通州,马驹桥,民营,20-99人,未知,电子/通信/半导体,硬件开发,硬件工程师
硬件工程师,8000-13000元,北京·顺义·李桥,正元地理信息集团股份有限公司,上市公司,1000-9999人,硕士,经验不限,"硬件测试, 设计, PCB设计, 嵌入式开发, 技术支持",电子/通信/半导体-硬件开发-硬件工程师,2026-05-20 18:32:05,8.0,13.0,10.5,12.0,126.0,monthly,北京,顺义,李桥,上市公司,1000-9999人,未知,电子/通信/半导体,硬件开发,硬件工程师
FPGA硬件工程师,8000-12000元,北京·海淀·清河,北京合众恒跃科技有限公司,民营,20-99人,本科,1-3年,FPGA硬件设计,电子/通信/半导体-硬件开发-硬件工程师,2026-05-20 18:32:05,8.0,12.0,10.0,12.0,120.0,monthly,北京,海淀,清河,民营,20-99人,未知,电子/通信/半导体,硬件开发,硬件工程师
高级硬件工程师,面议,北京·海淀·燕园,青鸟智慧控制科技股份有限公司,上市公司,500-999人,本科,3-5年,设计,电子/通信/半导体-硬件开发-硬件工程师,2026-05-20 18:32:16,,,,,,negotiable,北京,海淀,燕园,上市公司,500-999人,未知,电子/通信/半导体,硬件开发,硬件工程师
数据中心通信工程师,1.5-1.7万,北京·海淀·紫竹院,中国中元国际工程有限公司,国企,1000-9999人,本科,5-10年,"规划通信, 智能化",电子/通信/半导体-通信-数据通信工程师,2026-05-20 18:19:06,15.0,17.0,16.0,12.0,192.0,monthly,北京,海淀,紫竹院,国企,1000-9999人,未知,电子/通信/半导体,通信,数据通信工程师
华为数通工程师（售前）,1.2-1.8万,北京·海淀,北京泰阳和正科技发展有限公司,民营,100-299人,本科,1-3年,"HCSP-IP, HCIP, HCIP-DATA, 网络交换技术, 网络协议",电子/通信/半导体-通信-数据通信工程师,2026-05-20 18:19:06,12.0,18.0,15.0,12.0,180.0,monthly,北京,海淀,,民营,100-299人,未知,电子/通信/半导体,通信,数据通信工程师
华为ASP数通工程师（中/高级）,1-2万,北京·朝阳·麦子店,成都山康技术服务有限公司,民营,1000-9999人,大专,3-5年,"网络协议, 数据通信, HCIP, HCIE",电子/通信/半导体-通信-数据通信工程师,2026-05-20 18:19:08,10.0,20.0,15.0,12.0,180.0,monthly,北京,朝阳,麦子店,民营,1000-9999人,未知,电子/通信/半导体,通信,数据通信工程师
数通工程师,1-1.7万,北京·海淀·甘家口,成都山康技术服务有限公司,民营,1000-9999人,大专,3-5年,"网络交换技术, Linux, HCIP, HCIE",电子/通信/半导体-通信-数据通信工程师,2026-05-20 18:19:07,10.0,17.0,13.5,12.0,162.0,monthly,北京,海淀,甘家口,民营,1000-9999人,未知,电子/通信/半导体,通信,数据通信工程师
ASP数通工程师-中高,1.1-1.5万,北京·朝阳·望京,成都山康技术服务有限公司,民营,1000-9999人,大专,3-5年,"网络交换技术, 数据通信, HCIP, HCIE, NE路由器、CE系列交换机",电子/通信/半导体-通信-数据通信工程师,2026-05-20 18:19:07,11.0,15.0,13.0,12.0,156.0,monthly,北京,朝阳,望京,民营,1000-9999人,未知,电子/通信/半导体,通信,数据通信工程师
数通工程师（北京）,1-1.5万,北京·丰台·看丹,南京翰华通信技术服务有限公司,民营,500-999人,本科,经验不限,"网络交换技术, 网络协议",电子/通信/半导体-通信-数据通信工程师,2026-05-20 18:19:06,10.0,15.0,12.5,12.0,150.0,monthly,北京,丰台,看丹,民营,500-999人,未知,电子/通信/半导体,通信,数据通信工程师
通信工程项目经理,1-1.5万,北京·大兴·林校路,北京市合力电信有限公司,股份制企业,300-499人,本科,3-5年,,电子/通信/半导体-通信-数据通信工程师,2026-05-20 18:19:07,10.0,15.0,12.5,12.0,150.0,monthly,北京,大兴,林校路,股份制企业,300-499人,未知,电子/通信/半导体,通信,数据通信工程师
数通工程师,1-1.5万,北京·门头沟,深圳市讯方技术股份有限公司,股份制企业,1000-9999人,大专,1-3年,"HCIE, HCIP, 交付, 实施, 运维, 网络",电子/通信/半导体-通信-数据通信工程师,2026-05-20 18:19:08,10.0,15.0,12.5,12.0,150.0,monthly,北京,门头沟,,股份制企业,1000-9999人,未知,电子/通信/半导体,通信,数据通信工程师
数据通信产品售前工程师,1-1.4万·15薪,北京·丰台·卢沟桥,北京唐峨锦犀科技有限公司,民营,100-299人,本科,3-5年,"通信项目管理, 数据通信, H3CSE, H3CNE, HCIE, HCIP",电子/通信/半导体-通信-数据通信工程师,2026-05-20 18:19:06,10.0,14.0,12.0,15.0,180.0,monthly,北京,丰台,卢沟桥,民营,100-299人,未知,电子/通信/半导体,通信,数据通信工程师
子公司通信工程项目经理,8000-15000元,北京·丰台·太平桥,北京丽泽金融商务区控股集团有限公司,国企,100-299人,本科,3-5年,,电子/通信/半导体-通信-数据通信工程师,2026-05-20 18:19:07,8.0,15.0,11.5,12.0,138.0,monthly,北京,丰台,太平桥,国企,100-299人,未知,电子/通信/半导体,通信,数据通信工程师
数据通信标准化及技术研究,8000-13000元,北京·大兴·荣华街道,中国电子技术标准化研究院((工业和信息化部电子工业标准化研究院)(工业和信息化部电子第四研究院)),事业单位,500-999人,硕士,经验不限,"3GPP TSG GERAN, 3GPP TSG CT, 3GPP TSG RAN",电子/通信/半导体-通信-数据通信工程师,2026-05-20 18:19:07,8.0,13.0,10.5,12.0,126.0,monthly,北京,大兴,荣华街道,事业单位,500-999人,未知,电子/通信/半导体,通信,数据通信工程师
应急通信保障岗/通信工程文案编辑,8000-10000元,北京·海淀·甘家口,黑龙江省俊驰通信技术有限公司,民营,100-299人,本科,经验不限,"通信项目管理, 铁塔设计, 5G",电子/通信/半导体-通信-数据通信工程师,2026-05-20 18:19:07,8.0,10.0,9.0,12.0,108.0,monthly,北京,海淀,甘家口,民营,100-299人,未知,电子/通信/半导体,通信,数据通信工程师
数通工程师-驻场,7000-11000元,北京·东城·东华门,深圳市讯方技术股份有限公司,股份制企业,1000-9999人,本科,1-3年,"HCIE, 数据通信",电子/通信/半导体-通信-数据通信工程师,2026-05-20 18:19:07,7.0,11.0,9.0,12.0,108.0,monthly,北京,东城,东华门,股份制企业,1000-9999人,未知,电子/通信/半导体,通信,数据通信工程师
通信工程施工预算员,7000-10000元,北京·丰台·玉泉营,北京市电通电话技术开发有限公司,股份制企业,100-299人,大专,1-3年,安装工程,电子/通信/半导体-通信-数据通信工程师,2026-05-20 18:19:08,7.0,10.0,8.5,12.0,102.0,monthly,北京,丰台,玉泉营,股份制企业,100-299人,未知,电子/通信/半导体,通信,数据通信工程师
2026届校招设计总院工程监理（土木工程/通信工程/环境工程/环境生态工程）岗位,7000-10000元,北京·朝阳,中交综合规划设计院有限公司,国企,500-999人,本科,经验不限,"土木工程, 通信工程, 环境工程, 环境生态工程",电子/通信/半导体-通信-数据通信工程师,2026-05-20 18:19:08,7.0,10.0,8.5,12.0,102.0,monthly,北京,朝阳,,国企,500-999人,未知,电子/通信/半导体,通信,数据通信工程师
通信工程教师,7000-10000元·14薪,北京·延庆·康庄,北京邮电大学世纪学院,其它,100-299人,硕士,经验不限,"软件工程, 通信工程, 电磁波",电子/通信/半导体-通信-数据通信工程师,2026-05-20 18:19:08,7.0,10.0,8.5,14.0,119.0,monthly,北京,延庆,康庄,其它,100-299人,未知,电子/通信/半导体,通信,数据通信工程师
通信工程监理/代维巡检工程师,6000-8000元,北京·海淀·甘家口,黑龙江省俊驰通信技术有限公司,民营,100-299人,大专,1-3年,通信工程,电子/通信/半导体-通信-数据通信工程师,2026-05-20 18:19:06,6.0,8.0,7.0,12.0,84.0,monthly,北京,海淀,甘家口,民营,100-299人,未知,电子/通信/半导体,通信,数据通信工程师
现场服务工程师（通信工程 国企背景）,6000-8000元,北京·西城·西长安街,上海迄华人力资源有限公司,300-499人,人力资源,本科,经验不限,移动通信,电子/通信/半导体-通信-数据通信工程师,2026-05-20 18:19:07,6.0,8.0,7.0,12.0,84.0,monthly,北京,西城,西长安街,人力资源,300-499人,未知,电子/通信/半导体,通信,数据通信工程师
通信工程资料员,4000-6000元,北京·昌平,浙江友华数智方舟科技有限公司,民营,1000-9999人,大专,3-5年,通信工程,电子/通信/半导体-通信-数据通信工程师,2026-05-20 18:19:08,4.0,6.0,5.0,12.0,60.0,monthly,北京,昌平,,民营,1000-9999人,未知,电子/通信/半导体,通信,数据通信工程师
通信工程实习生,3000-5000元,北京·海淀,北京诚公管理咨询有限公司,国企,1000-9999人,本科,经验不限,"工程管理, 监理",电子/通信/半导体-通信-数据通信工程师,2026-05-20 18:19:07,3.0,5.0,4.0,12.0,48.0,monthly,北京,海淀,,国企,1000-9999人,未知,电子/通信/半导体,通信,数据通信工程师
零碳园区技术总监/总工程师,2-4万,北京·丰台·花乡,河北科力远混合储能技术有限公司,20-99人,电气机械/电力设备,硕士,5-10年,项目管理,电子/通信/半导体-通信-通信技术工程师,2026-05-20 18:17:32,20.0,40.0,30.0,12.0,360.0,monthly,北京,丰台,花乡,电气机械/电力设备,20-99人,未知,电子/通信/半导体,通信,通信技术工程师
嵌入式软件工程师（伺服控制技术方向）,1.5-3万·13薪,北京·大兴·观音寺,北京立迈胜控制技术有限责任公司,民营,100-299人,本科,3-5年,"STM32, SPI, ARM, CAN, ETHERCAT, 嵌入式, 伺服驱动",电子/通信/半导体-通信-通信技术工程师,2026-05-20 18:17:31,15.0,30.0,22.5,13.0,292.5,monthly,北京,大兴,观音寺,民营,100-299人,未知,电子/通信/半导体,通信,通信技术工程师
通信电源技术工程师--电力电子电源行业经验优先,1.4-2.8万,北京·昌平·城北,北京宏光星宇科技发展有限公司,民营,100-299人,大专,1-3年,工程支持,电子/通信/半导体-通信-通信技术工程师,2026-05-20 18:17:31,14.0,28.0,21.0,12.0,252.0,monthly,北京,昌平,城北,民营,100-299人,未知,电子/通信/半导体,通信,通信技术工程师
通信技术工程师,1.6-2.5万,北京·昌平,北京凯丰源信息技术股份有限公司,民营,20-99人,大专,3-5年,"无线通信, 网络维护, 自组网",电子/通信/半导体-通信-通信技术工程师,2026-05-20 18:17:30,16.0,25.0,20.5,12.0,246.0,monthly,北京,昌平,,民营,20-99人,未知,电子/通信/半导体,通信,通信技术工程师
无线通信技术工程师 物联网无线安全工程师,1.5-2.5万,北京·门头沟,北京智慧云测设备技术有限公司,民营,20-99人,本科,1-3年,"C语言, C++, 5G, 4G, 通信协议/软件开发, 无线通信",电子/通信/半导体-通信-通信技术工程师,2026-05-20 18:17:30,15.0,25.0,20.0,12.0,240.0,monthly,北京,门头沟,,民营,20-99人,未知,电子/通信/半导体,通信,通信技术工程师
无线通信技术工程师,1.3-2.5万,北京·门头沟,北京智慧云测设备技术有限公司,民营,20-99人,本科,1-3年,"4G, 5G, 无线通信, 研发",电子/通信/半导体-通信-通信技术工程师,2026-05-20 18:17:30,13.0,25.0,19.0,12.0,228.0,monthly,北京,门头沟,,民营,20-99人,未知,电子/通信/半导体,通信,通信技术工程师
无线通信技术研究工程师,1.5-2.3万,北京·东城·和平里,北京安信创业信息科技发展有限公司,国企,300-499人,硕士,3-5年,无线及卫星通信,电子/通信/半导体-通信-通信技术工程师,2026-05-20 18:17:31,15.0,23.0,19.0,12.0,228.0,monthly,北京,东城,和平里,国企,300-499人,未知,电子/通信/半导体,通信,通信技术工程师
通信技术支持工程师,1.5-1.8万,北京·海淀,北京瑞淇网络科技有限公司,民营,20人以下,本科,3-5年,"板卡, 通信",电子/通信/半导体-通信-通信技术工程师,2026-05-20 18:17:31,15.0,18.0,16.5,12.0,198.0,monthly,北京,海淀,,民营,20人以下,未知,电子/通信/半导体,通信,通信技术工程师
售前技术工程师（激光通信）,1-2万,北京·石景山·古城,北京微光智远科技有限公司,民营,20人以下,本科,1-3年,航天遥感,电子/通信/半导体-通信-通信技术工程师,2026-05-20 18:17:31,10.0,20.0,15.0,12.0,180.0,monthly,北京,石景山,古城,民营,20人以下,未知,电子/通信/半导体,通信,通信技术工程师
钣金技术工程师,1.2-1.8万,北京·昌平·流村,华钛空天(北京)技术有限责任公司,民营,100-299人,中专/中技,3-5年,,电子/通信/半导体-通信-通信技术工程师,2026-05-20 18:18:01,12.0,18.0,15.0,12.0,180.0,monthly,北京,昌平,流村,民营,100-299人,未知,电子/通信/半导体,通信,通信技术工程师
技术员,1.2-1.6万,北京·通州·中仓,北京厚德博泓技术咨询股份有限公司,股份制企业,20-99人,大专,经验不限,,电子/通信/半导体-通信-通信技术工程师,2026-05-20 18:17:32,12.0,16.0,14.0,12.0,168.0,monthly,北京,通州,中仓,股份制企业,20-99人,未知,电子/通信/半导体,通信,通信技术工程师
通信技术工程师,8000-15000元,北京·西城·牛街,上海棱智峰信息技术有限公司,20-99人,产业互联网平台,本科,经验不限,"运维, 测试, 硬件测试, 通信测试, 网络运维, 硬件/设备运维",电子/通信/半导体-通信-通信技术工程师,2026-05-20 18:17:30,8.0,15.0,11.5,12.0,138.0,monthly,北京,西城,牛街,产业互联网平台,20-99人,未知,电子/通信/半导体,通信,通信技术工程师
通信技术工程师,9000-12000元,北京·朝阳·劲松,北京中利恒优科技有限公司,民营,300-499人,大专,1-3年,通信,电子/通信/半导体-通信-通信技术工程师,2026-05-20 18:17:31,9.0,12.0,10.5,12.0,126.0,monthly,北京,朝阳,劲松,民营,300-499人,未知,电子/通信/半导体,通信,通信技术工程师
通信技术工程师,8000-12000元,北京·海淀·马连洼,北京卫星电信研究所有限公司,国企,20-99人,硕士,经验不限,"研发, 测试, 通信测试, 卫星通信",电子/通信/半导体-通信-通信技术工程师,2026-05-20 18:17:31,8.0,12.0,10.0,12.0,120.0,monthly,北京,海淀,马连洼,国企,20-99人,未知,电子/通信/半导体,通信,通信技术工程师
运维技术工程师（通信网络工程师）,8000-12000元,北京·朝阳,民航电信开发有限责任公司,国企,100-299人,本科,经验不限,"机房网络运维, 传输网运维, TCP/IP协议, OSPF",电子/通信/半导体-通信-通信技术工程师,2026-05-20 18:17:31,8.0,12.0,10.0,12.0,120.0,monthly,北京,朝阳,,国企,100-299人,未知,电子/通信/半导体,通信,通信技术工程师
无线通信技术服务工程师（TX）,6000-12000元,北京·海淀·北下关,国铁通信信号(北京)有限公司,国企,500-999人,本科,1-3年,"无线通信, 铁路通信, 工程服务",电子/通信/半导体-通信-通信技术工程师,2026-05-20 18:17:30,6.0,12.0,9.0,12.0,108.0,monthly,北京,海淀,北下关,国企,500-999人,未知,电子/通信/半导体,通信,通信技术工程师
通信项目经理,6000-12000元,北京·丰台·看丹,北京迈亚方圆通讯技术有限公司,民营,100-299人,学历不限,经验不限,,电子/通信/半导体-通信-通信技术工程师,2026-05-20 18:17:32,6.0,12.0,9.0,12.0,108.0,monthly,北京,丰台,看丹,民营,100-299人,未知,电子/通信/半导体,通信,通信技术工程师
通信技术工程师,6000-9000元,北京·丰台·马家堡,浙江瑞盈通信技术股份有限公司,民营,500-999人,大专,1-3年,"移动通信, 数据通信, 有线传输",电子/通信/半导体-通信-通信技术工程师,2026-05-20 18:17:30,6.0,9.0,7.5,12.0,90.0,monthly,北京,丰台,马家堡,民营,500-999人,未知,电子/通信/半导体,通信,通信技术工程师
通信技术工程师,5000-10000元,北京·海淀·马连洼,北京卫星电信研究所有限公司,国企,20-99人,硕士,经验不限,"研发, 硬件研发, 软件研发",电子/通信/半导体-通信-通信技术工程师,2026-05-20 18:17:31,5.0,10.0,7.5,12.0,90.0,monthly,北京,海淀,马连洼,国企,20-99人,未知,电子/通信/半导体,通信,通信技术工程师
设备技术员（高效液相、气相色谱）,6000-8000元,北京·大兴·西红门,北京百奥思科生物医学技术有限公司,民营,300-499人,大专,1-3年,"高效液相, 设备技术, 液质联用",电子/通信/半导体-通信-通信技术工程师,2026-05-20 18:17:32,6.0,8.0,7.0,12.0,84.0,monthly,北京,大兴,西红门,民营,300-499人,未知,电子/通信/半导体,通信,通信技术工程师
无线应急工程师,6000-8000元·14薪,北京·东城·龙潭,北京市海讯达通信有限责任公司,国企,100-299人,本科,经验不限,通信,电子/通信/半导体-通信-通信技术工程师,2026-05-20 18:17:42,6.0,8.0,7.0,14.0,98.0,monthly,北京,东城,龙潭,国企,100-299人,未知,电子/通信/半导体,通信,通信技术工程师
技术工程师通信信号方向,面议,北京·丰台·玉泉营,北京京港地铁有限公司,合资,10000人以上,本科,5-10年,"运维, 信号",电子/通信/半导体-通信-通信技术工程师,2026-05-20 18:17:31,,,,,,negotiable,北京,丰台,玉泉营,合资,10000人以上,未知,电子/通信/半导体,通信,通信技术工程师
卫星通信研发工程师,1.8-3.5万,北京·朝阳,交通运输通信信息集团有限公司,国企,1000-9999人,硕士,3-5年,"卫星通信, VDES, 海事卫星",电子/通信/半导体-通信-通信研发工程师,2026-05-20 18:18:19,18.0,35.0,26.5,12.0,318.0,monthly,北京,朝阳,,国企,1000-9999人,未知,电子/通信/半导体,通信,通信研发工程师
通信协议研发工程师,2-3万·14薪,北京·昌平·霍营,大唐联仪,国企,100-299人,本科,3-5年,"协议开发, 5G, 无线通信",电子/通信/半导体-通信-通信研发工程师,2026-05-20 18:18:19,20.0,30.0,25.0,14.0,350.0,monthly,北京,昌平,霍营,国企,100-299人,未知,电子/通信/半导体,通信,通信研发工程师
终端通信工程师,2-3万·14薪,北京·石景山·苹果园,河北神舟卫星通信股份有限公司,股份制企业,100-299人,本科,3-5年,"卫星通信, 研发, 5G, 卫星MODEM",电子/通信/半导体-通信-通信研发工程师,2026-05-20 18:18:20,20.0,30.0,25.0,14.0,350.0,monthly,北京,石景山,苹果园,股份制企业,100-299人,未知,电子/通信/半导体,通信,通信研发工程师
无线通信研发工程师,1.5-3万,北京·清华园,新岸线(北京)科技集团有限公司,民营,500-999人,本科,3-5年,"无线通信, 通信协议",电子/通信/半导体-通信-通信研发工程师,2026-05-20 18:18:19,15.0,30.0,22.5,12.0,270.0,monthly,北京,清华园,,民营,500-999人,未知,电子/通信/半导体,通信,通信研发工程师
中高级协议栈开发工程师,1.5-3万·14薪,北京·石景山·苹果园,河北神舟卫星通信股份有限公司,股份制企业,100-299人,本科,1-3年,"5G, 世焗协议栈, 卫星通信, MAC",电子/通信/半导体-通信-通信研发工程师,2026-05-20 18:18:20,15.0,30.0,22.5,14.0,315.0,monthly,北京,石景山,苹果园,股份制企业,100-299人,未知,电子/通信/半导体,通信,通信研发工程师
通信协议研发工程师-2026届校招,1.5-2.5万,北京·海淀,北京通广龙电子科技有限公司,股份制企业,100-299人,硕士,经验不限,"无线通信, 无线网络",电子/通信/半导体-通信-通信研发工程师,2026-05-20 18:18:19,15.0,25.0,20.0,12.0,240.0,monthly,北京,海淀,,股份制企业,100-299人,未知,电子/通信/半导体,通信,通信研发工程师
卫星通信系统主任设计师,1.5-2万,北京·海淀·燕园,厦门九华通信设备厂,国企,100-299人,硕士,3-5年,卫星通信,电子/通信/半导体-通信-通信研发工程师,2026-05-20 18:18:20,15.0,20.0,17.5,12.0,210.0,monthly,北京,海淀,燕园,国企,100-299人,未知,电子/通信/半导体,通信,通信研发工程师
华为数通ASP工程师,1.1-2.2万,北京·海淀·羊坊店,南京翰华通信技术服务有限公司,民营,500-999人,本科,1-3年,"数通, 交换机, 扩容",电子/通信/半导体-通信-通信研发工程师,2026-05-20 18:18:20,11.0,22.0,16.5,12.0,198.0,monthly,北京,海淀,羊坊店,民营,500-999人,未知,电子/通信/半导体,通信,通信研发工程师
6G承载和智算网络科研工程师2026SBZ09,1.4-1.6万,北京·海淀·花园路,中国信息通信研究院,事业单位,1000-9999人,硕士,1-3年,6G,电子/通信/半导体-通信-通信研发工程师,2026-05-20 18:18:20,14.0,16.0,15.0,12.0,180.0,monthly,北京,海淀,花园路,事业单位,1000-9999人,未知,电子/通信/半导体,通信,通信研发工程师
数通工程师（北京）,1-1.5万,北京·丰台·看丹,南京翰华通信技术服务有限公司,民营,500-999人,本科,经验不限,"网络交换技术, 网络协议",电子/通信/半导体-通信-通信研发工程师,2026-05-20 18:18:19,10.0,15.0,12.5,12.0,150.0,monthly,北京,丰台,看丹,民营,500-999人,未知,电子/通信/半导体,通信,通信研发工程师
信息通信工程师26SZSCQ01,1-1.5万,北京·西城·德胜,中国信息通信研究院,事业单位,1000-9999人,硕士,经验不限,信息通信,电子/通信/半导体-通信-通信研发工程师,2026-05-20 18:18:20,10.0,15.0,12.5,12.0,150.0,monthly,北京,西城,德胜,事业单位,1000-9999人,未知,电子/通信/半导体,通信,通信研发工程师
通信研发工程师,8000-15000元·15薪,北京,北京通广龙电子科技有限公司,股份制企业,100-299人,本科,经验不限,"C语言, 网络协议, 通信协议/软件开发, 嵌入式",电子/通信/半导体-通信-通信研发工程师,2026-05-20 18:18:19,8.0,15.0,11.5,15.0,172.5,monthly,北京,未知,,股份制企业,100-299人,未知,电子/通信/半导体,通信,通信研发工程师
通信装备研发测试工程师,8000-15000元,北京·东城·和平里,北京安信创业信息科技发展有限公司,国企,300-499人,本科,3-5年,"通信系统架构, 信号处理, 电磁微波",电子/通信/半导体-通信-通信研发工程师,2026-05-20 18:18:19,8.0,15.0,11.5,12.0,138.0,monthly,北京,东城,和平里,国企,300-499人,未知,电子/通信/半导体,通信,通信研发工程师
通信网络项目交付工程师,8000-12000元,北京·海淀·北太平庄,浙江瑞盈通信技术股份有限公司,民营,500-999人,本科,3-5年,通信项目管理,电子/通信/半导体-通信-通信研发工程师,2026-05-20 18:18:20,8.0,12.0,10.0,12.0,120.0,monthly,北京,海淀,北太平庄,民营,500-999人,未知,电子/通信/半导体,通信,通信研发工程师
无线通信技术服务工程师（TX）,6000-12000元,北京·海淀·北下关,国铁通信信号(北京)有限公司,国企,500-999人,本科,1-3年,"无线通信, 铁路通信, 工程服务",电子/通信/半导体-通信-通信研发工程师,2026-05-20 18:18:20,6.0,12.0,9.0,12.0,108.0,monthly,北京,海淀,北下关,国企,500-999人,未知,电子/通信/半导体,通信,通信研发工程师
应急通信保障岗/通信工程文案编辑,8000-10000元,北京·海淀·甘家口,黑龙江省俊驰通信技术有限公司,民营,100-299人,本科,经验不限,"通信项目管理, 铁塔设计, 5G",电子/通信/半导体-通信-通信研发工程师,2026-05-20 18:18:20,8.0,10.0,9.0,12.0,108.0,monthly,北京,海淀,甘家口,民营,100-299人,未知,电子/通信/半导体,通信,通信研发工程师
通信技术工程师,6000-9000元,北京·丰台·马家堡,浙江瑞盈通信技术股份有限公司,民营,500-999人,大专,1-3年,"移动通信, 数据通信, 有线传输",电子/通信/半导体-通信-通信研发工程师,2026-05-20 18:18:19,6.0,9.0,7.5,12.0,90.0,monthly,北京,丰台,马家堡,民营,500-999人,未知,电子/通信/半导体,通信,通信研发工程师
无线应急工程师,6000-8000元·14薪,北京·东城·龙潭,北京市海讯达通信有限责任公司,国企,100-299人,本科,经验不限,通信,电子/通信/半导体-通信-通信研发工程师,2026-05-20 18:18:19,6.0,8.0,7.0,14.0,98.0,monthly,北京,东城,龙潭,国企,100-299人,未知,电子/通信/半导体,通信,通信研发工程师
无线通信工程师,5000-9000元,北京·丰台·马家堡,浙江瑞盈通信技术股份有限公司,民营,500-999人,大专,1-3年,"宏站设计, 室分设计, 无线通信",电子/通信/半导体-通信-通信研发工程师,2026-05-20 18:18:20,5.0,9.0,7.0,12.0,84.0,monthly,北京,丰台,马家堡,民营,500-999人,未知,电子/通信/半导体,通信,通信研发工程师
HPLC链路层协议栈工程师,面议,北京·海淀·花园路,兴唐通信科技有限公司,国企,1000-9999人,硕士,3-5年,"C语言, C++, 传输线路设计",电子/通信/半导体-通信-通信研发工程师,2026-05-20 18:18:20,,,,,,negotiable,北京,海淀,花园路,国企,1000-9999人,未知,电子/通信/半导体,通信,通信研发工程师
AI产品经理（C端）,2-4万,广州·天河·天园,广州市卓欣信息技术有限公司,民营,100-299人,本科,3-5年,"搜索, 推荐, NLP, 大模型, AIGC, 知识图谱, 智能问答",产品-互联网产品经理-AI产品经理,2026-05-20 18:54:26,20.0,40.0,30.0,12.0,360.0,monthly,广州,天河,天园,民营,100-299人,未知,产品,互联网产品经理,AI产品经理
AI产品经理,2-3万,广州·花都·花东,广州市优伟家居用品有限公司,民营,500-999人,本科,5-10年,,产品-互联网产品经理-AI产品经理,2026-05-20 18:54:26,20.0,30.0,25.0,12.0,300.0,monthly,广州,花都,花东,民营,500-999人,未知,产品,互联网产品经理,AI产品经理
ai产品经理,1.6-3万·13薪,广州·番禺·南村,机械之家,民营,300-499人,本科,5-10年,保险电销团队,产品-互联网产品经理-AI产品经理,2026-05-20 18:54:26,16.0,30.0,23.0,13.0,299.0,monthly,广州,番禺,南村,民营,300-499人,未知,产品,互联网产品经理,AI产品经理
AI产品经理,1.5-3万,广州·天河·天园,广州市卓欣信息技术有限公司,民营,100-299人,本科,3-5年,,产品-互联网产品经理-AI产品经理,2026-05-20 18:54:25,15.0,30.0,22.5,12.0,270.0,monthly,广州,天河,天园,民营,100-299人,未知,产品,互联网产品经理,AI产品经理
AI产品经理,1.4-2.6万,广州·海珠·南洲,润建股份,股份制企业,1000-9999人,本科,3-5年,"智能体, TOB产品, 大模型",产品-互联网产品经理-AI产品经理,2026-05-20 18:54:26,14.0,26.0,20.0,12.0,240.0,monthly,广州,海珠,南洲,股份制企业,1000-9999人,未知,产品,互联网产品经理,AI产品经理
AI产品经理,1.3-2.6万,广州·荔湾·龙津,海南省福瑞宜信息科技有限公司,20人以下,软件/IT服务,本科,5-10年,"AI AGENT产品设计, 企业内部AI工具管理, 跨部门项目协同",产品-互联网产品经理-AI产品经理,2026-05-20 18:54:26,13.0,26.0,19.5,12.0,234.0,monthly,广州,荔湾,龙津,软件/IT服务,20人以下,未知,产品,互联网产品经理,AI产品经理
AI产品经理（双休/长期/.线上面/反馈快）,1.5-2.3万,广州·黄埔·联和,拓保软件,民营,1000-9999人,本科,1-3年,"NLP, 大模型",产品-互联网产品经理-AI产品经理,2026-05-20 18:54:27,15.0,23.0,19.0,12.0,228.0,monthly,广州,黄埔,联和,民营,1000-9999人,未知,产品,互联网产品经理,AI产品经理
ai产品经理,1.5-2.2万·14薪,广州·番禺,广州市华粤行仪器有限公司,外商独资,500-999人,本科,5-10年,,产品-互联网产品经理-AI产品经理,2026-05-20 18:54:26,15.0,22.0,18.5,14.0,259.0,monthly,广州,番禺,,外商独资,500-999人,未知,产品,互联网产品经理,AI产品经理
ai产品经理,1.6-2万,广州·海珠·琶洲,煜邦数字科技(广东)有限公司深圳分公司,民营,20-99人,本科,3-5年,,产品-互联网产品经理-AI产品经理,2026-05-20 18:54:26,16.0,20.0,18.0,12.0,216.0,monthly,广州,海珠,琶洲,民营,20-99人,未知,产品,互联网产品经理,AI产品经理
AI 产品经理（B 端）,1.5-2万,广州·黄埔·联和,广东杰纳医药科技有限公司,民营,100-299人,本科,3-5年,智能医疗,产品-互联网产品经理-AI产品经理,2026-05-20 18:54:26,15.0,20.0,17.5,12.0,210.0,monthly,广州,黄埔,联和,民营,100-299人,未知,产品,互联网产品经理,AI产品经理
外国法律AI产品经理,1-2万,广州·越秀·农林,广东南方福瑞德律师事务所,其它,100-299人,硕士,经验不限,熟悉境外各类法律AI工具,产品-互联网产品经理-AI产品经理,2026-05-20 18:54:26,10.0,20.0,15.0,12.0,180.0,monthly,广州,越秀,农林,其它,100-299人,未知,产品,互联网产品经理,AI产品经理
AI产品经理,1-2万,广州·黄埔·萝岗,广东中设智控科技股份有限公司,股份制企业,100-299人,本科,5-10年,"知识图谱, 智能问答, 工业生产",产品-互联网产品经理-AI产品经理,2026-05-20 18:54:26,10.0,20.0,15.0,12.0,180.0,monthly,广州,黄埔,萝岗,股份制企业,100-299人,未知,产品,互联网产品经理,AI产品经理
公卫AI产品经理,1-2万,广州·天河·冼村,广州数据集团有限公司,国企,20-99人,本科,5-10年,大模型,产品-互联网产品经理-AI产品经理,2026-05-20 18:54:27,10.0,20.0,15.0,12.0,180.0,monthly,广州,天河,冼村,国企,20-99人,未知,产品,互联网产品经理,AI产品经理
ai产品经理,1.2-1.6万,广州·黄埔·联和,润建股份,股份制企业,1000-9999人,本科,3-5年,"知识图谱, 大模型, AIGC, 智能问答, 智能客服",产品-互联网产品经理-AI产品经理,2026-05-20 18:54:27,12.0,16.0,14.0,12.0,168.0,monthly,广州,黄埔,联和,股份制企业,1000-9999人,未知,产品,互联网产品经理,AI产品经理
AI产品经理,1.1-1.4万,广州·海珠·官洲,软通动力信息技术(集团)股份有限公司,上市公司,10000人以上,大专,3-5年,,产品-互联网产品经理-AI产品经理,2026-05-20 18:54:27,11.0,14.0,12.5,12.0,150.0,monthly,广州,海珠,官洲,上市公司,10000人以上,未知,产品,互联网产品经理,AI产品经理
AI产品经理,1-1.5万,广州·荔湾·桥中,广州中天鑫电子科技有限公司,民营,100-299人,大专,3-5年,"智能家居, 智能语音, 机器视觉, 跨境电商",产品-互联网产品经理-AI产品经理,2026-05-20 18:54:27,10.0,15.0,12.5,12.0,150.0,monthly,广州,荔湾,桥中,民营,100-299人,未知,产品,互联网产品经理,AI产品经理
ai产品经理,1.1-1.3万,广州·海珠·官洲,软通动力信息技术(集团)股份有限公司,上市公司,10000人以上,本科,3-5年,"API, 开发平台, 开发者门户",产品-互联网产品经理-AI产品经理,2026-05-20 18:54:25,11.0,13.0,12.0,12.0,144.0,monthly,广州,海珠,官洲,上市公司,10000人以上,未知,产品,互联网产品经理,AI产品经理
ai产品经理(大厂外包),1.1-1.3万,广州·海珠·官洲,软通动力信息技术(集团)股份有限公司,上市公司,10000人以上,本科,3-5年,"SAAS, 智能体",产品-互联网产品经理-AI产品经理,2026-05-20 18:54:26,11.0,13.0,12.0,12.0,144.0,monthly,广州,海珠,官洲,上市公司,10000人以上,未知,产品,互联网产品经理,AI产品经理
ai产品经理,1-1.2万,广州·海珠·官洲,软通动力信息技术(集团)股份有限公司,上市公司,10000人以上,大专,3-5年,AI,产品-互联网产品经理-AI产品经理,2026-05-20 18:54:26,10.0,12.0,11.0,12.0,132.0,monthly,广州,海珠,官洲,上市公司,10000人以上,未知,产品,互联网产品经理,AI产品经理
AI产品经理,面议,广州·天河·冼村,中国移动,国企,10000人以上,本科,3-5年,"大模型, 智能体平台",产品-互联网产品经理-AI产品经理,2026-05-20 18:54:25,,,,,,negotiable,广州,天河,冼村,国企,10000人以上,未知,产品,互联网产品经理,AI产品经理
电商产品经理（OTC产品线）,3-6万,广州·黄埔·文冲,达因药业,国企,1000-9999人,本科,3-5年,"新媒体媒介, 品牌营销, 品牌策划, c端, 伊可新",产品-互联网产品经理-电商产品经理,2026-05-20 18:53:35,30.0,60.0,45.0,12.0,540.0,monthly,广州,黄埔,文冲,国企,1000-9999人,未知,产品,互联网产品经理,电商产品经理
产品经理（电商）,2.5-3.5万·14薪,广州·海珠·赤岗,药师帮,民营,1000-9999人,本科,3-5年,TO B,产品-互联网产品经理-电商产品经理,2026-05-20 18:53:35,25.0,35.0,30.0,14.0,420.0,monthly,广州,海珠,赤岗,民营,1000-9999人,未知,产品,互联网产品经理,电商产品经理
产品经理（大健康方向）,2-2.5万,广州·白云·鹤龙,巴菲巴食品科技(广州)有限公司,股份制企业,1000-9999人,本科,3-5年,"私域电商大健康食品类目, 4、食品类目研发经验的",产品-互联网产品经理-电商产品经理,2026-05-20 18:53:35,20.0,25.0,22.5,12.0,270.0,monthly,广州,白云,鹤龙,股份制企业,1000-9999人,未知,产品,互联网产品经理,电商产品经理
产品经理（生产）(J10201),1.5-2.5万·14薪,广州·天河·林和,广东九丰能源集团有限公司,上市公司,1000-9999人,本科,经验不限,"硬件产品, 生产制造业经验, 生产产品系统",产品-互联网产品经理-电商产品经理,2026-05-20 18:53:36,15.0,25.0,20.0,14.0,280.0,monthly,广州,天河,林和,上市公司,1000-9999人,未知,产品,互联网产品经理,电商产品经理
电商产品开发经理,1.5-2万,广州·番禺·南村,青岛贝来国际贸易有限公司,民营,500-999人,本科,3-5年,"TO C, 家居, 3C, 市场调研, 精品开发",产品-互联网产品经理-电商产品经理,2026-05-20 18:54:05,15.0,20.0,17.5,12.0,210.0,monthly,广州,番禺,南村,民营,500-999人,未知,产品,互联网产品经理,电商产品经理
产品经理,1.2-2万,广州·天河·新塘,广州澳盾智能科技有限公司,民营,20-99人,本科,3-5年,,产品-互联网产品经理-电商产品经理,2026-05-20 18:53:36,12.0,20.0,16.0,12.0,192.0,monthly,广州,天河,新塘,民营,20-99人,未知,产品,互联网产品经理,电商产品经理
产品经理（SaaS方向）,1.3-1.8万·14薪,广州·海珠·赤岗,药师帮,民营,1000-9999人,本科,1-3年,ERP,产品-互联网产品经理-电商产品经理,2026-05-20 18:53:36,13.0,18.0,15.5,14.0,217.0,monthly,广州,海珠,赤岗,民营,1000-9999人,未知,产品,互联网产品经理,电商产品经理
产品经理一电商方向,1-2万·13薪,广州·天河·天园,广州浪奇日用品有限公司,国企,300-499人,本科,5-10年,,产品-互联网产品经理-电商产品经理,2026-05-20 18:53:35,10.0,20.0,15.0,13.0,195.0,monthly,广州,天河,天园,国企,300-499人,未知,产品,互联网产品经理,电商产品经理
产品经理,1-2万·13薪,广州·白云·黄石,广州瑞誉化工科技有限公司,民营,20-99人,本科,3-5年,,产品-互联网产品经理-电商产品经理,2026-05-20 18:53:36,10.0,20.0,15.0,13.0,195.0,monthly,广州,白云,黄石,民营,20-99人,未知,产品,互联网产品经理,电商产品经理
医学软件产品经理,1.2-1.8万,广州·天河·冼村,广州广电国际技术有限公司,国企,20-99人,本科,3-5年,"软件产品, AI产品, 知识图谱产品, 智能问答产品",产品-互联网产品经理-电商产品经理,2026-05-20 18:53:36,12.0,18.0,15.0,12.0,180.0,monthly,广州,天河,冼村,国企,20-99人,未知,产品,互联网产品经理,电商产品经理
产品经理（冷冻食品）,1-2万,广州·天河·林和,艾斯普瑞(广州)食品有限公司,外商独资,300-499人,本科,3-5年,冷冻食品,产品-互联网产品经理-电商产品经理,2026-05-20 18:53:36,10.0,20.0,15.0,12.0,180.0,monthly,广州,天河,林和,外商独资,300-499人,未知,产品,互联网产品经理,电商产品经理
产品经理（保健品）,1-2万,广州·天河·林和,艾斯普瑞(广州)食品有限公司,外商独资,300-499人,本科,3-5年,保健品,产品-互联网产品经理-电商产品经理,2026-05-20 18:54:05,10.0,20.0,15.0,12.0,180.0,monthly,广州,天河,林和,外商独资,300-499人,未知,产品,互联网产品经理,电商产品经理
高级产品经理（电商/爆品与增长方向）,1.2-1.6万,广州·增城·新塘,广州特锶源净化设备制造有限公司,民营,100-299人,学历不限,5-10年,"TO B, TO C, 用户增长, 选品, 爆品, 净水机/净饮机",产品-互联网产品经理-电商产品经理,2026-05-20 18:53:35,12.0,16.0,14.0,12.0,168.0,monthly,广州,增城,新塘,民营,100-299人,未知,产品,互联网产品经理,电商产品经理
化妆品产品经理,1-1.8万·13薪,广州·白云·黄石,广州瑞誉化工科技有限公司,民营,20-99人,本科,3-5年,,产品-互联网产品经理-电商产品经理,2026-05-20 18:53:36,10.0,18.0,14.0,13.0,182.0,monthly,广州,白云,黄石,民营,20-99人,未知,产品,互联网产品经理,电商产品经理
产品经理（数码）,1-1.5万·13薪,广州·天河·天河南,四川长虹佳华信息产品有限责任公司,国企,1000-9999人,大专,3-5年,"渠道管理, 数码",产品-互联网产品经理-电商产品经理,2026-05-20 18:53:35,10.0,15.0,12.5,13.0,162.5,monthly,广州,天河,天河南,国企,1000-9999人,未知,产品,互联网产品经理,电商产品经理
营收活动产品经理（外包岗位）,1-1.5万,广州·番禺·钟村,武汉讯锡云科技有限公司,民营,300-499人,本科,3-5年,"商业化产品, 增长产品, 策略产品, 2‑5 年营收产品经验",产品-互联网产品经理-电商产品经理,2026-05-20 18:53:35,10.0,15.0,12.5,12.0,150.0,monthly,广州,番禺,钟村,民营,300-499人,未知,产品,互联网产品经理,电商产品经理
产品经理（智慧交通/无人车/政府公安）,1-1.5万,广州·海珠·琶洲,北京朗杰科技有限公司,民营,500-999人,本科,3-5年,"软件产品, 智慧交通, 无人车, 政府公安",产品-互联网产品经理-电商产品经理,2026-05-20 18:53:36,10.0,15.0,12.5,12.0,150.0,monthly,广州,海珠,琶洲,民营,500-999人,未知,产品,互联网产品经理,电商产品经理
产品经理（食品检测仪器）,1-1.5万,广州·天河·冼村,培安科技(北京)有限公司,民营,100-299人,本科,经验不限,,产品-互联网产品经理-电商产品经理,2026-05-20 18:53:55,10.0,15.0,12.5,12.0,150.0,monthly,广州,天河,冼村,民营,100-299人,未知,产品,互联网产品经理,电商产品经理
产品经理（电商鞋服方向经验）,1-1.4万,广州·天河·冼村,亿达信息,民营,1000-9999人,本科,5-10年,"电商 鞋服, OMS、ERP、POS、WMS、, 零售行业",产品-互联网产品经理-电商产品经理,2026-05-20 18:53:35,10.0,14.0,12.0,12.0,144.0,monthly,广州,天河,冼村,民营,1000-9999人,未知,产品,互联网产品经理,电商产品经理
产品经理,8000-12000元,广州·黄埔·联和,广州西麦科技股份有限公司,上市公司,100-299人,本科,3-5年,,产品-互联网产品经理-电商产品经理,2026-05-20 18:53:36,8.0,12.0,10.0,12.0,120.0,monthly,广州,黄埔,联和,上市公司,100-299人,未知,产品,互联网产品经理,电商产品经理
产品经理,5000-10000元,广州·天河·长兴,广州学塾加软件科技有限公司,民营,20人以下,本科,1-3年,"软件产品, 策略产品",产品-互联网产品经理-电商产品经理,2026-05-20 18:53:36,5.0,10.0,7.5,12.0,90.0,monthly,广州,天河,长兴,民营,20人以下,未知,产品,互联网产品经理,电商产品经理
产品经理（私域方向）,面议,广州·白云·松洲,华为技术有限公司,民营,10000人以上,本科,3-5年,"增长产品, 电商产品, 数据产品",产品-互联网产品经理-电商产品经理,2026-05-20 18:53:36,,,,,,negotiable,广州,白云,松洲,民营,10000人以上,未知,产品,互联网产品经理,电商产品经理
产品经理（新零售方向）,面议,广州·白云·松洲,华为技术有限公司,民营,10000人以上,本科,3-5年,"增长产品, 电商产品",产品-互联网产品经理-电商产品经理,2026-05-20 18:53:36,,,,,,negotiable,广州,白云,松洲,民营,10000人以上,未知,产品,互联网产品经理,电商产品经理
高级软件产品经理,2-4万,广州·黄埔·萝岗,广东艾佩克科技有限公司,民营,20-99人,本科,3-5年,,产品-互联网产品经理-软件产品经理,2026-05-20 18:52:47,20.0,40.0,30.0,12.0,360.0,monthly,广州,黄埔,萝岗,民营,20-99人,未知,产品,互联网产品经理,软件产品经理
平台产品经理（教育）,1.8-3万,广州·天河·车陂,中望软件,上市公司,1000-9999人,本科,3-5年,软件产品,产品-互联网产品经理-软件产品经理,2026-05-20 18:52:48,18.0,30.0,24.0,12.0,288.0,monthly,广州,天河,车陂,上市公司,1000-9999人,未知,产品,互联网产品经理,软件产品经理
教育产品经理（机械）,1.8-3万,广州·天河·车陂,中望软件,上市公司,1000-9999人,本科,1-3年,"软件产品, 职业教育产品",产品-互联网产品经理-软件产品经理,2026-05-20 18:52:49,18.0,30.0,24.0,12.0,288.0,monthly,广州,天河,车陂,上市公司,1000-9999人,未知,产品,互联网产品经理,软件产品经理
软件产品经理,1.8-2.8万,广州·天河·天园,苏州人瑞普惠人力资源服务有限公司,上市公司,1000-9999人,大专,3-5年,,产品-互联网产品经理-软件产品经理,2026-05-20 18:52:47,18.0,28.0,23.0,12.0,276.0,monthly,广州,天河,天园,上市公司,1000-9999人,未知,产品,互联网产品经理,软件产品经理
AI产品经理（双休/长期/.线上面/反馈快）,1.5-2.3万,广州·黄埔·联和,拓保软件,民营,1000-9999人,本科,1-3年,"NLP, 大模型",产品-互联网产品经理-软件产品经理,2026-05-20 18:52:49,15.0,23.0,19.0,12.0,228.0,monthly,广州,黄埔,联和,民营,1000-9999人,未知,产品,互联网产品经理,软件产品经理
成本、财务软件产品经理,1.2-2.4万,广州·海珠·琶洲,美茵(广州)医疗器械技术有限公司,民营,20-99人,本科,3-5年,ERP系统,产品-互联网产品经理-软件产品经理,2026-05-20 18:52:47,12.0,24.0,18.0,12.0,216.0,monthly,广州,海珠,琶洲,民营,20-99人,未知,产品,互联网产品经理,软件产品经理
软件产品经理,1.5-2万,广州·天河·林和,德速电商物流(广州)有限公司,民营,300-499人,本科,5-10年,"TMS系统, WMS系统, OMS系统, B端产品, 跨境物流",产品-互联网产品经理-软件产品经理,2026-05-20 18:52:48,15.0,20.0,17.5,12.0,210.0,monthly,广州,天河,林和,民营,300-499人,未知,产品,互联网产品经理,软件产品经理
（北京/深圳/广州）资产管理系统产品经理-运营方向,1.5-2万,广州·天河·新塘,东华软件股份公司,上市公司,1000-9999人,本科,5-10年,资产管理运营,产品-互联网产品经理-软件产品经理,2026-05-20 18:52:48,15.0,20.0,17.5,12.0,210.0,monthly,广州,天河,新塘,上市公司,1000-9999人,未知,产品,互联网产品经理,软件产品经理
产品经理（高级）,1.2-2万,广州·越秀·北京街道,广州市中智软件开发有限公司,民营,500-999人,本科,5-10年,G端,产品-互联网产品经理-软件产品经理,2026-05-20 18:52:48,12.0,20.0,16.0,12.0,192.0,monthly,广州,越秀,北京街道,民营,500-999人,未知,产品,互联网产品经理,软件产品经理
软件产品经理,1.5-1.6万,广州·天河·石牌,健坤网络,国企,100-299人,本科,1-3年,"Axure, 分析设计产品, B端产品, 地图导航产品, 物联网",产品-互联网产品经理-软件产品经理,2026-05-20 18:52:48,15.0,16.0,15.5,12.0,186.0,monthly,广州,天河,石牌,国企,100-299人,未知,产品,互联网产品经理,软件产品经理
产品经理（财务软件）,1.3-1.8万,广州·黄埔·联和,北京尚博信科技有限公司,民营,500-999人,本科,5-10年,"财务软件, B端产品, 金蝶, 用友, 远光, 产品设计及需求分析经验",产品-互联网产品经理-软件产品经理,2026-05-20 18:52:48,13.0,18.0,15.5,12.0,186.0,monthly,广州,黄埔,联和,民营,500-999人,未知,产品,互联网产品经理,软件产品经理
医学软件产品经理,1.2-1.8万,广州·天河·冼村,广州广电国际技术有限公司,国企,20-99人,本科,3-5年,"软件产品, AI产品, 知识图谱产品, 智能问答产品",产品-互联网产品经理-软件产品经理,2026-05-20 18:52:47,12.0,18.0,15.0,12.0,180.0,monthly,广州,天河,冼村,国企,20-99人,未知,产品,互联网产品经理,软件产品经理
软件产品经理,1-2万,广州·天河·凤凰,广东旭普空间信息技术产业发展有限公司,民营,100-299人,本科,3-5年,,产品-互联网产品经理-软件产品经理,2026-05-20 18:52:47,10.0,20.0,15.0,12.0,180.0,monthly,广州,天河,凤凰,民营,100-299人,未知,产品,互联网产品经理,软件产品经理
产品经理（数码）,1-1.5万·13薪,广州·天河·天河南,四川长虹佳华信息产品有限责任公司,国企,1000-9999人,大专,3-5年,"渠道管理, 数码",产品-互联网产品经理-软件产品经理,2026-05-20 18:52:48,10.0,15.0,12.5,13.0,162.5,monthly,广州,天河,天河南,国企,1000-9999人,未知,产品,互联网产品经理,软件产品经理
产品经理,1-1.5万,广州·海珠·昌岗,广州倍思软件信息技术有限公司,民营,20人以下,本科,3-5年,"C端产品, 智慧医疗",产品-互联网产品经理-软件产品经理,2026-05-20 18:52:49,10.0,15.0,12.5,12.0,150.0,monthly,广州,海珠,昌岗,民营,20人以下,未知,产品,互联网产品经理,软件产品经理
产品经理（软件 或 电气）,1-1.4万,广州·黄埔·联和,曼彻彼斯高新技术有限公司,民营,100-299人,大专,1-3年,"软件产品, 电气产品, 制造业",产品-互联网产品经理-软件产品经理,2026-05-20 18:52:48,10.0,14.0,12.0,12.0,144.0,monthly,广州,黄埔,联和,民营,100-299人,未知,产品,互联网产品经理,软件产品经理
产品经理,8000-10000元,广州·天河·天河南,广州市微柏软件股份有限公司,股份制企业,100-299人,本科,3-5年,"软件产品, 电子档案系统, 质量管理系统, 项目一体化, 工程方向",产品-互联网产品经理-软件产品经理,2026-05-20 18:52:48,8.0,10.0,9.0,12.0,108.0,monthly,广州,天河,天河南,股份制企业,100-299人,未知,产品,互联网产品经理,软件产品经理
产品经理,5000-10000元,广州·天河·长兴,广州学塾加软件科技有限公司,民营,20人以下,本科,1-3年,"软件产品, 策略产品",产品-互联网产品经理-软件产品经理,2026-05-20 18:52:48,5.0,10.0,7.5,12.0,90.0,monthly,广州,天河,长兴,民营,20人以下,未知,产品,互联网产品经理,软件产品经理
IT产品经理实习生,150-200元/天,广州·天河·车陂,中望软件,上市公司,1000-9999人,本科,经验不限,,产品-互联网产品经理-软件产品经理,2026-05-20 18:52:49,3.26,4.35,3.81,12.0,45.67,daily,广州,天河,车陂,上市公司,1000-9999人,未知,产品,互联网产品经理,软件产品经理
AI产品经理（广州）,面议,广州·黄埔·联和,中国联通软件研究院,国企,1000-9999人,硕士,3-5年,,产品-互联网产品经理-软件产品经理,2026-05-20 18:52:49,,,,,,negotiable,广州,黄埔,联和,国企,1000-9999人,未知,产品,互联网产品经理,软件产品经理
机器视觉算法/研发工程师（博士）,3-6万,广州·番禺,超音速人工智能科技股份有限公司,股份制企业,500-999人,博士,1-3年,"图像识别产品, OpenCV, HALCON",技术-人工智能/算法-机器学习,2026-05-20 18:01:01,30.0,60.0,45.0,12.0,540.0,monthly,广州,番禺,,股份制企业,500-999人,未知,技术,人工智能/算法,机器学习
机器视觉软件经理,3-5万,广州·番禺,超音速人工智能科技股份有限公司,股份制企业,500-999人,本科,5-10年,,技术-人工智能/算法-机器学习,2026-05-20 18:01:01,30.0,50.0,40.0,12.0,480.0,monthly,广州,番禺,,股份制企业,500-999人,未知,技术,人工智能/算法,机器学习
博士后（生物信息、深度学习和分子相关方向）,2.5-3.5万,广州·海珠·官洲,广州国家实验室,事业单位,1000-9999人,博士,3-5年,,技术-人工智能/算法-机器学习,2026-05-20 18:01:01,25.0,35.0,30.0,12.0,360.0,monthly,广州,海珠,官洲,事业单位,1000-9999人,未知,技术,人工智能/算法,机器学习
深度学习算法工程师,2-3万,广州·黄埔·联和,凯迪电器,上市公司,1000-9999人,硕士,1-3年,"Python, NumPy, 深度学习, 智能控制, 压力传感器",技术-人工智能/算法-机器学习,2026-05-20 18:01:00,20.0,30.0,25.0,12.0,300.0,monthly,广州,黄埔,联和,上市公司,1000-9999人,未知,技术,人工智能/算法,机器学习
机器学习,2-2.8万,广州·黄埔·龙湖,恩士迅信息科技(中国)有限责任公司,外商独资,1000-9999人,本科,3-5年,"自然语言处理, 机器视觉",技术-人工智能/算法-机器学习,2026-05-20 18:01:00,20.0,28.0,24.0,12.0,288.0,monthly,广州,黄埔,龙湖,外商独资,1000-9999人,未知,技术,人工智能/算法,机器学习
机器视觉软件工程师,1.7-3万,广州·番禺,超音速人工智能科技股份有限公司,股份制企业,500-999人,本科,5-10年,"图像识别产品, OpenCV, HALCON, C++, C#",技术-人工智能/算法-机器学习,2026-05-20 18:01:00,17.0,30.0,23.5,12.0,282.0,monthly,广州,番禺,,股份制企业,500-999人,未知,技术,人工智能/算法,机器学习
深度学习算法工程师（中级）,1.7-3万·15薪,广州·番禺·小谷围,广州市新文溯科技有限公司,民营,20-99人,硕士,3-5年,"深度学习, 图像算法, 机器视觉",技术-人工智能/算法-机器学习,2026-05-20 18:01:01,17.0,30.0,23.5,15.0,352.5,monthly,广州,番禺,小谷围,民营,20-99人,未知,技术,人工智能/算法,机器学习
机器学习工程师（英语熟练）,2-2.5万,广州·黄埔·龙湖,恩士迅信息科技(中国)有限责任公司,外商独资,1000-9999人,本科,3-5年,"Python, Java, 智能体, 大模型应用, 英语听说读写熟练",技术-人工智能/算法-机器学习,2026-05-20 18:01:00,20.0,25.0,22.5,12.0,270.0,monthly,广州,黄埔,龙湖,外商独资,1000-9999人,未知,技术,人工智能/算法,机器学习
机器视觉软件工程师,1.5-3万,广州·番禺·大石,易鸿智能装备(宜兴)有限公司,民营,500-999人,大专,3-5年,"图像识别产品, OpenCV, VisionPro, HALCON",技术-人工智能/算法-机器学习,2026-05-20 18:01:00,15.0,30.0,22.5,12.0,270.0,monthly,广州,番禺,大石,民营,500-999人,未知,技术,人工智能/算法,机器学习
AI算法工程师（机器视觉）,1.3-2.5万,广州·黄埔·联和,广州精思博智人工智能科技有限公司,民营,20-99人,本科,3-5年,"图像识别产品, 智能设备, C++, Python, TensorFlow, Keras",技术-人工智能/算法-机器学习,2026-05-20 18:01:00,13.0,25.0,19.0,12.0,228.0,monthly,广州,黄埔,联和,民营,20-99人,未知,技术,人工智能/算法,机器学习
深度学习算法工程师,1-2万,广州·番禺·小谷围,广州市新文溯科技有限公司,民营,20-99人,硕士,经验不限,"深度学习算法, 视觉图像算法, 图像处理, 图像分割, OCR",技术-人工智能/算法-机器学习,2026-05-20 18:01:01,10.0,20.0,15.0,12.0,180.0,monthly,广州,番禺,小谷围,民营,20-99人,未知,技术,人工智能/算法,机器学习
机器视觉工程师,1.2-1.8万,广州·黄埔·大沙,广州市凯望智能制造科技有限公司,民营,20-99人,本科,3-5年,"图像处理, 机器人, 图像识别产品, 智能运载设备, Python",技术-人工智能/算法-机器学习,2026-05-20 18:01:01,12.0,18.0,15.0,12.0,180.0,monthly,广州,黄埔,大沙,民营,20-99人,未知,技术,人工智能/算法,机器学习
机器视觉开发工程师,1-1.5万,广州·番禺·大石,易鸿智能装备(宜兴)有限公司,民营,500-999人,大专,3-5年,"C#, OpenCV, HALCON, 图像识别产品",技术-人工智能/算法-机器学习,2026-05-20 18:01:00,10.0,15.0,12.5,12.0,150.0,monthly,广州,番禺,大石,民营,500-999人,未知,技术,人工智能/算法,机器学习
机器视觉研发工程师（工业视觉）,1-1.5万,广州·增城·永宁,湖大粤港澳大湾区创新研究院(广州增城),事业单位,300-499人,硕士,1-3年,"智能硬件, 机器人, 图像识别产品, RCNN, DNN",技术-人工智能/算法-机器学习,2026-05-20 18:01:01,10.0,15.0,12.5,12.0,150.0,monthly,广州,增城,永宁,事业单位,300-499人,未知,技术,人工智能/算法,机器学习
机器视觉工程师,8000-12000元·13薪,广州·番禺·石壁,广州博越自动化科技有限公司,民营,20-99人,本科,1-3年,"图像处理, Python, TensorFlow, HALCON",技术-人工智能/算法-机器学习,2026-05-20 18:01:02,8.0,12.0,10.0,13.0,130.0,monthly,广州,番禺,石壁,民营,20-99人,未知,技术,人工智能/算法,机器学习
机器视觉工程师,6000-12000元·13薪,广州·花都·秀全,广州简连科技有限公司,民营,20-99人,本科,5-10年,"机器人, 图像识别产品, HALCON, OpenCV, Open3D, C++",技术-人工智能/算法-机器学习,2026-05-20 18:01:02,6.0,12.0,9.0,13.0,117.0,monthly,广州,花都,秀全,民营,20-99人,未知,技术,人工智能/算法,机器学习
工业机器视觉工程师,6000-10000元,广州·黄埔·云埔,广州米堆智能科技有限公司,民营,20-99人,本科,1-3年,图像识别产品,技术-人工智能/算法-机器学习,2026-05-20 18:01:01,6.0,10.0,8.0,12.0,96.0,monthly,广州,黄埔,云埔,民营,20-99人,未知,技术,人工智能/算法,机器学习
机器视觉应用工程师,6000-9000元,广州·番禺,超音速人工智能科技股份有限公司,股份制企业,500-999人,本科,1-3年,"OpenCV, HALCON, C++",技术-人工智能/算法-机器学习,2026-05-20 18:01:01,6.0,9.0,7.5,12.0,90.0,monthly,广州,番禺,,股份制企业,500-999人,未知,技术,人工智能/算法,机器学习
机器视觉实习生,150-250元/天,广州·黄埔·大沙,广州市凯望智能制造科技有限公司,民营,20-99人,大专,经验不限,"智能制造, 图像处理, 智能硬件, C#",技术-人工智能/算法-机器学习,2026-05-20 18:01:01,3.26,5.44,4.35,12.0,52.2,daily,广州,黄埔,大沙,民营,20-99人,未知,技术,人工智能/算法,机器学习
机器视觉实习生,150-200元/天,广州·南沙·大岗,广东信源物流设备有限公司,国企,500-999人,本科,经验不限,图像识别产品,技术-人工智能/算法-机器学习,2026-05-20 18:01:00,3.26,4.35,3.81,12.0,45.67,daily,广州,南沙,大岗,国企,500-999人,未知,技术,人工智能/算法,机器学习
高级算法工程师（驻广东佛山）,3-6万,广州·越秀·流花,北京可利邦信息技术股份有限公司,民营,100-299人,本科,经验不限,"深度学习, 机器学习, 大模型算法, QWEN, Transformer",技术-人工智能/算法-深度学习,2026-05-20 18:01:48,30.0,60.0,45.0,12.0,540.0,monthly,广州,越秀,流花,民营,100-299人,未知,技术,人工智能/算法,深度学习
AI模型全栈开发工程师,3-4.5万·14薪,广州·黄埔·龙湖,广州欢创信息咨询有限公司,民营,1000-9999人,本科,1-3年,"深度学习, 图像算法, 多模态算法, ALIGN, BLIP, VLMo",技术-人工智能/算法-深度学习,2026-05-20 18:01:59,30.0,45.0,37.5,14.0,525.0,monthly,广州,黄埔,龙湖,民营,1000-9999人,未知,技术,人工智能/算法,深度学习
博士后（生物信息、深度学习和分子相关方向）,2.5-3.5万,广州·海珠·官洲,广州国家实验室,事业单位,1000-9999人,博士,3-5年,,技术-人工智能/算法-深度学习,2026-05-20 18:01:47,25.0,35.0,30.0,12.0,360.0,monthly,广州,海珠,官洲,事业单位,1000-9999人,未知,技术,人工智能/算法,深度学习
强化学习算法工程师,2.5-3万·13薪,广州·天河·长兴,广州凡拓数字创意科技股份有限公司,上市公司,1000-9999人,硕士,3-5年,"PyTorch, Transformer",技术-人工智能/算法-深度学习,2026-05-20 18:01:47,25.0,30.0,27.5,13.0,357.5,monthly,广州,天河,长兴,上市公司,1000-9999人,未知,技术,人工智能/算法,深度学习
深度学习算法工程师,2-3万,广州·黄埔·联和,凯迪电器,上市公司,1000-9999人,硕士,1-3年,"Python, NumPy, 深度学习, 智能控制, 压力传感器",技术-人工智能/算法-深度学习,2026-05-20 18:01:46,20.0,30.0,25.0,12.0,300.0,monthly,广州,黄埔,联和,上市公司,1000-9999人,未知,技术,人工智能/算法,深度学习
机器学习,2-2.8万,广州·黄埔·龙湖,恩士迅信息科技(中国)有限责任公司,外商独资,1000-9999人,本科,3-5年,"自然语言处理, 机器视觉",技术-人工智能/算法-深度学习,2026-05-20 18:01:47,20.0,28.0,24.0,12.0,288.0,monthly,广州,黄埔,龙湖,外商独资,1000-9999人,未知,技术,人工智能/算法,深度学习
深度学习算法工程师（中级）,1.7-3万·15薪,广州·番禺·小谷围,广州市新文溯科技有限公司,民营,20-99人,硕士,3-5年,"深度学习, 图像算法, 机器视觉",技术-人工智能/算法-深度学习,2026-05-20 18:01:47,17.0,30.0,23.5,15.0,352.5,monthly,广州,番禺,小谷围,民营,20-99人,未知,技术,人工智能/算法,深度学习
机器学习工程师（英语熟练）,2-2.5万,广州·黄埔·龙湖,恩士迅信息科技(中国)有限责任公司,外商独资,1000-9999人,本科,3-5年,"Python, Java, 智能体, 大模型应用, 英语听说读写熟练",技术-人工智能/算法-深度学习,2026-05-20 18:01:47,20.0,25.0,22.5,12.0,270.0,monthly,广州,黄埔,龙湖,外商独资,1000-9999人,未知,技术,人工智能/算法,深度学习
C++,1.4-2万,广州·天河·冼村,江苏辉海信息科技有限公司,民营,100-299人,本科,3-5年,"STL, MySQL, Redis, 微服务架构设计, 分布式系统建设",技术-人工智能/算法-深度学习,2026-05-20 18:01:48,14.0,20.0,17.0,12.0,204.0,monthly,广州,天河,冼村,民营,100-299人,未知,技术,人工智能/算法,深度学习
高级软件工程师（图像识别方向）,1.3-2万,广州·海珠·官洲,百环生物科技(广州)股份有限公司,20-99人,技术服务,本科,3-5年,"图像识别产品, 智能硬件, 智慧医疗",技术-人工智能/算法-深度学习,2026-05-20 18:01:47,13.0,20.0,16.5,12.0,198.0,monthly,广州,海珠,官洲,技术服务,20-99人,未知,技术,人工智能/算法,深度学习
图像算法工程师（佛山）,1.3-2万,广州·天河·新塘,广东科凯达智能机器人有限公司,民营,100-299人,硕士,经验不限,"图像识别产品, 机器人, TensorRT, PyTorch, TensorFlow",技术-人工智能/算法-深度学习,2026-05-20 18:01:48,13.0,20.0,16.5,12.0,198.0,monthly,广州,天河,新塘,民营,100-299人,未知,技术,人工智能/算法,深度学习
解决方案工程师,1.5-1.7万,广州·黄埔·联和,广州仁合时创信息技术有限公司,民营,500-999人,本科,3-5年,"深度学习, NLP大模型技术, RAG工程",技术-人工智能/算法-深度学习,2026-05-20 18:01:48,15.0,17.0,16.0,12.0,192.0,monthly,广州,黄埔,联和,民营,500-999人,未知,技术,人工智能/算法,深度学习
c++工程师,1.2-2万,广州·天河·冼村,江苏辉海信息科技有限公司,民营,100-299人,本科,3-5年,"应用程序开发, 核心功能优化, 技术趋势跟踪",技术-人工智能/算法-深度学习,2026-05-20 18:01:48,12.0,20.0,16.0,12.0,192.0,monthly,广州,天河,冼村,民营,100-299人,未知,技术,人工智能/算法,深度学习
深度学习算法工程师,1-2万,广州·番禺·小谷围,广州市新文溯科技有限公司,民营,20-99人,硕士,经验不限,"深度学习算法, 视觉图像算法, 图像处理, 图像分割, OCR",技术-人工智能/算法-深度学习,2026-05-20 18:01:47,10.0,20.0,15.0,12.0,180.0,monthly,广州,番禺,小谷围,民营,20-99人,未知,技术,人工智能/算法,深度学习
AI 应用开发工程师,1-1.5万,广州·天河·元岗,日通技研(杭州)科技有限公司,民营,20-99人,本科,1-3年,"AI数据, PROMPT, Python, MySQL",技术-人工智能/算法-深度学习,2026-05-20 18:01:47,10.0,15.0,12.5,12.0,150.0,monthly,广州,天河,元岗,民营,20-99人,未知,技术,人工智能/算法,深度学习
视觉调试11-14k*13薪（接受26届本科无经验）,1-1.5万·13薪,广州·番禺·小谷围,苏州智汇人才服务集团有限公司,股份制企业,10000人以上,大专,1-3年,"半导体设备测试, 半导体设备校验, 半导体设备安装调试, 蚀刻设备",技术-人工智能/算法-深度学习,2026-05-20 18:01:48,10.0,15.0,12.5,13.0,162.5,monthly,广州,番禺,小谷围,股份制企业,10000人以上,未知,技术,人工智能/算法,深度学习
开发工程师,1.1-1.3万,广州·番禺·洛浦,广州市道路研究院有限公司,国企,500-999人,本科,3-5年,C语言,技术-人工智能/算法-深度学习,2026-05-20 18:01:48,11.0,13.0,12.0,12.0,144.0,monthly,广州,番禺,洛浦,国企,500-999人,未知,技术,人工智能/算法,深度学习
AI Agent开发工程师,8000-15000元,广州·番禺,广电计量,国企,1000-9999人,本科,1-3年,深度学习,技术-人工智能/算法-深度学习,2026-05-20 18:01:48,8.0,15.0,11.5,12.0,138.0,monthly,广州,番禺,,国企,1000-9999人,未知,技术,人工智能/算法,深度学习
AI智能体软件工程师,1-1.2万,广州·番禺·东环,佛山毅丰,民营,1000-9999人,大专,3-5年,"深度学习, Python, C#, Java",技术-人工智能/算法-深度学习,2026-05-20 18:01:48,10.0,12.0,11.0,12.0,132.0,monthly,广州,番禺,东环,民营,1000-9999人,未知,技术,人工智能/算法,深度学习
视觉应用/调试工程师,6000-10000元,广州·海珠·琶洲,广东粤桨产业科技有限公司,民营,20-99人,本科,1-3年,视觉安装调试、图像调参,技术-人工智能/算法-深度学习,2026-05-20 18:01:47,6.0,10.0,8.0,12.0,96.0,monthly,广州,海珠,琶洲,民营,20-99人,未知,技术,人工智能/算法,深度学习
视觉应用/调试工程师-初级,5000-8000元,广州·海珠·琶洲,广东粤桨产业科技有限公司,民营,20-99人,本科,经验不限,视觉安装调试、图像调参,技术-人工智能/算法-深度学习,2026-05-20 18:01:47,5.0,8.0,6.5,12.0,78.0,monthly,广州,海珠,琶洲,民营,20-99人,未知,技术,人工智能/算法,深度学习
高级算法工程师（驻广东佛山）,3-6万,广州·越秀·流花,北京可利邦信息技术股份有限公司,民营,100-299人,本科,经验不限,"深度学习, 机器学习, 大模型算法, QWEN, Transformer",技术-人工智能/算法-算法工程师,2026-05-20 18:00:10,30.0,60.0,45.0,12.0,540.0,monthly,广州,越秀,流花,民营,100-299人,未知,技术,人工智能/算法,算法工程师
感知算法工程师,3.5-4.5万,广州·海珠·琶洲,三一集团有限公司,民营,10000人以上,本科,5-10年,"图像算法, 感知算法",技术-人工智能/算法-算法工程师,2026-05-20 18:00:11,35.0,45.0,40.0,12.0,480.0,monthly,广州,海珠,琶洲,民营,10000人以上,未知,技术,人工智能/算法,算法工程师
大模型算法工程师（驻佛山项目）,3.5-4.5万,广州·海珠·凤阳,北京可利邦信息技术股份有限公司,民营,100-299人,本科,经验不限,,技术-人工智能/算法-算法工程师,2026-05-20 18:00:11,35.0,45.0,40.0,12.0,480.0,monthly,广州,海珠,凤阳,民营,100-299人,未知,技术,人工智能/算法,算法工程师
机器人软件工程师（运动控制算法工程师）,3-5万,广州·番禺·大龙,广州里工实业有限公司,民营,100-299人,硕士,1-3年,"人形机器人, 机器人算法, 运动控制算法, C/C++, Python",技术-人工智能/算法-算法工程师,2026-05-20 18:00:12,30.0,50.0,40.0,12.0,480.0,monthly,广州,番禺,大龙,民营,100-299人,未知,技术,人工智能/算法,算法工程师
电机控制算法工程师,3-4.5万,广州·黄埔·永和,深圳市汇德信息技术服务科技有限公司,民营,500-999人,本科,3-5年,"电路设计, CAD, Fluent, Altium Designer",技术-人工智能/算法-算法工程师,2026-05-20 18:00:12,30.0,45.0,37.5,12.0,450.0,monthly,广州,黄埔,永和,民营,500-999人,未知,技术,人工智能/算法,算法工程师
多模态交互算法工程师,2.5-4.5万,广州·天河·棠下,广州姝子科技有限责任公司,100-299人,软件/IT服务,本科,5-10年,,技术-人工智能/算法-算法工程师,2026-05-20 18:00:30,25.0,45.0,35.0,12.0,420.0,monthly,广州,天河,棠下,软件/IT服务,100-299人,未知,技术,人工智能/算法,算法工程师
摄影测量高级算法工程师,2-4万,广州·黄埔·联和,北京数字绿土科技股份有限公司,民营,300-499人,本科,3-5年,"图像算法, 深度学习, Transformer, PyTorch, TensorFlow",技术-人工智能/算法-算法工程师,2026-05-20 18:00:11,20.0,40.0,30.0,12.0,360.0,monthly,广州,黄埔,联和,民营,300-499人,未知,技术,人工智能/算法,算法工程师
CT算法工程师（重建/图像处理/算法加速等多方向）,2-4万·15薪,广州·黄埔·联和,东软医疗系统股份有限公司,合资,1000-9999人,硕士,3-5年,"信号处理, 图像处理, 光子计数CT, CT重建, 高性能计算",技术-人工智能/算法-算法工程师,2026-05-20 18:00:12,20.0,40.0,30.0,15.0,450.0,monthly,广州,黄埔,联和,合资,1000-9999人,未知,技术,人工智能/算法,算法工程师
人工智能算法工程师,2.3-3.5万,广州·黄埔·联和,中建八局华南分公司,国企,1000-9999人,博士,经验不限,"机器视觉, 多模态算法, 大模型算法, 机器学习",技术-人工智能/算法-算法工程师,2026-05-20 18:00:12,23.0,35.0,29.0,12.0,348.0,monthly,广州,黄埔,联和,国企,1000-9999人,未知,技术,人工智能/算法,算法工程师
毫米波雷达算法工程师(J11278),2-3万,广州·天河·新塘,广州极飞科技股份有限公司,合资,1000-9999人,硕士,经验不限,毫米波雷达,技术-人工智能/算法-算法工程师,2026-05-20 18:00:11,20.0,30.0,25.0,12.0,300.0,monthly,广州,天河,新塘,合资,1000-9999人,未知,技术,人工智能/算法,算法工程师
网格算法工程师,2-3万·14薪,广州·天河·车陂,中望软件,上市公司,1000-9999人,硕士,经验不限,"网格剖分, CAE软件",技术-人工智能/算法-算法工程师,2026-05-20 18:00:31,20.0,30.0,25.0,14.0,350.0,monthly,广州,天河,车陂,上市公司,1000-9999人,未知,技术,人工智能/算法,算法工程师
算法工程师（线上面试）,1.5-3万,广州·番禺·石壁,深圳华云信息系统科技股份有限公司,民营,1000-9999人,本科,3-5年,"PyTorch, Python, AGENT, 大模型算法",技术-人工智能/算法-算法工程师,2026-05-20 18:00:11,15.0,30.0,22.5,12.0,270.0,monthly,广州,番禺,石壁,民营,1000-9999人,未知,技术,人工智能/算法,算法工程师
算法工程师，应届生也可培养,1.5-3万·14薪,广州·越秀·华乐,外企德科数字技术有限公司,合资,10000人以上,本科,经验不限,"深度学习, 机器学习, 大模型算法",技术-人工智能/算法-算法工程师,2026-05-20 18:00:11,15.0,30.0,22.5,14.0,315.0,monthly,广州,越秀,华乐,合资,10000人以上,未知,技术,人工智能/算法,算法工程师
大模型算法工程师 （预训练数据处理方向）,2-2.5万,广州·天河·冼村,某企业,其它,500-999人,本科,经验不限,"深度学习, 机器学习, 图像算法",技术-人工智能/算法-算法工程师,2026-05-20 18:00:12,20.0,25.0,22.5,12.0,270.0,monthly,广州,天河,冼村,其它,500-999人,未知,技术,人工智能/算法,算法工程师
算法工程师（算法方向） (MJ004282),2-2.5万,广州·黄埔·联和,广州广电运通信息科技有限公司,国企,300-499人,硕士,经验不限,"深度学习, 大模型算法",技术-人工智能/算法-算法工程师,2026-05-20 18:00:12,20.0,25.0,22.5,12.0,270.0,monthly,广州,黄埔,联和,国企,300-499人,未知,技术,人工智能/算法,算法工程师
算法工程师（文档智能 / 计算机视觉方向）,1.5-3万,广州·番禺·石壁,湖南机企猫网络科技有限公司,民营,20-99人,本科,3-5年,"多模态算法, Python",技术-人工智能/算法-算法工程师,2026-05-20 18:00:31,15.0,30.0,22.5,12.0,270.0,monthly,广州,番禺,石壁,民营,20-99人,未知,技术,人工智能/算法,算法工程师
算法工程师,1.7-2.5万,广州·海珠·琶洲,深圳市睿服科技有限公司,股份制企业,1000-9999人,本科,3-5年,"大模型算法, PyTorch, Python, 搜索/推荐算法, 自然语言处理",技术-人工智能/算法-算法工程师,2026-05-20 18:00:12,17.0,25.0,21.0,12.0,252.0,monthly,广州,海珠,琶洲,股份制企业,1000-9999人,未知,技术,人工智能/算法,算法工程师
策略算法工程师,1.8-2.3万,广州·海珠·琶洲,广州仁合时创信息技术有限公司,民营,500-999人,本科,5-10年,"深度学习, 搜索/推荐算法",技术-人工智能/算法-算法工程师,2026-05-20 18:00:11,18.0,23.0,20.5,12.0,246.0,monthly,广州,海珠,琶洲,民营,500-999人,未知,技术,人工智能/算法,算法工程师
算法工程师,1.8-2.3万,广州·黄埔·联和,深圳市南电云商有限公司,民营,500-999人,大专,3-5年,"大模型算法, LANGCHAIN, FASTAPI, LANGGRAPH",技术-人工智能/算法-算法工程师,2026-05-20 18:00:31,18.0,23.0,20.5,12.0,246.0,monthly,广州,黄埔,联和,民营,500-999人,未知,技术,人工智能/算法,算法工程师
算法工程师（模型微调/算法优化/顺德北滘上班）,1.5-2.5万,广州·番禺·市桥,软通动力信息技术(集团)股份有限公司,上市公司,10000人以上,本科,1-3年,大模型算法,技术-人工智能/算法-算法工程师,2026-05-20 18:00:10,15.0,25.0,20.0,12.0,240.0,monthly,广州,番禺,市桥,上市公司,10000人以上,未知,技术,人工智能/算法,算法工程师
图像算法工程师（佛山）,1.3-2万,广州·天河·新塘,广东科凯达智能机器人有限公司,民营,100-299人,硕士,经验不限,"图像识别产品, 机器人, TensorRT, PyTorch, TensorFlow",技术-人工智能/算法-算法工程师,2026-05-20 18:00:10,13.0,20.0,16.5,12.0,198.0,monthly,广州,天河,新塘,民营,100-299人,未知,技术,人工智能/算法,算法工程师
大模型算法工程师,1-2万,广州·天河·天园,京北方,民营,10000人以上,硕士,1-3年,"大模型算法, 自然语言处理, TensorFlow, PyTorch, Python",技术-人工智能/算法-算法工程师,2026-05-20 18:00:11,10.0,20.0,15.0,12.0,180.0,monthly,广州,天河,天园,民营,10000人以上,未知,技术,人工智能/算法,算法工程师
算法工程师,1.2-1.8万,广州·天河·冼村,广州中山眼科验光配镜有限责任公司,国企,300-499人,本科,1-3年,"深度学习, 多模态算法, 大模型算法, PyTorch, OpenCV",技术-人工智能/算法-算法工程师,2026-05-20 18:00:11,12.0,18.0,15.0,12.0,180.0,monthly,广州,天河,冼村,国企,300-499人,未知,技术,人工智能/算法,算法工程师
AI算法工程师,1.2-1.8万,广州·海珠·官洲,华信设计,国企,1000-9999人,本科,3-5年,,技术-人工智能/算法-算法工程师,2026-05-20 18:00:30,12.0,18.0,15.0,12.0,180.0,monthly,广州,海珠,官洲,国企,1000-9999人,未知,技术,人工智能/算法,算法工程师
AI算法工程师（广州）,面议,广州·天河·冼村,中国移动,国企,10000人以上,本科,3-5年,"多模态算法, 图像算法, 大模型算法",技术-人工智能/算法-算法工程师,2026-05-20 18:00:10,,,,,,negotiable,广州,天河,冼村,国企,10000人以上,未知,技术,人工智能/算法,算法工程师
Node.js开发工程师,1.3-2.6万·13薪,广州·番禺·小谷围,广州市新文溯科技有限公司,民营,20-99人,本科,经验不限,Javascript,技术-前端开发-Node.js,2026-05-20 17:46:54,13.0,26.0,19.5,13.0,253.5,monthly,广州,番禺,小谷围,民营,20-99人,未知,技术,前端开发,Node.js
前端开发（外企/英文流利）,1.8-2万,广州·天河·林和,上海钦诚信息科技有限公司,民营,1000-9999人,本科,3-5年,"金融项目, 银行项目, React, Node.js, 英文好",技术-前端开发-Node.js,2026-05-20 17:46:56,18.0,20.0,19.0,12.0,228.0,monthly,广州,天河,林和,民营,1000-9999人,未知,技术,前端开发,Node.js
高级/资深前端开发工程师,1.5-2.2万,广州·黄埔·联和,广东杰纳医药科技有限公司,民营,100-299人,本科,3-5年,"Node.js, Vue, HTML5",技术-前端开发-Node.js,2026-05-20 17:46:55,15.0,22.0,18.5,12.0,222.0,monthly,广州,黄埔,联和,民营,100-299人,未知,技术,前端开发,Node.js
web全栈工程师,1.6-1.8万,广州·海珠·赤岗,盛视科技,上市公司,500-999人,本科,经验不限,"Java, PHP",技术-前端开发-Node.js,2026-05-20 17:46:55,16.0,18.0,17.0,12.0,204.0,monthly,广州,海珠,赤岗,上市公司,500-999人,未知,技术,前端开发,Node.js
web前端开发工程师,1.4-2万·14薪,广州·天河·冼村,山东普罗世纪人力资源有限公司,民营,20-99人,大专,3-5年,"大屏/可视化项目, 电商项目, CSS, HTML5, Vue, Angular",技术-前端开发-Node.js,2026-05-20 17:46:55,14.0,20.0,17.0,14.0,238.0,monthly,广州,天河,冼村,民营,20-99人,未知,技术,前端开发,Node.js
web全栈工程师,1.6-1.8万,广州·白云·白云湖,深圳星河环境股份有限公司,民营,1000-9999人,本科,3-5年,"Java, PHP, Python",技术-前端开发-Node.js,2026-05-20 17:46:55,16.0,18.0,17.0,12.0,204.0,monthly,广州,白云,白云湖,民营,1000-9999人,未知,技术,前端开发,Node.js
node.js全栈工程师,1.5-1.7万,广州·天河·五山,广州市凯泽利科技有限公司,民营,100-299人,大专,经验不限,"JavaScript, HTML, CSS, Express, Koa, 全栈开发",技术-前端开发-Node.js,2026-05-20 17:46:54,15.0,17.0,16.0,12.0,192.0,monthly,广州,天河,五山,民营,100-299人,未知,技术,前端开发,Node.js
前端开发工程师（广州）,1.4-1.8万,广州·天河·冼村,江苏辉海信息科技有限公司,民营,100-299人,本科,5-10年,"JavaScript, HTML5, CSS, React, Vue, Node.js",技术-前端开发-Node.js,2026-05-20 17:46:54,14.0,18.0,16.0,12.0,192.0,monthly,广州,天河,冼村,民营,100-299人,未知,技术,前端开发,Node.js
web前端开发【中移集团驻场】,1.4-1.5万,广州·天河·新塘,深圳南区人瑞人力资源服务有限公司,上市公司,10000人以上,本科,5-10年,"HTML5, Vue, React, Node.js, Electron",技术-前端开发-Node.js,2026-05-20 17:46:55,14.0,15.0,14.5,12.0,174.0,monthly,广州,天河,新塘,上市公司,10000人以上,未知,技术,前端开发,Node.js
后端工程师,1.1-1.4万,广州·天河·冼村,广州中山眼科验光配镜有限责任公司,国企,300-499人,本科,3-5年,"Python, Java, node.js",技术-前端开发-Node.js,2026-05-20 17:46:55,11.0,14.0,12.5,12.0,150.0,monthly,广州,天河,冼村,国企,300-499人,未知,技术,前端开发,Node.js
前端开发工程师,1-1.5万,广州·天河·天园,京北方,民营,10000人以上,本科,1-3年,"鸿蒙项目, 金融项目, 银行项目, 证券项目, 保险项目, CSS",技术-前端开发-Node.js,2026-05-20 17:46:55,10.0,15.0,12.5,12.0,150.0,monthly,广州,天河,天园,民营,10000人以上,未知,技术,前端开发,Node.js
前端工程师,1.1-1.4万,广州·天河·冼村,广州中山眼科验光配镜有限责任公司,国企,300-499人,本科,1-3年,"HTML5, JavaScript, TypeScript, Vue, React, Echarts",技术-前端开发-Node.js,2026-05-20 17:46:55,11.0,14.0,12.5,12.0,150.0,monthly,广州,天河,冼村,国企,300-499人,未知,技术,前端开发,Node.js
flutter前端开发工程师,1-1.5万,广州·黄埔·联和,润建股份,股份制企业,1000-9999人,大专,3-5年,"大屏/可视化项目, 电力能源相关项目, JavaScript, Java, Flutter",技术-前端开发-Node.js,2026-05-20 17:46:56,10.0,15.0,12.5,12.0,150.0,monthly,广州,黄埔,联和,股份制企业,1000-9999人,未知,技术,前端开发,Node.js
Node.js,8000-13000元,广州·白云·北京街道,海南倍素科技有限公司,20-99人,软件/IT服务,学历不限,经验不限,,技术-前端开发-Node.js,2026-05-20 17:46:54,8.0,13.0,10.5,12.0,126.0,monthly,广州,白云,北京街道,软件/IT服务,20-99人,未知,技术,前端开发,Node.js
前端开发助理,6000-8000元,广州·越秀·洪桥,广州灏沣信息科技有限公司,100-299人,云计算,本科,经验不限,"Vue, React, Angular, 大屏/可视化项目, GIS/地图项目",技术-前端开发-Node.js,2026-05-20 17:46:56,6.0,8.0,7.0,12.0,84.0,monthly,广州,越秀,洪桥,云计算,100-299人,未知,技术,前端开发,Node.js
web前端开发工程师-实习生,60-70元/天,广州·越秀·流花,广东信源集团有限公司广州人力资源分公司,国企,20人以下,本科,经验不限,"CSS, JavaScript, HTML5, Vue, Node.js",技术-前端开发-Node.js,2026-05-20 17:46:55,1.3,1.52,1.41,12.0,16.96,daily,广州,越秀,流花,国企,20人以下,未知,技术,前端开发,Node.js
前端开发工程师,面议,广州·天河·冼村,中国移动,国企,10000人以上,本科,3-5年,"Vue, Node.js, Web端, CSS, JavaScript, TypeScript",技术-前端开发-Node.js,2026-05-20 17:46:54,,,,,,negotiable,广州,天河,冼村,国企,10000人以上,未知,技术,前端开发,Node.js
高级全栈工程师（opc),1.8-2.5万,广州·天河·新塘,华苏科技,民营,1000-9999人,本科,5-10年,"前端开发, 后端开发, 架构开发, JavaScript, Vue, ElementUI",技术-前端开发-全栈工程师,2026-05-20 17:46:03,18.0,25.0,21.5,12.0,258.0,monthly,广州,天河,新塘,民营,1000-9999人,未知,技术,前端开发,全栈工程师
java全栈工程师,1.8-2.3万,广州·天河·天河南,上海钦诚信息科技有限公司,民营,1000-9999人,大专,10年以上,"前端开发, 后端开发, 架构开发, JavaScript, Vue, react",技术-前端开发-全栈工程师,2026-05-20 17:46:05,18.0,23.0,20.5,12.0,246.0,monthly,广州,天河,天河南,民营,1000-9999人,未知,技术,前端开发,全栈工程师
web全栈工程师,2-2.1万,广州·海珠·瑞宝,中交华南交通建设有限公司,国企,1000-9999人,本科,3-5年,"前端开发, 后端开发, Python, Java, MySQL, WEB全栈开发",技术-前端开发-全栈工程师,2026-05-20 17:46:05,20.0,21.0,20.5,12.0,246.0,monthly,广州,海珠,瑞宝,国企,1000-9999人,未知,技术,前端开发,全栈工程师
java全栈工程师（双休，五险一金）,1.5-2.5万,广州·花都·花山,广州微宏电源科技有限公司,民营,20-99人,本科,1-3年,"前端开发, 后端开发, 架构开发, JavaScript, Java, Python",技术-前端开发-全栈工程师,2026-05-20 17:46:03,15.0,25.0,20.0,12.0,240.0,monthly,广州,花都,花山,民营,20-99人,未知,技术,前端开发,全栈工程师
资深全栈工程师（AI Agent方向）,1.2-2.4万,广州·白云·鹤龙,中硅星云科技(广州)有限公司,20-99人,人工智能,本科,经验不限,"Python, GoLang, AI AGENT, 全栈开发",技术-前端开发-全栈工程师,2026-05-20 17:46:04,12.0,24.0,18.0,12.0,216.0,monthly,广州,白云,鹤龙,人工智能,20-99人,未知,技术,前端开发,全栈工程师
全栈工程师,1.5-2万,广州·花都·花东,广州市优伟家居用品有限公司,民营,500-999人,本科,3-5年,Python,技术-前端开发-全栈工程师,2026-05-20 17:46:03,15.0,20.0,17.5,12.0,210.0,monthly,广州,花都,花东,民营,500-999人,未知,技术,前端开发,全栈工程师
web全栈工程师,1.6-1.8万,广州·海珠·赤岗,盛视科技,上市公司,500-999人,本科,经验不限,"Java, PHP",技术-前端开发-全栈工程师,2026-05-20 17:46:03,16.0,18.0,17.0,12.0,204.0,monthly,广州,海珠,赤岗,上市公司,500-999人,未知,技术,前端开发,全栈工程师
全栈工程师（人力资源数字化方向）,1.2-2.2万,广州·天河·冼村,金碧物业,上市公司,10000人以上,本科,5-10年,"Java, Python",技术-前端开发-全栈工程师,2026-05-20 17:46:04,12.0,22.0,17.0,12.0,204.0,monthly,广州,天河,冼村,上市公司,10000人以上,未知,技术,前端开发,全栈工程师
全栈工程师,1.3-2万,广州·天河·珠吉,科珠(广州)科技有限公司,20-99人,人工智能,本科,5-10年,"后端开发, Java, Python, MySQL, PostgreSQL, MongoDB",技术-前端开发-全栈工程师,2026-05-20 17:46:04,13.0,20.0,16.5,12.0,198.0,monthly,广州,天河,珠吉,人工智能,20-99人,未知,技术,前端开发,全栈工程师
软件java全栈工程师,1.5-1.7万,广州·天河·元岗,广州瀚信,股份制企业,1000-9999人,本科,经验不限,"前端开发, 后端开发, Java, MySQL, Oracle",技术-前端开发-全栈工程师,2026-05-20 17:46:05,15.0,17.0,16.0,12.0,192.0,monthly,广州,天河,元岗,股份制企业,1000-9999人,未知,技术,前端开发,全栈工程师
全栈工程师,1.3-1.8万,广州·白云·金沙,乐味餐饮集团有限公司,民营,1000-9999人,本科,3-5年,"后端开发, 前端开发, JavaScript, Vue, react, MySQL",技术-前端开发-全栈工程师,2026-05-20 17:46:03,13.0,18.0,15.5,12.0,186.0,monthly,广州,白云,金沙,民营,1000-9999人,未知,技术,前端开发,全栈工程师
全栈工程师,1.5-1.6万,广州·海珠·凤阳,华龙讯达,股份制企业,300-499人,本科,经验不限,"前端开发, 后端开发, Java, MySQL, Redis, 全栈开发",技术-前端开发-全栈工程师,2026-05-20 17:46:03,15.0,16.0,15.5,12.0,186.0,monthly,广州,海珠,凤阳,股份制企业,300-499人,未知,技术,前端开发,全栈工程师
全栈工程师,1.4-1.5万,广州·白云·景泰,傲拓科技股份有限公司,民营,20人以下,本科,3-5年,"前端开发, 后端开发, Java, Python, GoLang, MySQL",技术-前端开发-全栈工程师,2026-05-20 17:46:04,14.0,15.0,14.5,12.0,174.0,monthly,广州,白云,景泰,民营,20人以下,未知,技术,前端开发,全栈工程师
java全栈工程师,1.4-1.5万,广州·番禺·化龙,上海思芮信息科技有限公司,民营,500-999人,大专,5-10年,"SPRINGBOOT, 人力系统",技术-前端开发-全栈工程师,2026-05-20 17:46:04,14.0,15.0,14.5,12.0,174.0,monthly,广州,番禺,化龙,民营,500-999人,未知,技术,前端开发,全栈工程师
全栈工程师,1-1.5万,广州·黄埔·联和,深圳市正杰智能工程有限公司,民营,20-99人,本科,3-5年,"全栈设计开发, MySQL, MongoDB, Java, Spring, Django",技术-前端开发-全栈工程师,2026-05-20 17:46:03,10.0,15.0,12.5,12.0,150.0,monthly,广州,黄埔,联和,民营,20-99人,未知,技术,前端开发,全栈工程师
java全栈工程师,1-1.5万,广州·天河·冼村,广州至拓网络科技有限公司,民营,100-299人,本科,3-5年,"后端开发, 前端开发, Vue, Java, MySQL, Oracle, Redis",技术-前端开发-全栈工程师,2026-05-20 17:46:04,10.0,15.0,12.5,12.0,150.0,monthly,广州,天河,冼村,民营,100-299人,未知,技术,前端开发,全栈工程师
全栈工程师,8000-13000元,广州·花都·北京街道,长沙恩欣科技有限公司,20-99人,软件/IT服务,学历不限,经验不限,,技术-前端开发-全栈工程师,2026-05-20 17:46:02,8.0,13.0,10.5,12.0,126.0,monthly,广州,花都,北京街道,软件/IT服务,20-99人,未知,技术,前端开发,全栈工程师
全栈工程师,8000-13000元,广州·天河·六榕,海南倍素科技有限公司,20-99人,软件/IT服务,学历不限,经验不限,,技术-前端开发-全栈工程师,2026-05-20 17:46:03,8.0,13.0,10.5,12.0,126.0,monthly,广州,天河,六榕,软件/IT服务,20-99人,未知,技术,前端开发,全栈工程师
全栈工程师,9000-12000元,广州·越秀·农林,广东省冶金建筑设计研究院有限公司,国企,300-499人,本科,3-5年,"前端开发, 后端开发, 架构开发",技术-前端开发-全栈工程师,2026-05-20 17:46:04,9.0,12.0,10.5,12.0,126.0,monthly,广州,越秀,农林,国企,300-499人,未知,技术,前端开发,全栈工程师
机器人平台开发工程师/全栈工程师,5000-7000元,广州·增城·永宁,湖大粤港澳大湾区创新研究院(广州增城),事业单位,300-499人,本科,1-3年,"后端开发, Java, 前端开发, MySQL, Vue",技术-前端开发-全栈工程师,2026-05-20 17:46:04,5.0,7.0,6.0,12.0,72.0,monthly,广州,增城,永宁,事业单位,300-499人,未知,技术,前端开发,全栈工程师
react前端开发工程师/React.js,2-2.8万·13薪,广州·天河·石牌,大连弗斯特高新人才发展管理有限公司,民营,1000-9999人,大专,3-5年,React,技术-前端开发-前端开发,2026-05-20 17:45:12,20.0,28.0,24.0,13.0,312.0,monthly,广州,天河,石牌,民营,1000-9999人,未知,技术,前端开发,前端开发
javascript前端开发,2-2.8万,广州·天河·新塘,苏州人瑞普惠人力资源服务有限公司,上市公司,1000-9999人,大专,3-5年,"React, Vue, HTML5, CSS, 前端性能优化, 前后端数据交互",技术-前端开发-前端开发,2026-05-20 17:45:14,20.0,28.0,24.0,12.0,288.0,monthly,广州,天河,新塘,上市公司,1000-9999人,未知,技术,前端开发,前端开发
前端开发工程师,1.2-2.4万,广州·白云·松洲,外企德科数字技术有限公司,合资,10000人以上,本科,经验不限,"大屏/可视化项目, GIS/地图项目, ERP项目, CSS, JavaScript",技术-前端开发-前端开发,2026-05-20 17:45:14,12.0,24.0,18.0,12.0,216.0,monthly,广州,白云,松洲,合资,10000人以上,未知,技术,前端开发,前端开发
web前端开发工程师,1.4-2万·14薪,广州·天河·冼村,山东普罗世纪人力资源有限公司,民营,20-99人,大专,3-5年,"大屏/可视化项目, 电商项目, CSS, HTML5, Vue, Angular",技术-前端开发-前端开发,2026-05-20 17:45:14,14.0,20.0,17.0,14.0,238.0,monthly,广州,天河,冼村,民营,20-99人,未知,技术,前端开发,前端开发
前端开发工程师,1.5-1.8万,广州·番禺·南村,广州哇达科技有限公司,20-99人,互联网社交/数字内容,大专,经验不限,"HTML5, CSS, JavaScript, React, Vue, React Native",技术-前端开发-前端开发,2026-05-20 17:45:13,15.0,18.0,16.5,12.0,198.0,monthly,广州,番禺,南村,互联网社交/数字内容,20-99人,未知,技术,前端开发,前端开发
web前端开发工程师,1.5-1.8万,广州·白云·三元里,广州慧流智谷供应链管理有限公司,民营,20-99人,本科,经验不限,"JavaScript, 电商项目",技术-前端开发-前端开发,2026-05-20 17:45:14,15.0,18.0,16.5,12.0,198.0,monthly,广州,白云,三元里,民营,20-99人,未知,技术,前端开发,前端开发
前端开发工程师（广州）,1.4-1.8万,广州·天河·冼村,江苏辉海信息科技有限公司,民营,100-299人,本科,5-10年,"JavaScript, HTML5, CSS, React, Vue, Node.js",技术-前端开发-前端开发,2026-05-20 17:45:14,14.0,18.0,16.0,12.0,192.0,monthly,广州,天河,冼村,民营,100-299人,未知,技术,前端开发,前端开发
前端开发工程师,1.2-1.8万,广州·天河·天园,上海贝锐信息科技股份有限公司,民营,100-299人,学历不限,3-5年,"Vue, React",技术-前端开发-前端开发,2026-05-20 17:45:14,12.0,18.0,15.0,12.0,180.0,monthly,广州,天河,天园,民营,100-299人,未知,技术,前端开发,前端开发
web前端开发【中移集团驻场】,1.4-1.5万,广州·天河·新塘,深圳南区人瑞人力资源服务有限公司,上市公司,10000人以上,本科,5-10年,"HTML5, Vue, React, Node.js, Electron",技术-前端开发-前端开发,2026-05-20 17:45:14,14.0,15.0,14.5,12.0,174.0,monthly,广州,天河,新塘,上市公司,10000人以上,未知,技术,前端开发,前端开发
web前端开发+住房补贴/交通便利,1.3-1.5万,广州·天河·猎德,广州中诚汇才人力资源有限公司,20-99人,人力资源,大专,1-3年,"HTML5, CSS, JavaScript, Vue, React, 前端工程化",技术-前端开发-前端开发,2026-05-20 17:45:15,13.0,15.0,14.0,12.0,168.0,monthly,广州,天河,猎德,人力资源,20-99人,未知,技术,前端开发,前端开发
初级前端开发工程师,1.2-1.5万,广州·白云·景泰,广州沐则科技有限公司,20-99人,软件/IT服务,大专,1-3年,"React Native, Ant Design, React, 大屏/可视化项目",技术-前端开发-前端开发,2026-05-20 17:45:15,12.0,15.0,13.5,12.0,162.0,monthly,广州,白云,景泰,软件/IT服务,20-99人,未知,技术,前端开发,前端开发
前端开发工程师,1.2-1.4万,广州·花都·秀全,武汉宏元数码科技有限公司,20-99人,软件/IT服务,大专,经验不限,"CSS, JavaScript, HTML5, Vue, React, Angular",技术-前端开发-前端开发,2026-05-20 17:45:13,12.0,14.0,13.0,12.0,156.0,monthly,广州,花都,秀全,软件/IT服务,20-99人,未知,技术,前端开发,前端开发
web前端开发工程师,1-1.5万,广州·番禺·大石,南京清研新材料研究院有限公司,民营,20-99人,本科,经验不限,"HTML5, CSS, JavaScript, Vue, React, 大屏/可视化项目",技术-前端开发-前端开发,2026-05-20 17:45:13,10.0,15.0,12.5,12.0,150.0,monthly,广州,番禺,大石,民营,20-99人,未知,技术,前端开发,前端开发
前端开发工程师（视频运维管理平台）,1-1.5万,广州·黄埔·联和,润建股份,股份制企业,1000-9999人,本科,3-5年,大屏/可视化项目,技术-前端开发-前端开发,2026-05-20 17:45:14,10.0,15.0,12.5,12.0,150.0,monthly,广州,黄埔,联和,股份制企业,1000-9999人,未知,技术,前端开发,前端开发
前端开发工程师+五险一金,1.1-1.3万,广州·越秀·梅花村,广州同绍科技有限公司,20-99人,电气机械/电力设备,学历不限,经验不限,"HTML5, CSS, JavaScript, Vue, React, 前端界面优化",技术-前端开发-前端开发,2026-05-20 17:45:13,11.0,13.0,12.0,12.0,144.0,monthly,广州,越秀,梅花村,电气机械/电力设备,20-99人,未知,技术,前端开发,前端开发
前端开发工程师,9000-15000元,广州·天河·元岗,日通技研(杭州)科技有限公司,民营,20-99人,本科,1-3年,"TypeScript, React, Vue",技术-前端开发-前端开发,2026-05-20 17:45:13,9.0,15.0,12.0,12.0,144.0,monthly,广州,天河,元岗,民营,20-99人,未知,技术,前端开发,前端开发
前端开发工程师,1-1.3万,广州·黄埔·联和,香雪制药,股份制企业,1000-9999人,本科,3-5年,"React.js, VUE 开发, 开发经验",技术-前端开发-前端开发,2026-05-20 17:45:13,10.0,13.0,11.5,12.0,138.0,monthly,广州,黄埔,联和,股份制企业,1000-9999人,未知,技术,前端开发,前端开发
前端开发工程师,7000-11000元,广州·天河·新塘,广州澳盾智能科技有限公司,民营,20-99人,本科,3-5年,"前端开发, 懂NODEJS, 大屏/可视化项目",技术-前端开发-前端开发,2026-05-20 17:45:13,7.0,11.0,9.0,12.0,108.0,monthly,广州,天河,新塘,民营,20-99人,未知,技术,前端开发,前端开发
前端开发工程师,面议,广州·天河·冼村,中国移动,国企,10000人以上,本科,3-5年,"Vue, Node.js, Web端, CSS, JavaScript, TypeScript",技术-前端开发-前端开发,2026-05-20 17:45:13,,,,,,negotiable,广州,天河,冼村,国企,10000人以上,未知,技术,前端开发,前端开发
地图前端开发,面议,广州·天河·新塘,中软国际,上市公司,10000人以上,本科,3-5年,GIS/地图项目,技术-前端开发-前端开发,2026-05-20 17:45:14,,,,,,negotiable,广州,天河,新塘,上市公司,10000人以上,未知,技术,前端开发,前端开发
C/C++高级软件工程师,2-4万,广州·越秀·黄花岗,国科量子通信网络有限公司,国企,100-299人,本科,5-10年,"C++, C#, 多线程, Socket技术, 分布式技术, 密码技术",技术-后端开发-C/C++,2026-05-20 17:28:50,20.0,40.0,30.0,12.0,360.0,monthly,广州,越秀,黄花岗,国企,100-299人,未知,技术,后端开发,C/C++
软件开发工程师(C/C++/ Java/Python),2-2.8万·16薪,广州·白云·松洲,外企德科数字技术有限公司,合资,10000人以上,本科,经验不限,"C语言, Java, Python",技术-后端开发-C/C++,2026-05-20 17:28:43,20.0,28.0,24.0,16.0,384.0,monthly,广州,白云,松洲,合资,10000人以上,未知,技术,后端开发,C/C++
C/C++/Java/Python/JS软件开发/算法/数据,1.7-3万·15薪,广州·白云·松洲,外企德科数字技术有限公司,合资,10000人以上,本科,经验不限,"Java, Python, C语言",技术-后端开发-C/C++,2026-05-20 17:28:47,17.0,30.0,23.5,15.0,352.5,monthly,广州,白云,松洲,合资,10000人以上,未知,技术,后端开发,C/C++
C/C++/Java/JS/Python软开（接受断档25届）,1.5-3万,广州·天河·棠下,外企德科数字技术有限公司,合资,10000人以上,本科,经验不限,"JavaScript, Python, C++, Spring, MySQL",技术-后端开发-C/C++,2026-05-20 17:28:40,15.0,30.0,22.5,12.0,270.0,monthly,广州,天河,棠下,合资,10000人以上,未知,技术,后端开发,C/C++
Java/C++/python/c/算法岗位,1.5-3万,广州·白云·松洲,外企德科数字技术有限公司,合资,10000人以上,本科,经验不限,,技术-后端开发-C/C++,2026-05-20 17:28:42,15.0,30.0,22.5,12.0,270.0,monthly,广州,白云,松洲,合资,10000人以上,未知,技术,后端开发,C/C++
c/c++开发工程师,1.7-1.8万,广州·白云·白云湖,广东恒和永盛集团有限公司,股份制企业,1000-9999人,本科,1-3年,"C语言, Linux开发, STL, 高并发低延迟处理, 系统架构设计",技术-后端开发-C/C++,2026-05-20 17:28:45,17.0,18.0,17.5,12.0,210.0,monthly,广州,白云,白云湖,股份制企业,1000-9999人,未知,技术,后端开发,C/C++
Java/python/C /C++开发工程师/测试工程师,1.5-2万·14薪,广州·白云·松洲,外企德科数字技术有限公司,合资,10000人以上,本科,1-3年,"自动化测试, 系统测试, 软件测试",技术-后端开发-C/C++,2026-05-20 17:28:45,15.0,20.0,17.5,14.0,245.0,monthly,广州,白云,松洲,合资,10000人以上,未知,技术,后端开发,C/C++
c++工程师,1.2-2万,广州·天河·冼村,江苏辉海信息科技有限公司,民营,100-299人,本科,3-5年,"应用程序开发, 核心功能优化, 技术趋势跟踪",技术-后端开发-C/C++,2026-05-20 17:28:51,12.0,20.0,16.0,12.0,192.0,monthly,广州,天河,冼村,民营,100-299人,未知,技术,后端开发,C/C++
C/C++软件开发工程师（中级）,9000-18000元,广州·黄埔·鱼珠,广东中科如铁技术有限公司,民营,20-99人,本科,1-3年,"C, C#, Linux开发, C语言, OpenCV",技术-后端开发-C/C++,2026-05-20 17:28:39,9.0,18.0,13.5,12.0,162.0,monthly,广州,黄埔,鱼珠,民营,20-99人,未知,技术,后端开发,C/C++
c/c++开发（武汉办公）,9000-18000元,广州·天河·新塘,软通动力信息技术(集团)股份有限公司,上市公司,10000人以上,本科,1-3年,C语言,技术-后端开发-C/C++,2026-05-20 17:28:41,9.0,18.0,13.5,12.0,162.0,monthly,广州,天河,新塘,上市公司,10000人以上,未知,技术,后端开发,C/C++
C/C++软件开发工程师,9000-18000元,广州·黄埔·鱼珠,广东中科如铁技术有限公司,民营,20-99人,本科,1-3年,"C, C#, Linux开发, C语言, OpenCV",技术-后端开发-C/C++,2026-05-20 17:28:46,9.0,18.0,13.5,12.0,162.0,monthly,广州,黄埔,鱼珠,民营,20-99人,未知,技术,后端开发,C/C++
开发工程师,1.1-1.3万,广州·番禺·洛浦,广州市道路研究院有限公司,国企,500-999人,本科,3-5年,C语言,技术-后端开发-C/C++,2026-05-20 17:28:51,11.0,13.0,12.0,12.0,144.0,monthly,广州,番禺,洛浦,国企,500-999人,未知,技术,后端开发,C/C++
0元提车网约C牌司机,9000-14000元,广州·白云·人和,广州鑫运信息技术有限公司,20-99人,汽车后市场,学历不限,经验不限,"司机, C1驾驶证",技术-后端开发-C/C++,2026-05-20 17:28:42,9.0,14.0,11.5,12.0,138.0,monthly,广州,白云,人和,汽车后市场,20-99人,未知,技术,后端开发,C/C++
急招C牌司机8000,8000-14000元,广州·白云·人和,广州鑫运信息技术有限公司,20-99人,汽车后市场,学历不限,经验不限,C级驾照,技术-后端开发-C/C++,2026-05-20 17:28:44,8.0,14.0,11.0,12.0,132.0,monthly,广州,白云,人和,汽车后市场,20-99人,未知,技术,后端开发,C/C++
cra临床监查员-广州（可接受c转a）,8000-13000元·13薪,广州·天河·棠下,北京海金格医药科技股份有限公司,民营,500-999人,大专,1-3年,"药品临床监查, GCP证书",技术-后端开发-C/C++,2026-05-20 17:28:41,8.0,13.0,10.5,13.0,136.5,monthly,广州,天河,棠下,民营,500-999人,未知,技术,后端开发,C/C++
急招天河C司机每天保底两趟,8000-13000元,广州·天河·龙洞,广州市福运仓储配送有限公司,20人以下,货运物流,学历不限,经验不限,"面包车, C2驾驶证, C1驾驶证, 短途货运",技术-后端开发-C/C++,2026-05-20 17:28:48,8.0,13.0,10.5,12.0,126.0,monthly,广州,天河,龙洞,货运物流,20人以下,未知,技术,后端开发,C/C++
急招天河C司机每天保底两趟,8000-13000元,广州·天河·前进街道,广州市福运仓储配送有限公司,20人以下,货运物流,学历不限,经验不限,"C1驾驶证, C2驾驶证, 面包车, 短途货运, 3米8面包车",技术-后端开发-C/C++,2026-05-20 17:28:50,8.0,13.0,10.5,12.0,126.0,monthly,广州,天河,前进街道,货运物流,20人以下,未知,技术,后端开发,C/C++
天河高塘石诚聘B/C照货运司机（包住）,8000-12000元,广州·天河·凤凰,跨越速运,民营,10000人以上,学历不限,1-3年,"B2驾驶证, C1驾驶证, 货运从业资格证, 厢式货车, 4米2货车",技术-后端开发-C/C++,2026-05-20 17:28:47,8.0,12.0,10.0,12.0,120.0,monthly,广州,天河,凤凰,民营,10000人以上,未知,技术,后端开发,C/C++
工程渠道区域经理C,8000-10000元,广州·增城·永宁,国内某知名企业,其它,500-999人,大专,1-3年,面销/陌拜,技术-后端开发-C/C++,2026-05-20 17:28:43,8.0,10.0,9.0,12.0,108.0,monthly,广州,增城,永宁,其它,500-999人,未知,技术,后端开发,C/C++
C/C++实习生,7000-11000元,广州·天河·龙洞,广州飞歌信息科技有限公司,民营,100-299人,大专,经验不限,"C语言, C#, Java",技术-后端开发-C/C++,2026-05-20 17:28:49,7.0,11.0,9.0,12.0,108.0,monthly,广州,天河,龙洞,民营,100-299人,未知,技术,后端开发,C/C++
Golang开发工程师（英语熟练）,1.8-2万,广州·黄埔·龙湖,恩士迅信息科技(中国)有限责任公司,外商独资,1000-9999人,本科,1-3年,"Java, MySQL, Redis, 英语熟练, 金融项目, Golang",技术-后端开发-Golang,2026-05-20 17:30:33,18.0,20.0,19.0,12.0,228.0,monthly,广州,黄埔,龙湖,外商独资,1000-9999人,未知,技术,后端开发,Golang
golang开发工程师,1.4-2.1万,广州·黄埔·龙湖,恩士迅信息科技(中国)有限责任公司,外商独资,1000-9999人,本科,3-5年,"Golang, 金融项目",技术-后端开发-Golang,2026-05-20 17:30:32,14.0,21.0,17.5,12.0,210.0,monthly,广州,黄埔,龙湖,外商独资,1000-9999人,未知,技术,后端开发,Golang
golang架构师,1.4-2万,广州·白云·黄石,深圳市万氪睿速科技有限公司,民营,20-99人,本科,3-5年,"Golang, 工单系统, 订单系统, 工作流引擎",技术-后端开发-Golang,2026-05-20 17:30:27,14.0,20.0,17.0,12.0,204.0,monthly,广州,白云,黄石,民营,20-99人,未知,技术,后端开发,Golang
golang,1.3-2万,广州·黄埔·龙湖,恩士迅信息科技(中国)有限责任公司,外商独资,1000-9999人,本科,1-3年,"Python, 云计算项目, MySQL",技术-后端开发-Golang,2026-05-20 17:30:30,13.0,20.0,16.5,12.0,198.0,monthly,广州,黄埔,龙湖,外商独资,1000-9999人,未知,技术,后端开发,Golang
golang开发工程师,1.4-1.8万,广州·天河·石牌,胜通和科技有限公司广州分公司,国企,100-299人,本科,1-3年,MySQL,技术-后端开发-Golang,2026-05-20 17:30:32,14.0,18.0,16.0,12.0,192.0,monthly,广州,天河,石牌,国企,100-299人,未知,技术,后端开发,Golang
Java开发工程师,1.4-1.8万,广州·天河·棠下,中电金信软件有限公司,国企,10000人以上,本科,3-5年,"JavaScript, Spring",技术-后端开发-Golang,2026-05-20 17:30:38,14.0,18.0,16.0,12.0,192.0,monthly,广州,天河,棠下,国企,10000人以上,未知,技术,后端开发,Golang
golang,1.4-1.6万,广州·黄埔·文冲,大连柠檬树科技有限公司,民营,20-99人,大专,3-5年,Golang,技术-后端开发-Golang,2026-05-20 17:30:28,14.0,16.0,15.0,12.0,180.0,monthly,广州,黄埔,文冲,民营,20-99人,未知,技术,后端开发,Golang
golang后端开发工程师,1-2万,广州·白云·黄石,河南云洹网联无人机科技有限公司,国企,20-99人,本科,5-10年,,技术-后端开发-Golang,2026-05-20 17:30:28,10.0,20.0,15.0,12.0,180.0,monthly,广州,白云,黄石,国企,20-99人,未知,技术,后端开发,Golang
golang（英文流利 外企）,1.1-1.8万,广州·黄埔·龙湖,恩士迅信息科技(中国)有限责任公司,外商独资,1000-9999人,本科,1-3年,"GO, Oracle, Redis, Golang",技术-后端开发-Golang,2026-05-20 17:30:36,11.0,18.0,14.5,12.0,174.0,monthly,广州,黄埔,龙湖,外商独资,1000-9999人,未知,技术,后端开发,Golang
OMC后端开发需求,1.2-1.5万,广州·天河·新塘,华苏科技,民营,1000-9999人,大专,1-3年,"Python, JavaScript, Spring, Mybatis, MySQL, Redis",技术-后端开发-Golang,2026-05-20 17:30:34,12.0,15.0,13.5,12.0,162.0,monthly,广州,天河,新塘,民营,1000-9999人,未知,技术,后端开发,Golang
java开发工程师,1.3-1.4万,广州·花都·秀全,武汉宏元数码科技有限公司,20-99人,软件/IT服务,大专,经验不限,"Spring, Mybatis, MySQL, JAVA后端开发, 系统性能优化",技术-后端开发-Golang,2026-05-20 17:31:19,13.0,14.0,13.5,12.0,162.0,monthly,广州,花都,秀全,软件/IT服务,20-99人,未知,技术,后端开发,Golang
java开发助理工程师,1-1.5万,广州·天河·冼村,思特奇,上市公司,1000-9999人,硕士,经验不限,"JavaScript, Java",技术-后端开发-Golang,2026-05-20 17:30:37,10.0,15.0,12.5,12.0,150.0,monthly,广州,天河,冼村,上市公司,1000-9999人,未知,技术,后端开发,Golang
Java（信贷风控引擎）,1-1.3万,广州·黄埔·联和,南京迈特望科技股份有限公司,股份制企业,1000-9999人,本科,1-3年,"引擎, 信贷风控",技术-后端开发-Golang,2026-05-20 17:30:35,10.0,13.0,11.5,12.0,138.0,monthly,广州,黄埔,联和,股份制企业,1000-9999人,未知,技术,后端开发,Golang
后端开发工程师（Java）,1-1.3万,广州·海珠·琶洲,胜通和科技有限公司广州分公司,国企,1000-9999人,本科,3-5年,"云平台, 云计算运维, JavaScript, Spring, MySQL",技术-后端开发-Golang,2026-05-20 17:30:36,10.0,13.0,11.5,12.0,138.0,monthly,广州,海珠,琶洲,国企,1000-9999人,未知,技术,后端开发,Golang
golang开发工程师,1-1.2万,广州·海珠·官洲,软通动力信息技术(集团)股份有限公司,上市公司,10000人以上,大专,3-5年,"Golang, CGO",技术-后端开发-Golang,2026-05-20 17:30:29,10.0,12.0,11.0,12.0,132.0,monthly,广州,海珠,官洲,上市公司,10000人以上,未知,技术,后端开发,Golang
golang开发工程师（联通项目+双休+五险一金,1-1.2万,广州·海珠·官洲,软通动力信息技术(集团)股份有限公司,上市公司,10000人以上,大专,3-5年,云计算项目,技术-后端开发-Golang,2026-05-20 17:30:31,10.0,12.0,11.0,12.0,132.0,monthly,广州,海珠,官洲,上市公司,10000人以上,未知,技术,后端开发,Golang
Golang,8000-13000元,广州·花都·北京街道,海南倍素科技有限公司,20-99人,软件/IT服务,学历不限,经验不限,,技术-后端开发-Golang,2026-05-20 17:30:26,8.0,13.0,10.5,12.0,126.0,monthly,广州,花都,北京街道,软件/IT服务,20-99人,未知,技术,后端开发,Golang
golang开发工程师,9000-12000元,广州·海珠·官洲,软通动力信息技术(集团)股份有限公司,上市公司,10000人以上,大专,3-5年,GO,技术-后端开发-Golang,2026-05-20 17:30:33,9.0,12.0,10.5,12.0,126.0,monthly,广州,海珠,官洲,上市公司,10000人以上,未知,技术,后端开发,Golang
golang开发/佛山总部上班/双休,8000-12000元,广州·番禺·市桥,软通动力信息技术(集团)股份有限公司,上市公司,10000人以上,本科,3-5年,"MySQL, MongoDB, 软件工程师, 后端开发, Linux",技术-后端开发-Golang,2026-05-20 17:30:28,8.0,12.0,10.0,12.0,120.0,monthly,广州,番禺,市桥,上市公司,10000人以上,未知,技术,后端开发,Golang
Golang开发工程师,8000-12000元,广州·黄埔·联和,广州天锐医健信息科技有限公司,民营,20-99人,大专,1-3年,"Python, GO 语言开发",技术-后端开发-Golang,2026-05-20 17:30:30,8.0,12.0,10.0,12.0,120.0,monthly,广州,黄埔,联和,民营,20-99人,未知,技术,后端开发,Golang
Java开发（联通项目+全额五险一金+双休）,8000-9000元,广州·海珠·官洲,软通动力信息技术(集团)股份有限公司,上市公司,10000人以上,大专,1-3年,"Spring, MySQL, AI",技术-后端开发-Golang,2026-05-20 17:30:37,8.0,9.0,8.5,12.0,102.0,monthly,广州,海珠,官洲,上市公司,10000人以上,未知,技术,后端开发,Golang
英语Java开发工程师/软件开发,2-2.8万·13薪,广州·天河·林和,大连弗斯特高新人才发展管理有限公司,民营,1000-9999人,大专,5-10年,"JavaScript, Python, Spring, Mybatis, MySQL, PostgreSQL",技术-后端开发-Java,2026-05-20 17:25:23,20.0,28.0,24.0,13.0,312.0,monthly,广州,天河,林和,民营,1000-9999人,未知,技术,后端开发,Java
软件开发工程师（Java、Python、C++），应届生亦可培养。,1.5-3万·14薪,广州·白云·松洲,外企德科数字技术有限公司,合资,10000人以上,本科,经验不限,"JavaScript, Python, C++, Spring, MySQL",技术-后端开发-Java,2026-05-20 17:26:33,15.0,30.0,22.5,14.0,315.0,monthly,广州,白云,松洲,合资,10000人以上,未知,技术,后端开发,Java
C/C++/Java/JS/Python软开（接受断档25届）,1.5-3万,广州·天河·棠下,外企德科数字技术有限公司,合资,10000人以上,本科,经验不限,"JavaScript, Python, C++, Spring, MySQL",技术-后端开发-Java,2026-05-20 17:26:43,15.0,30.0,22.5,12.0,270.0,monthly,广州,天河,棠下,合资,10000人以上,未知,技术,后端开发,Java
初级java开发-26届无经验可投（双休/线上面试）,1.4-2.8万·14薪,广州·白云·松洲,外企德科数字技术有限公司,合资,10000人以上,本科,经验不限,"JavaScript, Spring, MySQL",技术-后端开发-Java,2026-05-20 17:25:29,14.0,28.0,21.0,14.0,294.0,monthly,广州,白云,松洲,合资,10000人以上,未知,技术,后端开发,Java
java开发工程师,1.6-1.8万,广州·花都·秀全,广州哇达科技有限公司,20-99人,互联网社交/数字内容,大专,经验不限,"Spring, MySQL, Redis, 高并发系统开发, 分布式技术",技术-后端开发-Java,2026-05-20 17:25:26,16.0,18.0,17.0,12.0,204.0,monthly,广州,花都,秀全,互联网社交/数字内容,20-99人,未知,技术,后端开发,Java
java开发工程师,1.6-1.8万,广州·番禺·南村,广州哇达科技有限公司,20-99人,互联网社交/数字内容,大专,经验不限,"Spring, MySQL, Redis, 高并发系统开发, 分布式技术",技术-后端开发-Java,2026-05-20 17:25:28,16.0,18.0,17.0,12.0,204.0,monthly,广州,番禺,南村,互联网社交/数字内容,20-99人,未知,技术,后端开发,Java
java开发工程师（广州）,1.5-1.8万,广州·天河·冼村,江苏辉海信息科技有限公司,民营,100-299人,本科,5-10年,"JavaScript, Spring",技术-后端开发-Java,2026-05-20 17:25:25,15.0,18.0,16.5,12.0,198.0,monthly,广州,天河,冼村,民营,100-299人,未知,技术,后端开发,Java
Java开发工程师,1.4-1.8万,广州·天河·棠下,中电金信软件有限公司,国企,10000人以上,本科,3-5年,"JavaScript, Spring",技术-后端开发-Java,2026-05-20 17:25:21,14.0,18.0,16.0,12.0,192.0,monthly,广州,天河,棠下,国企,10000人以上,未知,技术,后端开发,Java
java高级工程师,1.4-1.5万,广州·天河·前进街道,广东利元亨智能装备股份有限公司,股份制企业,1000-9999人,本科,5-10年,"前端开发, 后端开发",技术-后端开发-Java,2026-05-20 17:25:22,14.0,15.0,14.5,12.0,174.0,monthly,广州,天河,前进街道,股份制企业,1000-9999人,未知,技术,后端开发,Java
java开发工程师,1.3-1.4万,广州·花都·秀全,武汉宏元数码科技有限公司,20-99人,软件/IT服务,大专,经验不限,"Spring, Mybatis, MySQL, JAVA后端开发, 系统性能优化",技术-后端开发-Java,2026-05-20 17:25:20,13.0,14.0,13.5,12.0,162.0,monthly,广州,花都,秀全,软件/IT服务,20-99人,未知,技术,后端开发,Java
java软件开发工程师,9000-17000元,广州·海珠·琶洲,北京外企德科人力资源服务深圳有限公司,合资,1000-9999人,大专,3-5年,"Mybatis, Vue, MySQL, AI CODING, SPRING BOOT",技术-后端开发-Java,2026-05-20 17:25:23,9.0,17.0,13.0,12.0,156.0,monthly,广州,海珠,琶洲,合资,1000-9999人,未知,技术,后端开发,Java
java开发助理工程师,1-1.5万,广州·天河·冼村,思特奇,上市公司,1000-9999人,硕士,经验不限,"JavaScript, Java",技术-后端开发-Java,2026-05-20 17:25:18,10.0,15.0,12.5,12.0,150.0,monthly,广州,天河,冼村,上市公司,1000-9999人,未知,技术,后端开发,Java
Java研发工程师,1-1.5万,广州·天河·新塘,广东科凯达智能机器人有限公司,民营,100-299人,本科,3-5年,"JavaScript, Spring, MySQL",技术-后端开发-Java,2026-05-20 17:25:20,10.0,15.0,12.5,12.0,150.0,monthly,广州,天河,新塘,民营,100-299人,未知,技术,后端开发,Java
java高级工程师,1-1.5万,广州·天河·新塘,广州澳盾智能科技有限公司,民营,20-99人,本科,3-5年,"Java, 后端开发, 前端开发, 视频识别, 视频算法",技术-后端开发-Java,2026-05-20 17:25:25,10.0,15.0,12.5,12.0,150.0,monthly,广州,天河,新塘,民营,20-99人,未知,技术,后端开发,Java
Java（信贷风控引擎）,1-1.3万,广州·黄埔·联和,南京迈特望科技股份有限公司,股份制企业,1000-9999人,本科,1-3年,"引擎, 信贷风控",技术-后端开发-Java,2026-05-20 17:25:17,10.0,13.0,11.5,12.0,138.0,monthly,广州,黄埔,联和,股份制企业,1000-9999人,未知,技术,后端开发,Java
后端开发工程师（Java）,1-1.3万,广州·海珠·琶洲,胜通和科技有限公司广州分公司,国企,1000-9999人,本科,3-5年,"云平台, 云计算运维, JavaScript, Spring, MySQL",技术-后端开发-Java,2026-05-20 17:25:18,10.0,13.0,11.5,12.0,138.0,monthly,广州,海珠,琶洲,国企,1000-9999人,未知,技术,后端开发,Java
java软件开发工程师,1-1.3万,广州·海珠·官洲,软通动力信息技术(集团)股份有限公司,上市公司,10000人以上,大专,3-5年,"JavaScript, Python, CSS, MySQL, PostgreSQL, Oracle",技术-后端开发-Java,2026-05-20 17:25:27,10.0,13.0,11.5,12.0,138.0,monthly,广州,海珠,官洲,上市公司,10000人以上,未知,技术,后端开发,Java
java软件开发工程师,1.1-1.2万,广州·天河·天河南,深圳市易泊云网络科技有限公司,股份制企业,500-999人,本科,经验不限,,技术-后端开发-Java,2026-05-20 17:25:29,11.0,12.0,11.5,12.0,138.0,monthly,广州,天河,天河南,股份制企业,500-999人,未知,技术,后端开发,Java
Java,8000-13000元,广州·南沙·北京街道,海南倍素科技有限公司,20-99人,软件/IT服务,学历不限,经验不限,,技术-后端开发-Java,2026-05-20 17:25:27,8.0,13.0,10.5,12.0,126.0,monthly,广州,南沙,北京街道,软件/IT服务,20-99人,未知,技术,后端开发,Java
java软件开发工程师（东风物流-广州）,9000-10000元,广州·花都·秀全,软通动力信息技术(集团)股份有限公司,上市公司,10000人以上,本科,5-10年,JavaScript,技术-后端开发-Java,2026-05-20 17:25:26,9.0,10.0,9.5,12.0,114.0,monthly,广州,花都,秀全,上市公司,10000人以上,未知,技术,后端开发,Java
Java开发（联通项目+全额五险一金+双休）,8000-9000元,广州·海珠·官洲,软通动力信息技术(集团)股份有限公司,上市公司,10000人以上,大专,1-3年,"Spring, MySQL, AI",技术-后端开发-Java,2026-05-20 17:25:19,8.0,9.0,8.5,12.0,102.0,monthly,广州,海珠,官洲,上市公司,10000人以上,未知,技术,后端开发,Java
JAVA开发工程师（线上面试3轮/收材料复试,5000-6000元,广州·天河·天园,软通动力信息技术(集团)股份有限公司,上市公司,10000人以上,大专,3-5年,"Spring, MySQL, Redis, 微服务架构开发, RESTFUL API设计",技术-后端开发-Java,2026-05-20 17:25:24,5.0,6.0,5.5,12.0,66.0,monthly,广州,天河,天园,上市公司,10000人以上,未知,技术,后端开发,Java
react前端开发工程师/React.js,2-2.8万·13薪,广州·天河·石牌,大连弗斯特高新人才发展管理有限公司,民营,1000-9999人,大专,3-5年,React,技术-后端开发-PHP,2026-05-20 17:31:53,20.0,28.0,24.0,13.0,312.0,monthly,广州,天河,石牌,民营,1000-9999人,未知,技术,后端开发,PHP
php高级开发工程师,1.5-2万,广州·天河·天河南,广州市美集优选影视传媒有限公司,20-99人,广播/电视/影视,本科,3-5年,"高级软件工程师, 后端开发, ThinkPHP",技术-后端开发-PHP,2026-05-20 17:31:53,15.0,20.0,17.5,12.0,210.0,monthly,广州,天河,天河南,广播/电视/影视,20-99人,未知,技术,后端开发,PHP
PHP高级工程师,1.5-1.8万,广州·白云·同和,枫车创科技(广东)有限公司,民营,100-299人,本科,3-5年,PHP高级工程师,技术-后端开发-PHP,2026-05-20 17:31:51,15.0,18.0,16.5,12.0,198.0,monthly,广州,白云,同和,民营,100-299人,未知,技术,后端开发,PHP
PHP,1-2万,广州·天河·猎德,广州易赛体育传媒有限公司,民营,20-99人,本科,3-5年,"HTML, Java, 微服务架构, 小程序开发",技术-后端开发-PHP,2026-05-20 17:31:52,10.0,20.0,15.0,12.0,180.0,monthly,广州,天河,猎德,民营,20-99人,未知,技术,后端开发,PHP
PHP开发工程师(中高级),1.1-1.6万,广州·海珠·琶洲,广东善世企业服务集团有限公司,民营,100-299人,本科,3-5年,"后端开发, Laravel, PHP, 微服务架构, MySQL, Redis",技术-后端开发-PHP,2026-05-20 17:31:52,11.0,16.0,13.5,12.0,162.0,monthly,广州,海珠,琶洲,民营,100-299人,未知,技术,后端开发,PHP
php后端开发工程师,1-1.5万,广州·白云·大源,广东七件事网络科技有限公司,民营,100-299人,本科,1-3年,"中级软件工程师, 后端开发, 小程序开发, MVC开发, 多进程",技术-后端开发-PHP,2026-05-20 17:31:52,10.0,15.0,12.5,12.0,150.0,monthly,广州,白云,大源,民营,100-299人,未知,技术,后端开发,PHP
php程序员,1.2-1.3万,广州·天河·元岗,广州瀚信,股份制企业,1000-9999人,大专,经验不限,"Laravel, ThinkPHP, MySQL, 后端开发, 通信增值服务系统开发",技术-后端开发-PHP,2026-05-20 17:31:52,12.0,13.0,12.5,12.0,150.0,monthly,广州,天河,元岗,股份制企业,1000-9999人,未知,技术,后端开发,PHP
PHP程序员,1.2-1.3万,广州·海珠·赤岗,盛视科技,上市公司,500-999人,本科,3-5年,"Laravel, ThinkPHP, MySQL, Redis, 后端开发",技术-后端开发-PHP,2026-05-20 17:31:52,12.0,13.0,12.5,12.0,150.0,monthly,广州,海珠,赤岗,上市公司,500-999人,未知,技术,后端开发,PHP
php开发程序员,1.2-1.3万,广州·天河·五山,广州市凯泽利科技有限公司,民营,100-299人,大专,3-5年,"MySQL, Laravel, ThinkPHP, Linux, 后端开发",技术-后端开发-PHP,2026-05-20 17:31:52,12.0,13.0,12.5,12.0,150.0,monthly,广州,天河,五山,民营,100-299人,未知,技术,后端开发,PHP
php开发工程师,1-1.5万,广州·海珠·琶洲,广东善世企业服务集团有限公司,民营,100-299人,本科,3-5年,"后端开发, PHP, Laravel, 微服务架构, Redis, MySQL",技术-后端开发-PHP,2026-05-20 17:31:53,10.0,15.0,12.5,12.0,150.0,monthly,广州,海珠,琶洲,民营,100-299人,未知,技术,后端开发,PHP
前端工程师,1.1-1.3万,广州·黄埔·穗东,广州素目形象设计有限公司,20-99人,美发/美容,本科,经验不限,"CSS, JavaScript, HTML5, Vue, React, 前端工程化",技术-后端开发-PHP,2026-05-20 17:31:53,11.0,13.0,12.0,12.0,144.0,monthly,广州,黄埔,穗东,美发/美容,20-99人,未知,技术,后端开发,PHP
PHP,8000-13000元,广州·白云·六榕,长沙恩欣科技有限公司,20-99人,软件/IT服务,学历不限,经验不限,,技术-后端开发-PHP,2026-05-20 17:31:51,8.0,13.0,10.5,12.0,126.0,monthly,广州,白云,六榕,软件/IT服务,20-99人,未知,技术,后端开发,PHP
PHP,8000-13000元,广州·天河·北京街道,海南倍素科技有限公司,20-99人,软件/IT服务,学历不限,经验不限,,技术-后端开发-PHP,2026-05-20 17:31:51,8.0,13.0,10.5,12.0,126.0,monthly,广州,天河,北京街道,软件/IT服务,20-99人,未知,技术,后端开发,PHP
php开发工程师,8000-12000元,广州·番禺·大石,广东省博研通科技服务有限公司,民营,20人以下,本科,3-5年,"PHP, 负载均衡技术, Socket技术, 消息队列, 后端开发",技术-后端开发-PHP,2026-05-20 17:31:52,8.0,12.0,10.0,12.0,120.0,monthly,广州,番禺,大石,民营,20人以下,未知,技术,后端开发,PHP
php软件开发工程师+薪资7千-1.3万，有项目绩效,7000-13000元,广州·黄埔·联和,广州三川控制系统工程设备有限公司,民营,20-99人,本科,1-3年,"SQL, 算法基础, 数据结构, 多进程",技术-后端开发-PHP,2026-05-20 17:31:52,7.0,13.0,10.0,12.0,120.0,monthly,广州,黄埔,联和,民营,20-99人,未知,技术,后端开发,PHP
php工程师，软件开发工程师,6000-12000元,广州·越秀·华乐,广州加利华投资咨询有限公司,外商独资,20人以下,大专,1-3年,软件工程师,技术-后端开发-PHP,2026-05-20 17:31:53,6.0,12.0,9.0,12.0,108.0,monthly,广州,越秀,华乐,外商独资,20人以下,未知,技术,后端开发,PHP
php开发工程师,7000-8000元,广州·从化·街口,海南睿诚项目管理有限公司,20-99人,技术服务,学历不限,1-3年,Python,技术-后端开发-PHP,2026-05-20 17:31:51,7.0,8.0,7.5,12.0,90.0,monthly,广州,从化,街口,技术服务,20-99人,未知,技术,后端开发,PHP
五险一金|PHP全栈开发工程师 双休,6000-8000元,广州·南沙·南沙,中创思潮(广东)人工智能研究有限公司,20-99人,人工智能,本科,3-5年,"全栈开发, 软件工程师, ThinkPHP, Python, C#, Java",技术-后端开发-PHP,2026-05-20 17:31:51,6.0,8.0,7.0,12.0,84.0,monthly,广州,南沙,南沙,人工智能,20-99人,未知,技术,后端开发,PHP
初中级 PHP + Java Web 开发工程师,5000-9000元,广州·天河·新塘,智企无忧(广州)技术有限公司,民营,20-99人,大专,1-3年,Java,技术-后端开发-PHP,2026-05-20 17:31:51,5.0,9.0,7.0,12.0,84.0,monthly,广州,天河,新塘,民营,20-99人,未知,技术,后端开发,PHP
php后台开发,3000-6000元,广州·越秀·大塘,广州市耀客服饰有限公司,民营,20人以下,学历不限,经验不限,后端开发,技术-后端开发-PHP,2026-05-20 17:31:52,3.0,6.0,4.5,12.0,54.0,monthly,广州,越秀,大塘,民营,20人以下,未知,技术,后端开发,PHP
软件开发工程师(C/C++/ Java/Python),2-2.8万·16薪,广州·白云·松洲,外企德科数字技术有限公司,合资,10000人以上,本科,经验不限,"C语言, Java, Python",技术-后端开发-Python,2026-05-20 17:27:00,20.0,28.0,24.0,16.0,384.0,monthly,广州,白云,松洲,合资,10000人以上,未知,技术,后端开发,Python
C/C++/Java/Python/JS软件开发/算法/数据,1.7-3万·15薪,广州·白云·松洲,外企德科数字技术有限公司,合资,10000人以上,本科,经验不限,"Java, Python, C语言",技术-后端开发-Python,2026-05-20 17:27:04,17.0,30.0,23.5,15.0,352.5,monthly,广州,白云,松洲,合资,10000人以上,未知,技术,后端开发,Python
软件开发工程师（Java、Python、C++），应届生亦可培养。,1.5-3万·14薪,广州·白云·松洲,外企德科数字技术有限公司,合资,10000人以上,本科,经验不限,"JavaScript, Python, C++, Spring, MySQL",技术-后端开发-Python,2026-05-20 17:26:54,15.0,30.0,22.5,14.0,315.0,monthly,广州,白云,松洲,合资,10000人以上,未知,技术,后端开发,Python
C/C++/Java/JS/Python软开（接受断档25届）,1.5-3万,广州·天河·棠下,外企德科数字技术有限公司,合资,10000人以上,本科,经验不限,"JavaScript, Python, C++, Spring, MySQL",技术-后端开发-Python,2026-05-20 17:26:56,15.0,30.0,22.5,12.0,270.0,monthly,广州,天河,棠下,合资,10000人以上,未知,技术,后端开发,Python
Java/C++/python/c/算法岗位,1.5-3万,广州·白云·松洲,外企德科数字技术有限公司,合资,10000人以上,本科,经验不限,,技术-后端开发-Python,2026-05-20 17:26:59,15.0,30.0,22.5,12.0,270.0,monthly,广州,白云,松洲,合资,10000人以上,未知,技术,后端开发,Python
Python后端开发工程师,1.5-2.5万,广州·天河·冼村,广州广电国际技术有限公司,国企,20-99人,本科,3-5年,"JavaScript, PHP, Java",技术-后端开发-Python,2026-05-20 17:27:04,15.0,25.0,20.0,12.0,240.0,monthly,广州,天河,冼村,国企,20-99人,未知,技术,后端开发,Python
Java/python/C /C++开发工程师/测试工程师,1.5-2万·14薪,广州·白云·松洲,外企德科数字技术有限公司,合资,10000人以上,本科,1-3年,"自动化测试, 系统测试, 软件测试",技术-后端开发-Python,2026-05-20 17:27:03,15.0,20.0,17.5,14.0,245.0,monthly,广州,白云,松洲,合资,10000人以上,未知,技术,后端开发,Python
python测试开发（硬件产品方向）,1.5-1.8万,广州·南沙·黄阁,上海杰艾企业管理咨询有限公司,外商独资,500-999人,大专,5-10年,"Python, 嵌入式",技术-后端开发-Python,2026-05-20 17:26:54,15.0,18.0,16.5,12.0,198.0,monthly,广州,南沙,黄阁,外商独资,500-999人,未知,技术,后端开发,Python
AI算法开发（Python方向）,1.2-1.9万,广州·花都·新华,达普信,股份制企业,100-299人,大专,5-10年,"深度学习, 机器学习, 机器视觉, 自然语言处理, 搜索/推荐算法",技术-后端开发-Python,2026-05-20 17:26:57,12.0,19.0,15.5,12.0,186.0,monthly,广州,花都,新华,股份制企业,100-299人,未知,技术,后端开发,Python
python后端开发（双休/国企/长期）,1.3-1.8万,广州·黄埔·联和,拓保软件,民营,1000-9999人,本科,5-10年,"Java, Django, MySQL",技术-后端开发-Python,2026-05-20 17:26:58,13.0,18.0,15.5,12.0,186.0,monthly,广州,黄埔,联和,民营,1000-9999人,未知,技术,后端开发,Python
python爬虫工程师,1.4-1.6万,广州·黄埔·联和,彩讯科技股份有限公司,上市公司,1000-9999人,本科,3-5年,"Python, 爬虫开发",技术-后端开发-Python,2026-05-20 17:27:01,14.0,16.0,15.0,12.0,180.0,monthly,广州,黄埔,联和,上市公司,1000-9999人,未知,技术,后端开发,Python
全栈开发工程师（Python + Vue）,1.2-1.6万,广州·黄埔·夏港,广州九路科技有限公司,民营,100-299人,本科,3-5年,"Python, 前端开发, Vue",技术-后端开发-Python,2026-05-20 17:27:00,12.0,16.0,14.0,12.0,168.0,monthly,广州,黄埔,夏港,民营,100-299人,未知,技术,后端开发,Python
Python Developer ID201877,1.2-1.5万,广州·天河·林和,汇丰环球,外商独资,10000人以上,本科,3-5年,,技术-后端开发-Python,2026-05-20 17:26:55,12.0,15.0,13.5,12.0,162.0,monthly,广州,天河,林和,外商独资,10000人以上,未知,技术,后端开发,Python
python,1.3-1.4万,广州·番禺·化龙,大连运筹科技有限公司,合资,20-99人,大专,3-5年,"Python, Odoo",技术-后端开发-Python,2026-05-20 17:27:06,13.0,14.0,13.5,12.0,162.0,monthly,广州,番禺,化龙,合资,20-99人,未知,技术,后端开发,Python
Python,1-1.2万,广州·天河·林和,广州全讯软件科技有限公司,民营,20-99人,中专/中技,1-3年,"PostgreSQL, MySQL",技术-后端开发-Python,2026-05-20 17:26:59,10.0,12.0,11.0,12.0,132.0,monthly,广州,天河,林和,民营,20-99人,未知,技术,后端开发,Python
python编程老师（数据分析方向）,8000-13000元,广州·海珠·新港,广州数猎科技有限公司,民营,20-99人,本科,经验不限,"Python, Java, SQL, 授课老师, 线上教育, 教育经验",技术-后端开发-Python,2026-05-20 17:26:56,8.0,13.0,10.5,12.0,126.0,monthly,广州,海珠,新港,民营,20-99人,未知,技术,后端开发,Python
Python 全栈开发工程师,6000-12000元,广州·黄埔·九佛,康方生物,上市公司,1000-9999人,本科,经验不限,"Django, Flask, MySQL, Redis, Python, Vue",技术-后端开发-Python,2026-05-20 17:27:05,6.0,12.0,9.0,12.0,108.0,monthly,广州,黄埔,九佛,上市公司,1000-9999人,未知,技术,后端开发,Python
软件开发工程师(CAD/python),3000-6000元,广州·南沙·龙穴,广州卓普工程设计有限公司,20-99人,建筑/土木/市政设计,学历不限,经验不限,,技术-后端开发-Python,2026-05-20 17:27:03,3.0,6.0,4.5,12.0,54.0,monthly,广州,南沙,龙穴,建筑/土木/市政设计,20-99人,未知,技术,后端开发,Python
Python工程师(线上兼职),2000-4000元,广州·海珠·赤岗,河南九页科技有限公司,民营,20-99人,本科,经验不限,"Java, Python, MATLAB, Django, MySQL, 深度学习",技术-后端开发-Python,2026-05-20 17:27:02,2.0,4.0,3.0,12.0,36.0,monthly,广州,海珠,赤岗,民营,20-99人,未知,技术,后端开发,Python
Python 后端开发实习生（GIS 数据处理方向）,85-100元/天,广州·越秀·北京街道,广州市交通规划研究院有限公司,事业单位,100-299人,本科,经验不限,MySQL,技术-后端开发-Python,2026-05-20 17:27:06,1.85,2.17,2.01,12.0,24.14,daily,广州,越秀,北京街道,事业单位,100-299人,未知,技术,后端开发,Python
数据研发专家,1.5-2.5万,广州·天河·天河南,广州昌盛林运品牌管理有限公司,500-999人,食品/饮料/酒水批发/零售/贸易,本科,3-5年,"数仓开发, 数据采集, ETL开发, 数据清洗, 数据治理, Python",技术-数据-数据挖掘,2026-05-20 18:06:46,15.0,25.0,20.0,12.0,240.0,monthly,广州,天河,天河南,食品/饮料/酒水批发/零售/贸易,500-999人,未知,技术,数据,数据挖掘
数据工程师（天津）,1.4-1.5万,广州·越秀·黄花岗,广东南油服务有限公司,国企,1000-9999人,本科,3-5年,"Hadoop, Spark",技术-数据-数据挖掘,2026-05-20 18:06:47,14.0,15.0,14.5,12.0,174.0,monthly,广州,越秀,黄花岗,国企,1000-9999人,未知,技术,数据,数据挖掘
数据开发（银行经验）,1-1.6万,广州·天河·员村,深圳市睿服科技有限公司,股份制企业,1000-9999人,本科,3-5年,"Shell, Sql, Python, Flink, Spark, Hadoop, 数据开发",技术-数据-数据挖掘,2026-05-20 18:06:46,10.0,16.0,13.0,12.0,156.0,monthly,广州,天河,员村,股份制企业,1000-9999人,未知,技术,数据,数据挖掘
数据开发（紧急招聘）,1.1-1.5万,广州·黄埔·联和,北京神州数字科技有限公司,上市公司,10000人以上,本科,3-5年,"ETL, 数据库开发, 数据仓库, Sql, Python, Hadoop, Flink",技术-数据-数据挖掘,2026-05-20 18:06:47,11.0,15.0,13.0,12.0,156.0,monthly,广州,黄埔,联和,上市公司,10000人以上,未知,技术,数据,数据挖掘
数据开发工程师,1-1.5万,广州·天河·新塘,广州图灵科技有限公司,股份制企业,20-99人,本科,3-5年,"Sql, Spark",技术-数据-数据挖掘,2026-05-20 18:06:46,10.0,15.0,12.5,12.0,150.0,monthly,广州,天河,新塘,股份制企业,20-99人,未知,技术,数据,数据挖掘
数据工程师,8000-16000元,广州·天河·林和,杭州优灿科技有限公司,合资,500-999人,学历不限,3-5年,"ETL, 数据库开发, 数据建模, Python, Sql, Flink, 英语",技术-数据-数据挖掘,2026-05-20 18:06:47,8.0,16.0,12.0,12.0,144.0,monthly,广州,天河,林和,合资,500-999人,未知,技术,数据,数据挖掘
电能量数据分析与挖掘,9000-12000元,广州·黄埔·联和,广州仁合时创信息技术有限公司,民营,500-999人,大专,1-3年,"SQL Server, Oracle, SQL, MySQL, R语言, Python",技术-数据-数据挖掘,2026-05-20 18:06:45,9.0,12.0,10.5,12.0,126.0,monthly,广州,黄埔,联和,民营,500-999人,未知,技术,数据,数据挖掘
数据开发,8000-13000元,广州·荔湾·北京街道,长沙恩欣科技有限公司,20-99人,软件/IT服务,学历不限,经验不限,,技术-数据-数据挖掘,2026-05-20 18:06:46,8.0,13.0,10.5,12.0,126.0,monthly,广州,荔湾,北京街道,软件/IT服务,20-99人,未知,技术,数据,数据挖掘
数据开发,8000-13000元,广州·荔湾·北京街道,海南倍素科技有限公司,20-99人,软件/IT服务,学历不限,经验不限,,技术-数据-数据挖掘,2026-05-20 18:06:46,8.0,13.0,10.5,12.0,126.0,monthly,广州,荔湾,北京街道,软件/IT服务,20-99人,未知,技术,数据,数据挖掘
计算机老师(数据分析方向·提供系统培训),8000-13000元,广州·海珠·新港,广州数猎科技有限公司,民营,20-99人,本科,1-3年,"Python, Java, MySQL, 线上教学, 辅导答疑, 计算机相关专业",技术-数据-数据挖掘,2026-05-20 18:06:46,8.0,13.0,10.5,12.0,126.0,monthly,广州,海珠,新港,民营,20-99人,未知,技术,数据,数据挖掘
数据治理（联通项目+全额五险一金+周末双休）,1-1.1万,广州·天河·棠下,软通动力信息技术(集团)股份有限公司,上市公司,10000人以上,大专,1-3年,"数据治理, ETL, 数据库开发",技术-数据-数据挖掘,2026-05-20 18:06:47,10.0,11.0,10.5,12.0,126.0,monthly,广州,天河,棠下,上市公司,10000人以上,未知,技术,数据,数据挖掘
数据管理工程师(应届/实习),8000-12000元,广州·海珠·琶洲,广州市利联贸易有限公司,民营,100-299人,本科,经验不限,"数据挖掘, 数据建模, Sql, Java, Python, WEB, 数据治理",技术-数据-数据挖掘,2026-05-20 18:06:46,8.0,12.0,10.0,12.0,120.0,monthly,广州,海珠,琶洲,民营,100-299人,未知,技术,数据,数据挖掘
数据分析师（双休+五险）,8000-12000元,广州·天河·冼村,四川允升鸣谦企业管理有限公司,民营,100-299人,本科,经验不限,"Sql, 报表开发, HR数据分析, 数据体系建设, 业务流程优化",技术-数据-数据挖掘,2026-05-20 18:06:47,8.0,12.0,10.0,12.0,120.0,monthly,广州,天河,冼村,民营,100-299人,未知,技术,数据,数据挖掘
数据治理工程师（医疗行业）,9000-10000元,广州·天河·棠下,软通动力信息技术(集团)股份有限公司,上市公司,10000人以上,大专,3-5年,"数据治理, 数据库开发, 医院系统, 医院院内系统",技术-数据-数据挖掘,2026-05-20 18:06:47,9.0,10.0,9.5,12.0,114.0,monthly,广州,天河,棠下,上市公司,10000人以上,未知,技术,数据,数据挖掘
数据运营岗（物业住宅）,8000-10000元·13薪,广州·黄埔·联和,龙湖集团,上市公司,10000人以上,大专,1-3年,,技术-数据-数据挖掘,2026-05-20 18:06:46,8.0,10.0,9.0,13.0,117.0,monthly,广州,黄埔,联和,上市公司,10000人以上,未知,技术,数据,数据挖掘
数据服务开发工程师,7000-9000元,广州·越秀·建设街道,广东广安信息发展公司,其它,100-299人,本科,1-3年,"数据架构, Sql, Java, Hadoop, Flink, Spark",技术-数据-数据挖掘,2026-05-20 18:06:47,7.0,9.0,8.0,12.0,96.0,monthly,广州,越秀,建设街道,其它,100-299人,未知,技术,数据,数据挖掘
AI.数据分析,5000-8000元,广州·海珠·官洲,华信设计,国企,1000-9999人,大专,1-3年,"MySQL, 深度学习",技术-数据-数据挖掘,2026-05-20 18:06:47,5.0,8.0,6.5,12.0,78.0,monthly,广州,海珠,官洲,国企,1000-9999人,未知,技术,数据,数据挖掘
数据分析师6K,5000-6000元,广州·海珠·凤阳,郑州市二七区宝林更好的目标零售铺(个体工商户),20人以下,综合商贸,本科,经验不限,"数据挖掘, 数据治理, 报表开发, Python",技术-数据-数据挖掘,2026-05-20 18:06:45,5.0,6.0,5.5,12.0,66.0,monthly,广州,海珠,凤阳,综合商贸,20人以下,未知,技术,数据,数据挖掘
数据科学实习生(创新数据分析方向) ID208057,150-200元/天,广州·天河·林和,汇丰环球,外商独资,10000人以上,本科,经验不限,数据治理,技术-数据-数据挖掘,2026-05-20 18:06:46,3.26,4.35,3.81,12.0,45.67,daily,广州,天河,林和,外商独资,10000人以上,未知,技术,数据,数据挖掘
数据工程师,面议,广州·黄埔·联和,东华软件股份公司,上市公司,1000-9999人,本科,3-5年,"ETL, 数据仓库, Sql",技术-数据-数据挖掘,2026-05-20 18:06:46,,,,,,negotiable,广州,黄埔,联和,上市公司,1000-9999人,未知,技术,数据,数据挖掘
高级整机测试工程师（仪器）,1.4-2万·14薪,广州·番禺·南村,广州市华粤行仪器有限公司,外商独资,500-999人,本科,3-5年,医疗仪器,技术-测试-测试工程师,2026-05-20 18:15:54,14.0,20.0,17.0,14.0,238.0,monthly,广州,番禺,南村,外商独资,500-999人,未知,技术,测试,测试工程师
硬件测试工程师,1.5-1.8万·13薪,广州·黄埔·云埔,广州视源电子科技股份有限公司,民营,1000-9999人,本科,1-3年,"电源测试, 主板测试, 性能测试, 功能测试, 示波器, 万用表",技术-测试-测试工程师,2026-05-20 18:15:54,15.0,18.0,16.5,13.0,214.5,monthly,广州,黄埔,云埔,民营,1000-9999人,未知,技术,测试,测试工程师
硬件测试工程师,1.5-1.8万,广州·南沙·万顷沙,广州市汇英科技有限公司,民营,100-299人,大专,1-3年,"车载测试, 示波器, 万用表",技术-测试-测试工程师,2026-05-20 18:15:54,15.0,18.0,16.5,12.0,198.0,monthly,广州,南沙,万顷沙,民营,100-299人,未知,技术,测试,测试工程师
测试工程师,1.3-1.6万,广州·天河·冼村,深圳市法本信息技术股份有限公司,上市公司,1000-9999人,本科,3-5年,Python,技术-测试-测试工程师,2026-05-20 18:15:52,13.0,16.0,14.5,12.0,174.0,monthly,广州,天河,冼村,上市公司,1000-9999人,未知,技术,测试,测试工程师
软件测试工程师,1.3-1.6万,广州·花都·秀全,武汉宏元数码科技有限公司,20-99人,软件/IT服务,大专,经验不限,"功能测试, 性能测试, 自动化测试, Python, Java, Selenium",技术-测试-测试工程师,2026-05-20 18:15:53,13.0,16.0,14.5,12.0,174.0,monthly,广州,花都,秀全,软件/IT服务,20-99人,未知,技术,测试,测试工程师
Technical Officer（NICE 测试工程师）,9000-18000元,广州·南沙·东涌,香港科技大学(广州),事业单位,1000-9999人,硕士,经验不限,测试工程师,技术-测试-测试工程师,2026-05-20 18:15:54,9.0,18.0,13.5,12.0,162.0,monthly,广州,南沙,东涌,事业单位,1000-9999人,未知,技术,测试,测试工程师
渗透测试工程师（中级）,1-1.7万,广州·天河·五山,广东省信息安全测评中心,事业单位,100-299人,本科,3-5年,"信息安全, 漏洞挖掘",技术-测试-测试工程师,2026-05-20 18:15:54,10.0,17.0,13.5,12.0,162.0,monthly,广州,天河,五山,事业单位,100-299人,未知,技术,测试,测试工程师
电源开发/测试工程师,1.2-1.5万,广州·天河·冼村,软通动力信息技术(集团)股份有限公司,上市公司,10000人以上,本科,3-5年,"研发, 电源设计, 测试, 硬件测试, 电源测试, 蓄电池, 逆变器",技术-测试-测试工程师,2026-05-20 18:16:13,12.0,15.0,13.5,12.0,162.0,monthly,广州,天河,冼村,上市公司,10000人以上,未知,技术,测试,测试工程师
初级软件测试工程师,1-1.5万,广州·海珠·赤岗,广州通信研究所(中国电子科技集团公司第七研究所),事业单位,1000-9999人,本科,1-3年,"自动化测试, 系统测试, 性能测试, C, C++, FPGA",技术-测试-测试工程师,2026-05-20 18:15:53,10.0,15.0,12.5,12.0,150.0,monthly,广州,海珠,赤岗,事业单位,1000-9999人,未知,技术,测试,测试工程师
软件测试工程师,1-1.5万,广州·天河·新塘,广州图灵科技有限公司,股份制企业,20-99人,本科,3-5年,"Python, C/C++, Oracle, 接口自动化测试, 性能测试",技术-测试-测试工程师,2026-05-20 18:15:53,10.0,15.0,12.5,12.0,150.0,monthly,广州,天河,新塘,股份制企业,20-99人,未知,技术,测试,测试工程师
硬件测试工程师,1-1.5万·14薪,广州·番禺,深圳菲亚兰德科技集团股份有限公司,民营,1000-9999人,本科,5-10年,"整机测试, 功能测试, 可靠性测试",技术-测试-测试工程师,2026-05-20 18:15:54,10.0,15.0,12.5,14.0,175.0,monthly,广州,番禺,,民营,1000-9999人,未知,技术,测试,测试工程师
汽车硬件测试工程师（双休+包住）,1-1.5万,广州·南沙·万顷沙,广州市汇英科技有限公司,民营,100-299人,大专,1-3年,"主板测试, 示波器, 万用表",技术-测试-测试工程师,2026-05-20 18:16:22,10.0,15.0,12.5,12.0,150.0,monthly,广州,南沙,万顷沙,民营,100-299人,未知,技术,测试,测试工程师
AI智能座舱测试工程师,8000-15000元·15薪,广州·番禺,广电计量,国企,1000-9999人,本科,1-3年,"硬件测试, 软件测试, 系统测试",技术-测试-测试工程师,2026-05-20 18:15:53,8.0,15.0,11.5,15.0,172.5,monthly,广州,番禺,,国企,1000-9999人,未知,技术,测试,测试工程师
车载测试工程师（单元测试）,1-1.3万,广州·番禺·化龙,广州市汇英科技有限公司,民营,100-299人,本科,1-3年,"单元测试, 白盒测试, 动态测试, 静态测试, Python, C/C++",技术-测试-测试工程师,2026-05-20 18:15:54,10.0,13.0,11.5,12.0,138.0,monthly,广州,番禺,化龙,民营,100-299人,未知,技术,测试,测试工程师
测试工程师,9000-12000元,广州·黄埔·联和,彩讯科技股份有限公司,上市公司,1000-9999人,本科,3-5年,"功能测试, 性能测试, 系统测试",技术-测试-测试工程师,2026-05-20 18:15:53,9.0,12.0,10.5,12.0,126.0,monthly,广州,黄埔,联和,上市公司,1000-9999人,未知,技术,测试,测试工程师
移动端测试工程师,1-1.1万,广州·天河·前进街道,广东利元亨智能装备股份有限公司,股份制企业,1000-9999人,本科,1-3年,"功能测试, 性能测试, Android测试, Appium, Selenium",技术-测试-测试工程师,2026-05-20 18:15:53,10.0,11.0,10.5,12.0,126.0,monthly,广州,天河,前进街道,股份制企业,1000-9999人,未知,技术,测试,测试工程师
化学测试工程师,7000-14000元,广州·南沙·东涌,Bureau Veritas,外商独资,10000人以上,硕士,1-3年,"气相色谱仪, 液相色谱仪, 离子色谱仪",技术-测试-测试工程师,2026-05-20 18:15:54,7.0,14.0,10.5,12.0,126.0,monthly,广州,南沙,东涌,外商独资,10000人以上,未知,技术,测试,测试工程师
测试工程师（广州）,8000-10000元,广州·海珠·官洲,软通动力信息技术(集团)股份有限公司,上市公司,10000人以上,本科,3-5年,"Postman, 功能测试, 接口测试",技术-测试-测试工程师,2026-05-20 18:15:53,8.0,10.0,9.0,12.0,108.0,monthly,广州,海珠,官洲,上市公司,10000人以上,未知,技术,测试,测试工程师
整机产品验证与测试工程师,7000-10000元,广州·黄埔·云埔,SGS,合资,10000人以上,本科,1-3年,"整机测试, 检测/认证",技术-测试-测试工程师,2026-05-20 18:15:53,7.0,10.0,8.5,12.0,102.0,monthly,广州,黄埔,云埔,合资,10000人以上,未知,技术,测试,测试工程师
测试工程师,6000-8000元,广州·天河·冼村,广东视通科技有限公司,国企,20-99人,本科,1-3年,"软件测试, 硬件测试, 系统测试",技术-测试-测试工程师,2026-05-20 18:15:53,6.0,8.0,7.0,12.0,84.0,monthly,广州,天河,冼村,国企,20-99人,未知,技术,测试,测试工程师
软件测试工程师,5000-9000元,广州·天河·联和,广州澳盾智能科技有限公司,民营,20-99人,本科,3-5年,"功能测试, 系统测试, 性能测试",技术-测试-测试工程师,2026-05-20 18:15:53,5.0,9.0,7.0,12.0,84.0,monthly,广州,天河,联和,民营,20-99人,未知,技术,测试,测试工程师
EMC测试工程师,4000-6000元,广州·黄埔·联和,广州弘诺检测技术有限公司,民营,20-99人,大专,经验不限,"电磁兼容测试, 电磁兼容检测, 电磁兼容整改",技术-测试-测试工程师,2026-05-20 18:16:13,4.0,6.0,5.0,12.0,60.0,monthly,广州,黄埔,联和,民营,20-99人,未知,技术,测试,测试工程师
软件测试工程师,面议,广州·番禺·化龙,中软国际,上市公司,10000人以上,本科,5-10年,"Java, Python, Jmeter, LoadRunner, Shell, 自动化测试",技术-测试-测试工程师,2026-05-20 18:15:52,,,,,,negotiable,广州,番禺,化龙,上市公司,10000人以上,未知,技术,测试,测试工程师
软件开发&软件测试（应届生可投）,1.5-3万·14薪,广州·白云·松洲,科锐尔人力资源服务(苏州)有限公司,上市公司,1000-9999人,本科,经验不限,"Java, Python, C/C++, 自动化测试, 软件测试",技术-测试-软件测试,2026-05-20 18:16:43,15.0,30.0,22.5,14.0,315.0,monthly,广州,白云,松洲,上市公司,1000-9999人,未知,技术,测试,软件测试
pc软件测试经理,1.6-1.7万,广州·天河·前进街道,广东利元亨智能装备股份有限公司,股份制企业,1000-9999人,本科,1-3年,"自动化测试, 性能测试, 软件测试, PC端工业软件测试",技术-测试-软件测试,2026-05-20 18:16:42,16.0,17.0,16.5,12.0,198.0,monthly,广州,天河,前进街道,股份制企业,1000-9999人,未知,技术,测试,软件测试
pc软件测试经理,1.6-1.7万,广州·海珠·凤阳,华龙讯达,股份制企业,300-499人,本科,1-3年,"软件测试, 性能测试, 黑盒测试",技术-测试-软件测试,2026-05-20 18:16:42,16.0,17.0,16.5,12.0,198.0,monthly,广州,海珠,凤阳,股份制企业,300-499人,未知,技术,测试,软件测试
软件测试工程师,1.2-1.8万·14薪,广州·天河·冼村,山东普罗世纪人力资源有限公司,民营,20-99人,大专,3-5年,"自动化测试, 性能测试",技术-测试-软件测试,2026-05-20 18:16:42,12.0,18.0,15.0,14.0,210.0,monthly,广州,天河,冼村,民营,20-99人,未知,技术,测试,软件测试
软件测试工程师,1.3-1.6万,广州·花都·秀全,武汉宏元数码科技有限公司,20-99人,软件/IT服务,大专,经验不限,"功能测试, 性能测试, 自动化测试, Python, Java, Selenium",技术-测试-软件测试,2026-05-20 18:16:42,13.0,16.0,14.5,12.0,174.0,monthly,广州,花都,秀全,软件/IT服务,20-99人,未知,技术,测试,软件测试
域控软件测试,1-1.8万,广州·花都·秀全,广州凯思轩达汽车科技有限公司,民营,500-999人,大专,经验不限,"Java, Python, C/C++",技术-测试-软件测试,2026-05-20 18:16:42,10.0,18.0,14.0,12.0,168.0,monthly,广州,花都,秀全,民营,500-999人,未知,技术,测试,软件测试
热管理软件测试,1.1-1.5万,广州·花都·秀全,深圳克莱蒙特科技有限公司,民营,500-999人,本科,3-5年,"自动化测试, 热管理, ECU, MATLAB/SIMULINK",技术-测试-软件测试,2026-05-20 18:16:43,11.0,15.0,13.0,12.0,156.0,monthly,广州,花都,秀全,民营,500-999人,未知,技术,测试,软件测试
初级软件测试工程师,1-1.5万,广州·海珠·赤岗,广州通信研究所(中国电子科技集团公司第七研究所),事业单位,1000-9999人,本科,1-3年,"自动化测试, 系统测试, 性能测试, C, C++, FPGA",技术-测试-软件测试,2026-05-20 18:16:42,10.0,15.0,12.5,12.0,150.0,monthly,广州,海珠,赤岗,事业单位,1000-9999人,未知,技术,测试,软件测试
软件测试工程师,1-1.5万,广州·天河·新塘,广州图灵科技有限公司,股份制企业,20-99人,本科,3-5年,"Python, C/C++, Oracle, 接口自动化测试, 性能测试",技术-测试-软件测试,2026-05-20 18:16:42,10.0,15.0,12.5,12.0,150.0,monthly,广州,天河,新塘,股份制企业,20-99人,未知,技术,测试,软件测试
软件测试,1.1-1.3万,广州·天河·猎德,宿迁华聚人力资源有限公司,100-299人,人力资源,大专,1-3年,"功能测试, 性能测试, 自动化测试, Python, Selenium",技术-测试-软件测试,2026-05-20 18:16:43,11.0,13.0,12.0,12.0,144.0,monthly,广州,天河,猎德,人力资源,100-299人,未知,技术,测试,软件测试
app软件测试助理工程师,8000-13000元,广州·天河·珠吉,深圳市易通伟智科技有限公司,100-299人,人工智能,大专,经验不限,"功能测试, Android测试, iOS测试, Appium, Postman",技术-测试-软件测试,2026-05-20 18:16:42,8.0,13.0,10.5,12.0,126.0,monthly,广州,天河,珠吉,人工智能,100-299人,未知,技术,测试,软件测试
软件测试-学信可查,9000-11000元,广州·天河·猎德,北京联合永道软件股份有限公司,民营,500-999人,大专,3-5年,"功能测试, 自动化测试, Python",技术-测试-软件测试,2026-05-20 18:16:41,9.0,11.0,10.0,12.0,120.0,monthly,广州,天河,猎德,民营,500-999人,未知,技术,测试,软件测试
软件测试,7000-12000元,广州·黄埔·联和,杭州东方通信软件技术有限公司,国企,500-999人,本科,经验不限,系统测试,技术-测试-软件测试,2026-05-20 18:16:41,7.0,12.0,9.5,12.0,114.0,monthly,广州,黄埔,联和,国企,500-999人,未知,技术,测试,软件测试
初级软件测试工程师,8000-10000元·13薪,广州·越秀·北京街道,南昌辰睿科技服务有限公司,民营,100-299人,本科,经验不限,"功能测试, JIRA, Postman, 回归测试, 测试环境搭建维护",技术-测试-软件测试,2026-05-20 18:16:43,8.0,10.0,9.0,13.0,117.0,monthly,广州,越秀,北京街道,民营,100-299人,未知,技术,测试,软件测试
软件测试工程师,8000-9000元,广州·海珠·琶洲,中电金信软件有限公司,国企,10000人以上,本科,1-3年,"Python, Android测试, 移动端自动化测试, Jmeter",技术-测试-软件测试,2026-05-20 18:16:41,8.0,9.0,8.5,12.0,102.0,monthly,广州,海珠,琶洲,国企,10000人以上,未知,技术,测试,软件测试
软件测试工程师（SC）,7000-8000元,广州·海珠·琶洲,广州仁合时创信息技术有限公司,民营,500-999人,本科,3-5年,"性能测试, 接口测试, 功能测试, Java, Python, SCRUM",技术-测试-软件测试,2026-05-20 18:16:43,7.0,8.0,7.5,12.0,90.0,monthly,广州,海珠,琶洲,民营,500-999人,未知,技术,测试,软件测试
软件测试工程师,5000-9000元,广州·天河·联和,广州澳盾智能科技有限公司,民营,20-99人,本科,3-5年,"功能测试, 系统测试, 性能测试",技术-测试-软件测试,2026-05-20 18:16:42,5.0,9.0,7.0,12.0,84.0,monthly,广州,天河,联和,民营,20-99人,未知,技术,测试,软件测试
CAE软件（结构）内核测试实习生,150-200元/天,广州·天河·车陂,中望软件,上市公司,1000-9999人,本科,经验不限,仿真,技术-测试-软件测试,2026-05-20 18:16:41,3.26,4.35,3.81,12.0,45.67,daily,广州,天河,车陂,上市公司,1000-9999人,未知,技术,测试,软件测试
软件测试实习生,2000-4000元,广州·黄埔·联和,杭州东方通信软件技术有限公司,国企,500-999人,本科,经验不限,,技术-测试-软件测试,2026-05-20 18:16:41,2.0,4.0,3.0,12.0,36.0,monthly,广州,黄埔,联和,国企,500-999人,未知,技术,测试,软件测试
软件测试工程师,面议,广州·番禺·化龙,中软国际,上市公司,10000人以上,本科,5-10年,"Java, Python, Jmeter, LoadRunner, Shell, 自动化测试",技术-测试-软件测试,2026-05-20 18:16:41,,,,,,negotiable,广州,番禺,化龙,上市公司,10000人以上,未知,技术,测试,软件测试
嵌入式硬件开发工程师 (多媒体方向),2-4万,广州·黄埔·联和,宏晶微电子科技股份有限公司,民营,100-299人,本科,3-5年,"多媒体方向, 音视频开发",电子/通信/半导体-硬件开发-嵌入式硬件,2026-05-20 18:39:18,20.0,40.0,30.0,12.0,360.0,monthly,广州,黄埔,联和,民营,100-299人,未知,电子/通信/半导体,硬件开发,嵌入式硬件
高级嵌入式硬件开发工程师,1.7-2.4万,广州·黄埔·联和,广州仁合时创信息技术有限公司,民营,500-999人,本科,5-10年,蓝牙、4G、5G射频模块,电子/通信/半导体-硬件开发-嵌入式硬件,2026-05-20 18:39:18,17.0,24.0,20.5,12.0,246.0,monthly,广州,黄埔,联和,民营,500-999人,未知,电子/通信/半导体,硬件开发,嵌入式硬件
医疗硬件嵌入式工程师,1.5-2.5万,广州·番禺·钟村,广州慧朴信息科技有限公司,民营,20人以下,本科,3-5年,"Altium Designer, Cadence, C/C++语言, 熟悉EMC设计规范",电子/通信/半导体-硬件开发-嵌入式硬件,2026-05-20 18:39:18,15.0,25.0,20.0,12.0,240.0,monthly,广州,番禺,钟村,民营,20人以下,未知,电子/通信/半导体,硬件开发,嵌入式硬件
嵌入式软件设计,1.5-2.5万,广州·黄埔·联和,广州海格通信,上市公司,1000-9999人,本科,经验不限,"C语言, C++",电子/通信/半导体-硬件开发-嵌入式硬件,2026-05-20 18:39:19,15.0,25.0,20.0,12.0,240.0,monthly,广州,黄埔,联和,上市公司,1000-9999人,未知,电子/通信/半导体,硬件开发,嵌入式硬件
嵌入式硬件工程师,1.4-2.5万,广州·白云·龙归,广州安谱瑞美容科技有限公司,民营,20-99人,大专,5-10年,美容仪器,电子/通信/半导体-硬件开发-嵌入式硬件,2026-05-20 18:39:18,14.0,25.0,19.5,12.0,234.0,monthly,广州,白云,龙归,民营,20-99人,未知,电子/通信/半导体,硬件开发,嵌入式硬件
嵌入式硬件工程师,1.2-2.4万,广州·黄埔·大沙,华科盈医疗科技(广州)有限公司,民营,20-99人,本科,5-10年,"ARM处理器, DSP",电子/通信/半导体-硬件开发-嵌入式硬件,2026-05-20 18:39:17,12.0,24.0,18.0,12.0,216.0,monthly,广州,黄埔,大沙,民营,20-99人,未知,电子/通信/半导体,硬件开发,嵌入式硬件
嵌入式硬件开发工程师,1.5-2万,广州·黄埔·联和,广州大铁锐威科技有限公司,民营,20-99人,本科,3-5年,单片机,电子/通信/半导体-硬件开发-嵌入式硬件,2026-05-20 18:39:17,15.0,20.0,17.5,12.0,210.0,monthly,广州,黄埔,联和,民营,20-99人,未知,电子/通信/半导体,硬件开发,嵌入式硬件
嵌入式硬件工程师,1.4-2万,广州·花都·秀全,深圳克莱蒙特科技有限公司,民营,500-999人,本科,3-5年,,电子/通信/半导体-硬件开发-嵌入式硬件,2026-05-20 18:39:17,14.0,20.0,17.0,12.0,204.0,monthly,广州,花都,秀全,民营,500-999人,未知,电子/通信/半导体,硬件开发,嵌入式硬件
嵌入式硬件工程师,1.5-1.8万·13薪,广州·番禺·钟村,广州市汐创科技有限公司,20人以下,半导体/芯片,本科,3-5年,"ARM处理器, DSP, FPGA, 驱动开发",电子/通信/半导体-硬件开发-嵌入式硬件,2026-05-20 18:39:18,15.0,18.0,16.5,13.0,214.5,monthly,广州,番禺,钟村,半导体/芯片,20人以下,未知,电子/通信/半导体,硬件开发,嵌入式硬件
嵌入式硬件工程师,1.1-2.2万·13薪,广州·荔湾·东漖,广州伟杰华科技发展有限公司,民营,20-99人,本科,3-5年,"ARM处理器, 独立设计研发",电子/通信/半导体-硬件开发-嵌入式硬件,2026-05-20 18:39:18,11.0,22.0,16.5,13.0,214.5,monthly,广州,荔湾,东漖,民营,20-99人,未知,电子/通信/半导体,硬件开发,嵌入式硬件
硬件工程师（中级）,1.2-2万,广州·海珠·官洲,广州瑞派医疗器械有限责任公司,民营,300-499人,本科,3-5年,"硬件测试, 技术支持, 设计, EMC设计",电子/通信/半导体-硬件开发-嵌入式硬件,2026-05-20 18:39:18,12.0,20.0,16.0,12.0,192.0,monthly,广州,海珠,官洲,民营,300-499人,未知,电子/通信/半导体,硬件开发,嵌入式硬件
嵌入式系统开发工程师,1-2万,广州·番禺·大石,广东省天嵌嵌入式技术股份有限公司,民营,20-99人,本科,1-3年,"C++, C语言, Linux系统",电子/通信/半导体-硬件开发-嵌入式硬件,2026-05-20 18:39:18,10.0,20.0,15.0,12.0,180.0,monthly,广州,番禺,大石,民营,20-99人,未知,电子/通信/半导体,硬件开发,嵌入式硬件
嵌入式硬件工程师,1-1.5万·13薪,广州·天河·五山,有新智能科技(广州)有限公司,民营,20-99人,本科,3-5年,"ARM处理器, 单片机, FPGA",电子/通信/半导体-硬件开发-嵌入式硬件,2026-05-20 18:39:17,10.0,15.0,12.5,13.0,162.5,monthly,广州,天河,五山,民营,20-99人,未知,电子/通信/半导体,硬件开发,嵌入式硬件
硬件设计工程师,1-1.5万,广州·南沙·万顷沙,广州市凯泽利科技有限公司,民营,100-299人,本科,经验不限,"硬件, 硬件设计, 车载硬件设计",电子/通信/半导体-硬件开发-嵌入式硬件,2026-05-20 18:39:18,10.0,15.0,12.5,12.0,150.0,monthly,广州,南沙,万顷沙,民营,100-299人,未知,电子/通信/半导体,硬件开发,嵌入式硬件
嵌入式硬件工程师,9000-15000元,广州,广州市腾惠超声波技术有限公司,20-99人,消费电子/智能硬件,本科,3-5年,"ARM处理器, DSP, FPGA",电子/通信/半导体-硬件开发-嵌入式硬件,2026-05-20 18:39:18,9.0,15.0,12.0,12.0,144.0,monthly,广州,未知,,消费电子/智能硬件,20-99人,未知,电子/通信/半导体,硬件开发,嵌入式硬件
嵌入式应用开发工程师（电力行业）,8000-16000元,广州·番禺·大石,广东省天嵌嵌入式技术股份有限公司,民营,20-99人,本科,1-3年,"C++, Modbus, CAN/CANFD, ADC",电子/通信/半导体-硬件开发-嵌入式硬件,2026-05-20 18:39:19,8.0,16.0,12.0,12.0,144.0,monthly,广州,番禺,大石,民营,20-99人,未知,电子/通信/半导体,硬件开发,嵌入式硬件
嵌入式硬件工程师,8000-14000元,广州·番禺·大石,广东省天嵌嵌入式技术股份有限公司,民营,20-99人,本科,1-3年,硬件工程师,电子/通信/半导体-硬件开发-嵌入式硬件,2026-05-20 18:39:17,8.0,14.0,11.0,12.0,132.0,monthly,广州,番禺,大石,民营,20-99人,未知,电子/通信/半导体,硬件开发,嵌入式硬件
电子硬件工程师,1-1.2万,广州·花都·秀全,武汉宏元数码科技有限公司,20-99人,软件/IT服务,大专,经验不限,"硬件测试, 硬件设计开发, 元器件选型验证, EDA工具应用",电子/通信/半导体-硬件开发-嵌入式硬件,2026-05-20 18:39:19,10.0,12.0,11.0,12.0,132.0,monthly,广州,花都,秀全,软件/IT服务,20-99人,未知,电子/通信/半导体,硬件开发,嵌入式硬件
嵌入式软件硬件测试工程师,5000-7000元,广州·黄埔·大沙,河南安吉斯智能科技有限公司,股份制企业,20-99人,学历不限,1-3年,,电子/通信/半导体-硬件开发-嵌入式硬件,2026-05-20 18:39:18,5.0,7.0,6.0,12.0,72.0,monthly,广州,黄埔,大沙,股份制企业,20-99人,未知,电子/通信/半导体,硬件开发,嵌入式硬件
嵌入式开发实习生,3000-5000元,广州·番禺·大石,广东省天嵌嵌入式技术股份有限公司,民营,20-99人,本科,经验不限,"C语言, C++",电子/通信/半导体-硬件开发-嵌入式硬件,2026-05-20 18:39:19,3.0,5.0,4.0,12.0,48.0,monthly,广州,番禺,大石,民营,20-99人,未知,电子/通信/半导体,硬件开发,嵌入式硬件
资深硬件工程师,2.8-5.5万·13薪,广州·番禺,广州安捷制造有限公司,股份制企业,300-499人,本科,经验不限,"电机驱动, 变频器, 空调外机",电子/通信/半导体-硬件开发-硬件工程师,2026-05-20 18:40:06,28.0,55.0,41.5,13.0,539.5,monthly,广州,番禺,,股份制企业,300-499人,未知,电子/通信/半导体,硬件开发,硬件工程师
资深硬件工程师,2-3.5万,广州·增城·中新,广州人来康复设备制造有限公司,民营,100-299人,本科,3-5年,"设计, 硬件测试, 技术支持, PCB设计, EMC设计, ARM研发",电子/通信/半导体-硬件开发-硬件工程师,2026-05-20 18:40:05,20.0,35.0,27.5,12.0,330.0,monthly,广州,增城,中新,民营,100-299人,未知,电子/通信/半导体,硬件开发,硬件工程师
大功率电源硬件工程师（广州）,1.8-3.5万,广州·黄埔·联和,广州金升阳科技有限公司,民营,1000-9999人,本科,5-10年,"ADDC/DCDC, BUCK/BOOST, PFC/LLC, 电源, 逆变器",电子/通信/半导体-硬件开发-硬件工程师,2026-05-20 18:40:05,18.0,35.0,26.5,12.0,318.0,monthly,广州,黄埔,联和,民营,1000-9999人,未知,电子/通信/半导体,硬件开发,硬件工程师
高级射频硬件工程师,2-3万,广州·黄埔·萝岗,广东国腾量子科技有限公司,民营,20-99人,本科,5-10年,"射频电路设计, PCB设计, 射频设计, 射频开发, 射频测试",电子/通信/半导体-硬件开发-硬件工程师,2026-05-20 18:40:04,20.0,30.0,25.0,12.0,300.0,monthly,广州,黄埔,萝岗,民营,20-99人,未知,电子/通信/半导体,硬件开发,硬件工程师
电力电子硬件工程师(J12465),1.5-2.5万·16薪,广州·番禺·南村,珠海冠宇电池股份有限公司,上市公司,10000人以上,本科,5-10年,"硬件开发, 电源, 逆变器, 变流器",电子/通信/半导体-硬件开发-硬件工程师,2026-05-20 18:40:04,15.0,25.0,20.0,16.0,320.0,monthly,广州,番禺,南村,上市公司,10000人以上,未知,电子/通信/半导体,硬件开发,硬件工程师
数字硬件工程师,1.5-2.5万,广州·番禺,广州思林杰科技股份有限公司,民营,100-299人,本科,3-5年,,电子/通信/半导体-硬件开发-硬件工程师,2026-05-20 18:40:05,15.0,25.0,20.0,12.0,240.0,monthly,广州,番禺,,民营,100-299人,未知,电子/通信/半导体,硬件开发,硬件工程师
车载硬件工程师,1.5-2.5万,广州·花都·新雅,广州市凯泽利科技有限公司,民营,100-299人,本科,经验不限,车载硬件设计,电子/通信/半导体-硬件开发-硬件工程师,2026-05-20 18:40:05,15.0,25.0,20.0,12.0,240.0,monthly,广州,花都,新雅,民营,100-299人,未知,电子/通信/半导体,硬件开发,硬件工程师
FPGA硬件工程师,1.5-2.5万,广州·黄埔·联和,广州海格通信集团股份有限公司,其它,500-999人,本科,3-5年,"Verilog, Unix, 网络协议, 芯片设计, 芯片开发, 芯片测试",电子/通信/半导体-硬件开发-硬件工程师,2026-05-20 18:40:05,15.0,25.0,20.0,12.0,240.0,monthly,广州,黄埔,联和,其它,500-999人,未知,电子/通信/半导体,硬件开发,硬件工程师
嵌入式硬件工程师,1.2-2.4万,广州·黄埔·大沙,华科盈医疗科技(广州)有限公司,民营,20-99人,本科,5-10年,"ARM处理器, DSP",电子/通信/半导体-硬件开发-硬件工程师,2026-05-20 18:40:05,12.0,24.0,18.0,12.0,216.0,monthly,广州,黄埔,大沙,民营,20-99人,未知,电子/通信/半导体,硬件开发,硬件工程师
硬件工程师,1.5-1.8万,广州·南沙·万顷沙,广州市汇英科技有限公司,民营,100-299人,大专,1-3年,"硬件测试, 设计, PCB设计, FPGA研发",电子/通信/半导体-硬件开发-硬件工程师,2026-05-20 18:40:05,15.0,18.0,16.5,12.0,198.0,monthly,广州,南沙,万顷沙,民营,100-299人,未知,电子/通信/半导体,硬件开发,硬件工程师
硬件工程师（中级）,1.2-2万,广州·海珠·官洲,广州瑞派医疗器械有限责任公司,民营,300-499人,本科,3-5年,"硬件测试, 技术支持, 设计, EMC设计",电子/通信/半导体-硬件开发-硬件工程师,2026-05-20 18:40:04,12.0,20.0,16.0,12.0,192.0,monthly,广州,海珠,官洲,民营,300-499人,未知,电子/通信/半导体,硬件开发,硬件工程师
中/高级硬件工程师,1.2-1.8万·14薪,广州·海珠·江海,广州广有通信设备有限公司,国企,100-299人,本科,3-5年,"设计, PCB设计",电子/通信/半导体-硬件开发-硬件工程师,2026-05-20 18:40:04,12.0,18.0,15.0,14.0,210.0,monthly,广州,海珠,江海,国企,100-299人,未知,电子/通信/半导体,硬件开发,硬件工程师
医疗器械硬件工程师,1-2万,广州·增城·中新,广州人来康复设备制造有限公司,民营,100-299人,本科,3-5年,"设计, 硬件测试, 技术支持, PCB设计, EMC设计, ARM研发",电子/通信/半导体-硬件开发-硬件工程师,2026-05-20 18:40:05,10.0,20.0,15.0,12.0,180.0,monthly,广州,增城,中新,民营,100-299人,未知,电子/通信/半导体,硬件开发,硬件工程师
fpga硬件工程师,1-2万,广州·增城·荔城,广州辉泰半导体科技有限公司,民营,20-99人,本科,3-5年,Verilog HDL,电子/通信/半导体-硬件开发-硬件工程师,2026-05-20 18:40:06,10.0,20.0,15.0,12.0,180.0,monthly,广州,增城,荔城,民营,20-99人,未知,电子/通信/半导体,硬件开发,硬件工程师
硬件工程师,1.1-1.5万,广州·南沙·万顷沙,广州市汇英科技有限公司,民营,100-299人,大专,1-3年,"射频测试, 信号测试, 主板测试, 示波器, 万用表",电子/通信/半导体-硬件开发-硬件工程师,2026-05-20 18:40:04,11.0,15.0,13.0,12.0,156.0,monthly,广州,南沙,万顷沙,民营,100-299人,未知,电子/通信/半导体,硬件开发,硬件工程师
硬件工程师,1-1.3万,广州·花都·秀全,武汉宏元数码科技有限公司,20-99人,软件/IT服务,大专,经验不限,"服务器运维, 网络运维, 桌面运维, 硬件设备维护, 硬件选型部署",电子/通信/半导体-硬件开发-硬件工程师,2026-05-20 18:40:04,10.0,13.0,11.5,12.0,138.0,monthly,广州,花都,秀全,软件/IT服务,20-99人,未知,电子/通信/半导体,硬件开发,硬件工程师
电子硬件工程师,1-1.2万,广州·花都·秀全,武汉宏元数码科技有限公司,20-99人,软件/IT服务,大专,经验不限,"硬件测试, 硬件设计开发, 元器件选型验证, EDA工具应用",电子/通信/半导体-硬件开发-硬件工程师,2026-05-20 18:40:04,10.0,12.0,11.0,12.0,132.0,monthly,广州,花都,秀全,软件/IT服务,20-99人,未知,电子/通信/半导体,硬件开发,硬件工程师
电子硬件工程师,7000-14000元,广州·黄埔·九佛,广州民鋆医疗科技发展有限公司,民营,20-99人,本科,3-5年,,电子/通信/半导体-硬件开发-硬件工程师,2026-05-20 18:40:04,7.0,14.0,10.5,12.0,126.0,monthly,广州,黄埔,九佛,民营,20-99人,未知,电子/通信/半导体,硬件开发,硬件工程师
电气硬件工程师,7000-10000元,广州·增城·中新,广东恒泰立华智能装备制造有限公司,民营,100-299人,大专,3-5年,"EPLAN, CAD, 电气图",电子/通信/半导体-硬件开发-硬件工程师,2026-05-20 18:40:05,7.0,10.0,8.5,12.0,102.0,monthly,广州,增城,中新,民营,100-299人,未知,电子/通信/半导体,硬件开发,硬件工程师
硬件工程师助理,7000-10000元·13薪,广州·越秀·北京街道,南昌辰睿科技服务有限公司,民营,100-299人,本科,经验不限,"硬件测试, PCB设计, 电路原理图绘制, 硬件技术文档编写",电子/通信/半导体-硬件开发-硬件工程师,2026-05-20 18:40:05,7.0,10.0,8.5,13.0,110.5,monthly,广州,越秀,北京街道,民营,100-299人,未知,电子/通信/半导体,硬件开发,硬件工程师
通信机房及数据中心电源系统设计工程师,9000-13000元,广州·天河·冼村,中讯邮电咨询设计院有限公司广东分公司,国企,20-99人,大专,3-5年,"电源, 研发, 测试",电子/通信/半导体-通信-数据通信工程师,2026-05-20 18:30:36,9.0,13.0,11.0,12.0,132.0,monthly,广州,天河,冼村,国企,20-99人,未知,电子/通信/半导体,通信,数据通信工程师
通信工程项目经理（广州市）,1-1.2万,广州·天河·棠下,江苏倚天通信科技发展有限公司,民营,100-299人,大专,3-5年,通信项目管理,电子/通信/半导体-通信-数据通信工程师,2026-05-20 18:30:36,10.0,12.0,11.0,12.0,132.0,monthly,广州,天河,棠下,民营,100-299人,未知,电子/通信/半导体,通信,数据通信工程师
通信工程资料员,6000-11000元,广州·天河·天河南,广州灏沣信息科技有限公司,100-299人,云计算,本科,1-3年,"工程建设资料, 工程竣工资料",电子/通信/半导体-通信-数据通信工程师,2026-05-20 18:30:37,6.0,11.0,8.5,12.0,102.0,monthly,广州,天河,天河南,云计算,100-299人,未知,电子/通信/半导体,通信,数据通信工程师
通信工程建设管理,6000-7000元,广州·天河·冼村,广东视通科技有限公司,国企,20-99人,大专,1-3年,"通信项目管理, 公文撰写, 报告撰写",电子/通信/半导体-通信-数据通信工程师,2026-05-20 18:30:36,6.0,7.0,6.5,12.0,78.0,monthly,广州,天河,冼村,国企,20-99人,未知,电子/通信/半导体,通信,数据通信工程师
通信工程结算审计员,3000-6000元,广州·越秀·黄花岗,广州市拓驰工程咨询有限公司,民营,20-99人,大专,经验不限,"安装工程, 弱电工程, 结算审计",电子/通信/半导体-通信-数据通信工程师,2026-05-20 18:30:36,3.0,6.0,4.5,12.0,54.0,monthly,广州,越秀,黄花岗,民营,20-99人,未知,电子/通信/半导体,通信,数据通信工程师
通信工程结算审计实习生,2000-4000元,广州·越秀·黄花岗,广州市拓驰工程咨询有限公司,民营,20-99人,大专,经验不限,"安装工程, 弱电工程, 结算审计",电子/通信/半导体-通信-数据通信工程师,2026-05-20 18:30:37,2.0,4.0,3.0,12.0,36.0,monthly,广州,越秀,黄花岗,民营,20-99人,未知,电子/通信/半导体,通信,数据通信工程师
汽车营销GTM专员-通信大厂外包,1.2-2万·13薪,广州·越秀·华乐,外企德科数字技术有限公司,合资,10000人以上,本科,1-3年,"广告/公关公司经验, 会展销售经验, 车展, 科技展",电子/通信/半导体-通信-通信技术工程师,2026-05-20 18:29:01,12.0,20.0,16.0,13.0,208.0,monthly,广州,越秀,华乐,合资,10000人以上,未知,电子/通信/半导体,通信,通信技术工程师
售前技术支持工程师,1-2万,广州·越秀·黄花岗,飞思达技术（北京）有限公司,上市公司,100-299人,本科,经验不限,"软件产品, 云服务产品, 售前技术支持, 解决方案",电子/通信/半导体-通信-通信技术工程师,2026-05-20 18:29:01,10.0,20.0,15.0,12.0,180.0,monthly,广州,越秀,黄花岗,上市公司,100-299人,未知,电子/通信/半导体,通信,通信技术工程师
海外技术支持工程师-通信行业,1-1.8万·13薪,广州·南沙·南沙,广州通则康威科技股份有限公司,股份制企业,300-499人,本科,1-3年,"英语, 海外出差, CPE",电子/通信/半导体-通信-通信技术工程师,2026-05-20 18:29:00,10.0,18.0,14.0,13.0,182.0,monthly,广州,南沙,南沙,股份制企业,300-499人,未知,电子/通信/半导体,通信,通信技术工程师
储备无线工程师,8000-16000元,广州·越秀·东山,北京智讯天成技术有限公司,上市公司,500-999人,本科,经验不限,"无线通信, 5G, GSM-R, LTE",电子/通信/半导体-通信-通信技术工程师,2026-05-20 18:29:00,8.0,16.0,12.0,12.0,144.0,monthly,广州,越秀,东山,上市公司,500-999人,未知,电子/通信/半导体,通信,通信技术工程师
职业卫生评价技术员,7000-14000元,广州·南沙·黄阁,中润安全技术有限公司,股份制企业,300-499人,本科,5-10年,"职业卫生评价, 安全性能认证, 职业卫生安全, 主动安全性能",电子/通信/半导体-通信-通信技术工程师,2026-05-20 18:29:01,7.0,14.0,10.5,12.0,126.0,monthly,广州,南沙,黄阁,股份制企业,300-499人,未知,电子/通信/半导体,通信,通信技术工程师
国企通信展厅讲解岗,9000-12000元,广州·海珠·琶洲,广信通信,国企,1000-9999人,本科,经验不限,"形象气质佳, 国企, 展厅",电子/通信/半导体-通信-通信技术工程师,2026-05-20 18:29:01,9.0,12.0,10.5,12.0,126.0,monthly,广州,海珠,琶洲,国企,1000-9999人,未知,电子/通信/半导体,通信,通信技术工程师
汽车售后技术指导专家,9000-12000元,广州·番禺·南村,广信通信,国企,1000-9999人,大专,5-10年,"汽车维修, 汽车客诉处理, 车辆救援服务, 4S店, 汽车厂家",电子/通信/半导体-通信-通信技术工程师,2026-05-20 18:29:02,9.0,12.0,10.5,12.0,126.0,monthly,广州,番禺,南村,国企,1000-9999人,未知,电子/通信/半导体,通信,通信技术工程师
通信技术工程师（代广州先时信息技术有限公司招聘）,6000-12000元,广州·天河·天园,深圳市捷宇通信技术有限公司,20-99人,通信/网络设备,大专,1-3年,电力通信,电子/通信/半导体-通信-通信技术工程师,2026-05-20 18:29:00,6.0,12.0,9.0,12.0,108.0,monthly,广州,天河,天园,通信/网络设备,20-99人,未知,电子/通信/半导体,通信,通信技术工程师
安全评价技术员,6000-12000元,广州·南沙·黄阁,中润安全技术有限公司,股份制企业,300-499人,本科,1-3年,"安全评价师证书, 安全评价报告, 安全检查, 注册安全工程师证书",电子/通信/半导体-通信-通信技术工程师,2026-05-20 18:29:20,6.0,12.0,9.0,12.0,108.0,monthly,广州,南沙,黄阁,股份制企业,300-499人,未知,电子/通信/半导体,通信,通信技术工程师
技术支持工程师,7000-10000元,广州·海珠·琶洲,广州科傲德自动控制技术有限公司,其它,20-99人,本科,1-3年,"工业自动化，仪器仪表, 电力，石油石化, 技术应用, 工程",电子/通信/半导体-通信-通信技术工程师,2026-05-20 18:29:00,7.0,10.0,8.5,12.0,102.0,monthly,广州,海珠,琶洲,其它,20-99人,未知,电子/通信/半导体,通信,通信技术工程师
cnc技术员,7000-10000元·13薪,广州·花都·秀全,派莎克(广东)流体设备技术有限公司,民营,20-99人,大专,1-3年,"三菱, 广数, 发那科",电子/通信/半导体-通信-通信技术工程师,2026-05-20 18:29:01,7.0,10.0,8.5,13.0,110.5,monthly,广州,花都,秀全,民营,20-99人,未知,电子/通信/半导体,通信,通信技术工程师
技术服务工程师,8000-9000元,广州·黄埔·联和,广东华百材料技术有限公司,民营,20-99人,本科,3-5年,,电子/通信/半导体-通信-通信技术工程师,2026-05-20 18:29:02,8.0,9.0,8.5,12.0,102.0,monthly,广州,黄埔,联和,民营,20-99人,未知,电子/通信/半导体,通信,通信技术工程师
通信技术工程师,6000-9000元,广州·天河·新塘,广州禧幻科技有限公司,20-99人,产业互联网平台,本科,1-3年,"研发, 测试",电子/通信/半导体-通信-通信技术工程师,2026-05-20 18:29:00,6.0,9.0,7.5,12.0,90.0,monthly,广州,天河,新塘,产业互联网平台,20-99人,未知,电子/通信/半导体,通信,通信技术工程师
生物发酵下游工艺开发技术员/工程师,6000-9000元,广州·黄埔·九佛,北京昭衍生物技术有限公司,合资,300-499人,本科,经验不限,"蛋白纯化工艺, 质粒纯化工艺, 发酵工艺, 抗体药, 生物药",电子/通信/半导体-通信-通信技术工程师,2026-05-20 18:29:02,6.0,9.0,7.5,12.0,90.0,monthly,广州,黄埔,九佛,合资,300-499人,未知,电子/通信/半导体,通信,通信技术工程师
环保技术员,6000-7000元·14薪,广州·黄埔·云埔,合诚技术股份有限公司,民营,500-999人,中专/中技,1-3年,"废气, 固废, 噪声, 污水站处理",电子/通信/半导体-通信-通信技术工程师,2026-05-20 18:29:01,6.0,7.0,6.5,14.0,91.0,monthly,广州,黄埔,云埔,民营,500-999人,未知,电子/通信/半导体,通信,通信技术工程师
无损检测技术员,5000-8000元,广州·海珠·瑞宝,广州粤东建检测技术有限公司,民营,20-99人,大专,1-3年,"管道检测, 压力设备检测, 材料检测, 压力容器检测, 渗透检测",电子/通信/半导体-通信-通信技术工程师,2026-05-20 18:29:01,5.0,8.0,6.5,12.0,78.0,monthly,广州,海珠,瑞宝,民营,20-99人,未知,电子/通信/半导体,通信,通信技术工程师
细胞培养技术员,5000-8000元,广州·黄埔·九佛,北京昭衍生物技术有限公司,合资,300-499人,大专,经验不限,"免疫细胞, 真核细胞, 原代培养, 传代培养, 无菌操作, 细胞复苏",电子/通信/半导体-通信-通信技术工程师,2026-05-20 18:29:11,5.0,8.0,6.5,12.0,78.0,monthly,广州,黄埔,九佛,合资,300-499人,未知,电子/通信/半导体,通信,通信技术工程师
省级维护技术支撑岗【广东】,5000-8000元,广州·番禺,赛尔通信,股份制企业,1000-9999人,本科,1-3年,"网络通信设备, 通信维护",电子/通信/半导体-通信-通信技术工程师,2026-05-20 18:29:19,5.0,8.0,6.5,12.0,78.0,monthly,广州,番禺,,股份制企业,1000-9999人,未知,电子/通信/半导体,通信,通信技术工程师
纯化技术员,5000-8000元,广州·黄埔·九佛,北京昭衍生物技术有限公司,合资,300-499人,大专,经验不限,"蛋白纯化工艺, 质粒纯化工艺, 发酵工艺, 微生物工程",电子/通信/半导体-通信-通信技术工程师,2026-05-20 18:29:29,5.0,8.0,6.5,12.0,78.0,monthly,广州,黄埔,九佛,合资,300-499人,未知,电子/通信/半导体,通信,通信技术工程师
网络技术专员（系统集成）,5000-7000元,广州·天河·长兴,广州市齐源信息技术有限公司,民营,20-99人,大专,1-3年,"交换机配置, 路由器配置, OLT, ONU, 故障处理",电子/通信/半导体-通信-通信技术工程师,2026-05-20 18:29:01,5.0,7.0,6.0,12.0,72.0,monthly,广州,天河,长兴,民营,20-99人,未知,电子/通信/半导体,通信,通信技术工程师
分子实验技术员,4000-8000元,广州·黄埔·萝岗,广州健拓生物技术有限公司,20-99人,IVD（体外诊断）,本科,1-3年,分子诊断试剂,电子/通信/半导体-通信-通信技术工程师,2026-05-20 18:29:10,4.0,8.0,6.0,12.0,72.0,monthly,广州,黄埔,萝岗,IVD（体外诊断）,20-99人,未知,电子/通信/半导体,通信,通信技术工程师
机电装配技术员,4000-7000元,广州·黄埔·龙湖,广州上诺生物技术有限公司,民营,20-99人,中专/中技,3-5年,"机械设备, 安装/调试, 售后支持",电子/通信/半导体-通信-通信技术工程师,2026-05-20 18:29:01,4.0,7.0,5.5,12.0,66.0,monthly,广州,黄埔,龙湖,民营,20-99人,未知,电子/通信/半导体,通信,通信技术工程师
动物实验技术员,5000-6000元,广州·黄埔·联和,导科医药生物技术(广州)有限公司,民营,20人以下,大专,经验不限,"大小鼠实验, 动物模型构建, 给药, 解剖",电子/通信/半导体-通信-通信技术工程师,2026-05-20 18:29:10,5.0,6.0,5.5,12.0,66.0,monthly,广州,黄埔,联和,民营,20人以下,未知,电子/通信/半导体,通信,通信技术工程师
清洗灭菌技术员,5000-6000元,广州·黄埔·九佛,北京昭衍生物技术有限公司,合资,300-499人,大专,3-5年,生物药,电子/通信/半导体-通信-通信技术工程师,2026-05-20 18:29:20,5.0,6.0,5.5,12.0,66.0,monthly,广州,黄埔,九佛,合资,300-499人,未知,电子/通信/半导体,通信,通信技术工程师
微生物技术员,4000-6000元,广州·黄埔·九佛,北京昭衍生物技术有限公司,合资,300-499人,大专,经验不限,微生物工程,电子/通信/半导体-通信-通信技术工程师,2026-05-20 18:29:02,4.0,6.0,5.0,12.0,60.0,monthly,广州,黄埔,九佛,合资,300-499人,未知,电子/通信/半导体,通信,通信技术工程师
采样技术员,4000-6000元,广州·南沙·南沙,广东华南环保产业技术研究院有限公司,民营,20-99人,大专,1-3年,"现场采样, 环境采样, 大气采样, 水质采样, 烟尘采样, 土壤采样",电子/通信/半导体-通信-通信技术工程师,2026-05-20 18:29:29,4.0,6.0,5.0,12.0,60.0,monthly,广州,南沙,南沙,民营,20-99人,未知,电子/通信/半导体,通信,通信技术工程师
水处理站副站长兼技术员,4000-5000元,广州·番禺·化龙,大连艾多维钢铁表面技术有限公司,民营,20-99人,大专,1-3年,废水处理,电子/通信/半导体-通信-通信技术工程师,2026-05-20 18:29:02,4.0,5.0,4.5,12.0,54.0,monthly,广州,番禺,化龙,民营,20-99人,未知,电子/通信/半导体,通信,通信技术工程师
水处理技术员,4000-5000元,广州·番禺·市桥,大连艾多维钢铁表面技术有限公司,民营,20-99人,大专,5-10年,"环境工程, 水质分析",电子/通信/半导体-通信-通信技术工程师,2026-05-20 18:29:02,4.0,5.0,4.5,12.0,54.0,monthly,广州,番禺,市桥,民营,20-99人,未知,电子/通信/半导体,通信,通信技术工程师
无线通信协议开发工程师（自组网协议栈方向）,2-3.5万,广州·天河·冼村,盟讯(广州)电子有限公司,外商独资,20-99人,本科,3-5年,"通信, 协议, 自组网, MANET, AD-HOC, MAC层, OFDM",电子/通信/半导体-通信-通信研发工程师,2026-05-20 18:29:49,20.0,35.0,27.5,12.0,330.0,monthly,广州,天河,冼村,外商独资,20-99人,未知,电子/通信/半导体,通信,通信研发工程师
通讯通信工程师,2.5-3万,广州·天河·天园,天津缘众达管道工程有限公司,民营,20-99人,大专,3-5年,"数据通信, 光纤通信, 光缆通信",电子/通信/半导体-通信-通信研发工程师,2026-05-20 18:29:49,25.0,30.0,27.5,12.0,330.0,monthly,广州,天河,天园,民营,20-99人,未知,电子/通信/半导体,通信,通信研发工程师
通信设计师,1.9-2.4万,广州·番禺·市桥,广州汇隽电力工程设计有限公司,100-299人,电力/水利/热力/燃气,大专,5-10年,"数据通信, 工程管理",电子/通信/半导体-通信-通信研发工程师,2026-05-20 18:29:49,19.0,24.0,21.5,12.0,258.0,monthly,广州,番禺,市桥,电力/水利/热力/燃气,100-299人,未知,电子/通信/半导体,通信,通信研发工程师
汽车及通信技术总监（复杂电磁环境）,1.5-2.5万,广州·番禺,广电计量,国企,1000-9999人,硕士,3-5年,"汽车通信技术, 电磁兼容, 电磁环境, EMC分析与评估",电子/通信/半导体-通信-通信研发工程师,2026-05-20 18:29:48,15.0,25.0,20.0,12.0,240.0,monthly,广州,番禺,,国企,1000-9999人,未知,电子/通信/半导体,通信,通信研发工程师
储备无线工程师,8000-16000元,广州·越秀·东山,北京智讯天成技术有限公司,上市公司,500-999人,本科,经验不限,"无线通信, 5G, GSM-R, LTE",电子/通信/半导体-通信-通信研发工程师,2026-05-20 18:29:48,8.0,16.0,12.0,12.0,144.0,monthly,广州,越秀,东山,上市公司,500-999人,未知,电子/通信/半导体,通信,通信研发工程师
通信技术工程师（代广州先时信息技术有限公司招聘）,6000-12000元,广州·天河·天园,深圳市捷宇通信技术有限公司,20-99人,通信/网络设备,大专,1-3年,电力通信,电子/通信/半导体-通信-通信研发工程师,2026-05-20 18:29:48,6.0,12.0,9.0,12.0,108.0,monthly,广州,天河,天园,通信/网络设备,20-99人,未知,电子/通信/半导体,通信,通信研发工程师
调试技术工程师,8000-9000元·13薪,广州·黄埔·永和,深圳市信伦通信科技有限公司,民营,20-99人,大专,1-3年,"无线通信, 无源器件",电子/通信/半导体-通信-通信研发工程师,2026-05-20 18:29:48,8.0,9.0,8.5,13.0,110.5,monthly,广州,黄埔,永和,民营,20-99人,未知,电子/通信/半导体,通信,通信研发工程师
通信无线设计工程师,6000-11000元,广州·天河·冼村,新三科技有限公司,民营,1000-9999人,大专,1-3年,"铁塔设计, 室分设计, 5G, 光通信, 宏站设计, 移动通信",电子/通信/半导体-通信-通信研发工程师,2026-05-20 18:29:49,6.0,11.0,8.5,12.0,102.0,monthly,广州,天河,冼村,民营,1000-9999人,未知,电子/通信/半导体,通信,通信研发工程师
移动通信工程师,7000-9000元,广州·天河·新塘,广州禧幻科技有限公司,20-99人,产业互联网平台,本科,1-3年,网络交换技术,电子/通信/半导体-通信-通信研发工程师,2026-05-20 18:29:48,7.0,9.0,8.0,12.0,96.0,monthly,广州,天河,新塘,产业互联网平台,20-99人,未知,电子/通信/半导体,通信,通信研发工程师
智慧家庭服务工程师（番禺区）,6000-10000元,广州·番禺·市桥,广东邮电人才服务有限公司广州分公司,国企,10000人以上,大专,经验不限,"网络维护, 宽带装维, 无线通信, 光缆通信",电子/通信/半导体-通信-通信研发工程师,2026-05-20 18:29:49,6.0,10.0,8.0,12.0,96.0,monthly,广州,番禺,市桥,国企,10000人以上,未知,电子/通信/半导体,通信,通信研发工程师
通信/机电工程师,5000-10000元,广州·白云·均禾,连云港贝兹乐信息科技有限公司,民营,100-299人,学历不限,1-3年,通信工程师,电子/通信/半导体-通信-通信研发工程师,2026-05-20 18:29:49,5.0,10.0,7.5,12.0,90.0,monthly,广州,白云,均禾,民营,100-299人,未知,电子/通信/半导体,通信,通信研发工程师
智慧家庭服务工程师（黄埔）YW01,5000-10000元,广州·黄埔·新龙,广东邮电人才服务有限公司广州分公司,国企,10000人以上,中专/中技,1-3年,"通信工程, 宽带, 5G, 移动通信, 光纤通信, 电信装维, 营销",电子/通信/半导体-通信-通信研发工程师,2026-05-20 18:29:50,5.0,10.0,7.5,12.0,90.0,monthly,广州,黄埔,新龙,国企,10000人以上,未知,电子/通信/半导体,通信,通信研发工程师
通信外电设计工程师,6000-9000元,广州·海珠·琶洲,新三科技有限公司,民营,1000-9999人,大专,3-5年,"无线通信, 移动通信, 工程管理, 外市电设计, 铁塔设计",电子/通信/半导体-通信-通信研发工程师,2026-05-20 18:29:50,6.0,9.0,7.5,12.0,90.0,monthly,广州,海珠,琶洲,民营,1000-9999人,未知,电子/通信/半导体,通信,通信研发工程师
通信技术工程师,6000-9000元,广州·天河·新塘,广州禧幻科技有限公司,20-99人,产业互联网平台,本科,1-3年,"研发, 测试",电子/通信/半导体-通信-通信研发工程师,2026-05-20 18:29:58,6.0,9.0,7.5,12.0,90.0,monthly,广州,天河,新塘,产业互联网平台,20-99人,未知,电子/通信/半导体,通信,通信研发工程师
代维移动通信工程师,5000-9000元,广州·天河·石牌,广州珠通网络科技有限公司,其它,20人以下,高中,经验不限,宽带,电子/通信/半导体-通信-通信研发工程师,2026-05-20 18:29:48,5.0,9.0,7.0,12.0,84.0,monthly,广州,天河,石牌,其它,20人以下,未知,电子/通信/半导体,通信,通信研发工程师
综合维护优化中心通信工程师（YW104）,6000-8000元,广州·越秀·流花,广东邮电人才服务有限公司广州分公司,国企,10000人以上,大专,5-10年,"运维, 网络运维, 硬件/设备运维, 网优, 无线通信, 移动通信",电子/通信/半导体-通信-通信研发工程师,2026-05-20 18:29:49,6.0,8.0,7.0,12.0,84.0,monthly,广州,越秀,流花,国企,10000人以上,未知,电子/通信/半导体,通信,通信研发工程师
移动宽带安装工程师,4000-8000元,广州·天河·石牌,广州珠通网络科技有限公司,其它,20人以下,高中,经验不限,宽带装维,电子/通信/半导体-通信-通信研发工程师,2026-05-20 18:29:48,4.0,8.0,6.0,12.0,72.0,monthly,广州,天河,石牌,其它,20人以下,未知,电子/通信/半导体,通信,通信研发工程师
通信网络工程师助理,5000-7000元,广州·天河·新塘,广州禧幻科技有限公司,20-99人,产业互联网平台,大专,经验不限,"移动通信, 无线通信",电子/通信/半导体-通信-通信研发工程师,2026-05-20 18:29:50,5.0,7.0,6.0,12.0,72.0,monthly,广州,天河,新塘,产业互联网平台,20-99人,未知,电子/通信/半导体,通信,通信研发工程师
通信设计工程师,4000-7000元,广州·天河·新塘,普天信息工程设计服务有限公司,国企,100-299人,大专,1-3年,"有线, 无线, 勘察设计",电子/通信/半导体-通信-通信研发工程师,2026-05-20 18:29:49,4.0,7.0,5.5,12.0,66.0,monthly,广州,天河,新塘,国企,100-299人,未知,电子/通信/半导体,通信,通信研发工程师
集群网无线维护工程师（YW118）,4000-7000元,广州·越秀·大东,广东邮电人才服务有限公司广州分公司,国企,10000人以上,大专,1-3年,"无线产品维护, 抢修, 巡检, 检测",电子/通信/半导体-通信-通信研发工程师,2026-05-20 18:29:49,4.0,7.0,5.5,12.0,66.0,monthly,广州,越秀,大东,国企,10000人以上,未知,电子/通信/半导体,通信,通信研发工程师
集群网无线维护工程师,4000-7000元,广州·越秀·北京街道,广东邮电人才服务有限公司广州分公司,国企,10000人以上,大专,1-3年,"故障, 抢修, 维护",电子/通信/半导体-通信-通信研发工程师,2026-05-20 18:30:08,4.0,7.0,5.5,12.0,66.0,monthly,广州,越秀,北京街道,国企,10000人以上,未知,电子/通信/半导体,通信,通信研发工程师
通信设计师,面议,广州·天河·林和,江苏基久网络科技有限公司南京分公司,民营,1000-9999人,大专,1-3年,"无线通信, 数据通信, 电力通信",电子/通信/半导体-通信-通信研发工程师,2026-05-20 18:29:49,,,,,,negotiable,广州,天河,林和,民营,1000-9999人,未知,电子/通信/半导体,通信,通信研发工程师
AI产品经理,4-8万,成都·金牛·荷花池,成都孕婴世界股份有限公司,股份制企业,100-299人,本科,1-3年,"大模型, NLP, AIGC",产品-互联网产品经理-AI产品经理,2026-05-20 18:52:02,40.0,80.0,60.0,12.0,720.0,monthly,成都,金牛,荷花池,股份制企业,100-299人,未知,产品,互联网产品经理,AI产品经理
ai产品经理,2-3.5万,成都·武侯·桂溪,山东恒远智能科技有限公司,民营,300-499人,本科,5-10年,"MES MOM EAM QMS, 深度学习算法",产品-互联网产品经理-AI产品经理,2026-05-20 18:52:02,20.0,35.0,27.5,12.0,330.0,monthly,成都,武侯,桂溪,民营,300-499人,未知,产品,互联网产品经理,AI产品经理
高级AI产品经理,2-3万,成都·武侯·火车南站,四川九源微能科技有限公司,民营,20-99人,本科,5-10年,"大模型, PROMPT, PRD, AGENT, RAG, MCP",产品-互联网产品经理-AI产品经理,2026-05-20 18:52:02,20.0,30.0,25.0,12.0,300.0,monthly,成都,武侯,火车南站,民营,20-99人,未知,产品,互联网产品经理,AI产品经理
ai产品经理,1.6-3万·13薪,成都·龙泉驿·龙泉,机械之家,民营,300-499人,本科,5-10年,保险电销团队,产品-互联网产品经理-AI产品经理,2026-05-20 18:52:03,16.0,30.0,23.0,13.0,299.0,monthly,成都,龙泉驿,龙泉,民营,300-499人,未知,产品,互联网产品经理,AI产品经理
ai产品经理,1.6-3万·13薪,成都·大邑·晋原,机械之家,民营,300-499人,本科,5-10年,保险电销团队,产品-互联网产品经理-AI产品经理,2026-05-20 18:52:31,16.0,30.0,23.0,13.0,299.0,monthly,成都,大邑,晋原,民营,300-499人,未知,产品,互联网产品经理,AI产品经理
资深AI产品经理,1.5-3万,成都·锦江·春熙路,上海畅商亨霖信息技术有限公司,20-99人,软件/IT服务,硕士,10年以上,,产品-互联网产品经理-AI产品经理,2026-05-20 18:52:01,15.0,30.0,22.5,12.0,270.0,monthly,成都,锦江,春熙路,软件/IT服务,20-99人,未知,产品,互联网产品经理,AI产品经理
AI产品经理（园林设计、装修设计）,1.6-2.5万,成都·龙泉驿·大面,成都粤蓉投资发展集团有限公司,民营,100-299人,本科,1-3年,,产品-互联网产品经理-AI产品经理,2026-05-20 18:52:01,16.0,25.0,20.5,12.0,246.0,monthly,成都,龙泉驿,大面,民营,100-299人,未知,产品,互联网产品经理,AI产品经理
AI产品经理,1.5-2.5万,成都·武侯·桂溪,虹信软件,国企,500-999人,本科,5-10年,,产品-互联网产品经理-AI产品经理,2026-05-20 18:52:02,15.0,25.0,20.0,12.0,240.0,monthly,成都,武侯,桂溪,国企,500-999人,未知,产品,互联网产品经理,AI产品经理
AI产品经理,1.5-2.1万,成都·锦江·柳江,鲜生活冷链物流有限公司,民营,1000-9999人,本科,1-3年,大模型,产品-互联网产品经理-AI产品经理,2026-05-20 18:52:03,15.0,21.0,18.0,12.0,216.0,monthly,成都,锦江,柳江,民营,1000-9999人,未知,产品,互联网产品经理,AI产品经理
AI产品经理,1.5-2万,成都·双流·兴隆,中科星图亿水信息技术有限公司,国企,100-299人,本科,1-3年,"大模型, 智慧水利",产品-互联网产品经理-AI产品经理,2026-05-20 18:52:02,15.0,20.0,17.5,12.0,210.0,monthly,成都,双流,兴隆,国企,100-299人,未知,产品,互联网产品经理,AI产品经理
AI产品经理,1.5-2万,成都·双流·兴隆,中科星图股份有限公司,上市公司,1000-9999人,本科,1-3年,"大模型, NLP, 智慧水利",产品-互联网产品经理-AI产品经理,2026-05-20 18:52:02,15.0,20.0,17.5,12.0,210.0,monthly,成都,双流,兴隆,上市公司,1000-9999人,未知,产品,互联网产品经理,AI产品经理
26届校招—AI产品经理—成都/北京,1.4-2万·13薪,成都·锦江·锦官驿,思特奇,上市公司,1000-9999人,硕士,经验不限,,产品-互联网产品经理-AI产品经理,2026-05-20 18:52:01,14.0,20.0,17.0,13.0,221.0,monthly,成都,锦江,锦官驿,上市公司,1000-9999人,未知,产品,互联网产品经理,AI产品经理
ai产品经理,1.2-2万,成都·双流·兴隆,成都归宜科技有限公司,民营,100-299人,本科,1-3年,"AIGC, 搜索, 推荐, 智能问答, c端, APP产品",产品-互联网产品经理-AI产品经理,2026-05-20 18:52:02,12.0,20.0,16.0,12.0,192.0,monthly,成都,双流,兴隆,民营,100-299人,未知,产品,互联网产品经理,AI产品经理
AI产品经理,1.5-1.6万,成都·成华·龙潭,安东石油,上市公司,1000-9999人,本科,3-5年,,产品-互联网产品经理-AI产品经理,2026-05-20 18:52:02,15.0,16.0,15.5,12.0,186.0,monthly,成都,成华,龙潭,上市公司,1000-9999人,未知,产品,互联网产品经理,AI产品经理
AI产品经理岗(J13528),1-2万,成都·武侯·桂溪,泸州老窖,股份制企业,1000-9999人,本科,5-10年,AI产品经理,产品-互联网产品经理-AI产品经理,2026-05-20 18:52:01,10.0,20.0,15.0,12.0,180.0,monthly,成都,武侯,桂溪,股份制企业,1000-9999人,未知,产品,互联网产品经理,AI产品经理
AI产品经理（agent/工作流方向）,1-2万,成都·武侯·桂溪,成都甲乙方程科技有限公司,民营,20-99人,本科,1-3年,无，具体以招聘信息写的为主,产品-互联网产品经理-AI产品经理,2026-05-20 18:52:03,10.0,20.0,15.0,12.0,180.0,monthly,成都,武侯,桂溪,民营,20-99人,未知,产品,互联网产品经理,AI产品经理
AI产品经理,1.4-1.5万·13薪,成都·郫都·郫筒,成都市鸿拓佳创科技有限公司,20人以下,半导体/芯片,硕士,3-5年,"智能芯片, 机器视觉, 智能机器人",产品-互联网产品经理-AI产品经理,2026-05-20 18:52:02,14.0,15.0,14.5,13.0,188.5,monthly,成都,郫都,郫筒,半导体/芯片,20人以下,未知,产品,互联网产品经理,AI产品经理
高级ai产品经理,1-1.5万,成都·新都·新都街道,捷贝通石油技术集团股份有限公司,民营,300-499人,本科,3-5年,"NLP, 大模型, AIGC",产品-互联网产品经理-AI产品经理,2026-05-20 18:52:02,10.0,15.0,12.5,12.0,150.0,monthly,成都,新都,新都街道,民营,300-499人,未知,产品,互联网产品经理,AI产品经理
AI产品经理,9000-16000元·13薪,成都·武侯·桂溪,图观(天津)数字科技有限公司,民营,20-99人,本科,经验不限,"搜索, 大模型",产品-互联网产品经理-AI产品经理,2026-05-20 18:52:02,9.0,16.0,12.5,13.0,162.5,monthly,成都,武侯,桂溪,民营,20-99人,未知,产品,互联网产品经理,AI产品经理
AI产品经理,1.1-1.2万,成都·双流·华阳,深圳市法本信息技术股份有限公司,上市公司,1000-9999人,本科,3-5年,AI产品,产品-互联网产品经理-AI产品经理,2026-05-20 18:52:03,11.0,12.0,11.5,12.0,138.0,monthly,成都,双流,华阳,上市公司,1000-9999人,未知,产品,互联网产品经理,AI产品经理
WMS高级AI产品经理（前置仓方向）,面议,成都,北京三快在线科技有限公司,上市公司,10000人以上,本科,1-3年,,产品-互联网产品经理-AI产品经理,2026-05-20 18:52:01,,,,,,negotiable,成都,未知,,上市公司,10000人以上,未知,产品,互联网产品经理,AI产品经理
高级产品经理（源网荷储/虚拟电厂/区域能源/零碳领域）,1.6-3万·15薪,成都·武侯·桂溪,杭州品联科技有限公司,民营,500-999人,本科,5-10年,"虚拟电厂, 零碳园区, 智慧能源",产品-互联网产品经理-电商产品经理,2026-05-20 18:51:15,16.0,30.0,23.0,15.0,345.0,monthly,成都,武侯,桂溪,民营,500-999人,未知,产品,互联网产品经理,电商产品经理
电商产品经理,1.5-3万,成都·武侯·石羊,四川千正科技有限责任公司,股份制企业,100-299人,本科,3-5年,"软件产品, 电商产品, ERP系统",产品-互联网产品经理-电商产品经理,2026-05-20 18:51:13,15.0,30.0,22.5,12.0,270.0,monthly,成都,武侯,石羊,股份制企业,100-299人,未知,产品,互联网产品经理,电商产品经理
石油化工传感器产品经理,2-2.5万,成都·青羊·苏坡,成都凯天电子股份有限公司,国企,1000-9999人,本科,5-10年,,产品-互联网产品经理-电商产品经理,2026-05-20 18:51:14,20.0,25.0,22.5,12.0,270.0,monthly,成都,青羊,苏坡,国企,1000-9999人,未知,产品,互联网产品经理,电商产品经理
产品经理,1.4-2万,成都·武侯·肖家河,四川京炜交通工程技术有限公司,民营,100-299人,本科,5-10年,"硬件产品, 软件产品, AI产品, SAAS, 机器视觉, 公路行业",产品-互联网产品经理-电商产品经理,2026-05-20 18:51:15,14.0,20.0,17.0,12.0,204.0,monthly,成都,武侯,肖家河,民营,100-299人,未知,产品,互联网产品经理,电商产品经理
电商-技术产品经理,1.5-1.8万·13薪,成都·武侯·桂溪,四川智服人力资源有限公司,民营,300-499人,本科,3-5年,"ERP系统, OMS, WMS, B端产品, C端产品, 新零售, ITBP",产品-互联网产品经理-电商产品经理,2026-05-20 18:51:13,15.0,18.0,16.5,13.0,214.5,monthly,成都,武侯,桂溪,民营,300-499人,未知,产品,互联网产品经理,电商产品经理
产品经理,1.1-2.2万·13薪,成都·温江·柳城,成都锦属狗科技有限公司,民营,100-299人,学历不限,经验不限,软件产品,产品-互联网产品经理-电商产品经理,2026-05-20 18:51:15,11.0,22.0,16.5,13.0,214.5,monthly,成都,温江,柳城,民营,100-299人,未知,产品,互联网产品经理,电商产品经理
电商产品经理（食品行业）(J10101),1.2-2万·13薪,成都·武侯·石羊,廖记食品有限责任公司,民营,1000-9999人,本科,5-10年,"电商产品, 食品快消品, 爆品打造",产品-互联网产品经理-电商产品经理,2026-05-20 18:51:13,12.0,20.0,16.0,13.0,208.0,monthly,成都,武侯,石羊,民营,1000-9999人,未知,产品,互联网产品经理,电商产品经理
产品经理,1.1-2万,成都·武侯·桂溪,上海蓝海企业管理有限公司成都分公司,上市公司,20人以下,本科,5-10年,"TO C, 杭州三年二班文化创意有限公司, 杭州艾尼文化科技有限公司",产品-互联网产品经理-电商产品经理,2026-05-20 18:51:14,11.0,20.0,15.5,12.0,186.0,monthly,成都,武侯,桂溪,上市公司,20人以下,未知,产品,互联网产品经理,电商产品经理
产品经理（软硬件集成产品）,1.3-1.5万·13薪,成都·郫都·德源,成都运达科技股份有限公司,上市公司,1000-9999人,本科,5-10年,"集成类产品, 研发项目管理",产品-互联网产品经理-电商产品经理,2026-05-20 18:51:14,13.0,15.0,14.0,13.0,182.0,monthly,成都,郫都,德源,上市公司,1000-9999人,未知,产品,互联网产品经理,电商产品经理
产品研发师,1-1.5万·13薪,成都·武侯·红牌楼,成都实效房地产顾问有限公司,民营,20-99人,本科,1-3年,建筑学,产品-互联网产品经理-电商产品经理,2026-05-20 18:51:14,10.0,15.0,12.5,13.0,162.5,monthly,成都,武侯,红牌楼,民营,20-99人,未知,产品,互联网产品经理,电商产品经理
产品经理,9000-15000元,成都·双流·华阳,洲宇科技集团股份有限公司,民营,500-999人,本科,5-10年,,产品-互联网产品经理-电商产品经理,2026-05-20 18:51:14,9.0,15.0,12.0,12.0,144.0,monthly,成都,双流,华阳,民营,500-999人,未知,产品,互联网产品经理,电商产品经理
电商网站产品经理,8000-15000元,成都·锦江·柳江,成都禹治科技有限公司,民营,20-99人,本科,3-5年,"数据产品, 市场调研, 产品规划, 需求分析, 项目管理, 用户增长",产品-互联网产品经理-电商产品经理,2026-05-20 18:51:14,8.0,15.0,11.5,12.0,138.0,monthly,成都,锦江,柳江,民营,20-99人,未知,产品,互联网产品经理,电商产品经理
产品经理,8000-15000元,成都·郫都·安德,成都吉食道食品有限公司,外商独资,100-299人,大专,1-3年,产品推广,产品-互联网产品经理-电商产品经理,2026-05-20 18:51:14,8.0,15.0,11.5,12.0,138.0,monthly,成都,郫都,安德,外商独资,100-299人,未知,产品,互联网产品经理,电商产品经理
电商产品经理(J11426),8000-12000元,成都·青羊·苏坡,成都市全友家私销售有限公司,民营,1000-9999人,大专,1-3年,SQL,产品-互联网产品经理-电商产品经理,2026-05-20 18:51:13,8.0,12.0,10.0,12.0,120.0,monthly,成都,青羊,苏坡,民营,1000-9999人,未知,产品,互联网产品经理,电商产品经理
新材料产品经理,8000-12000元,成都·武侯·玉林,四川华鼎世纪科技有限公司,民营,20人以下,本科,经验不限,"AI产品, 软件产品, 硬件产品",产品-互联网产品经理-电商产品经理,2026-05-20 18:51:14,8.0,12.0,10.0,12.0,120.0,monthly,成都,武侯,玉林,民营,20人以下,未知,产品,互联网产品经理,电商产品经理
产品经理,7000-10000元·13薪,成都·郫都·犀浦,成都帝欣科技有限公司,20人以下,船舶/航空/航天/军工,本科,1-3年,硬件产品,产品-互联网产品经理-电商产品经理,2026-05-20 18:51:15,7.0,10.0,8.5,13.0,110.5,monthly,成都,郫都,犀浦,船舶/航空/航天/军工,20人以下,未知,产品,互联网产品经理,电商产品经理
RPA产品经理,6000-10000元,成都·武侯·桂溪,成都倾城唯爱网络科技有限公司,民营,100-299人,本科,1-3年,"电商产品, 熟悉相关RPA软件, 有过跨境经验, RPA需求分析师",产品-互联网产品经理-电商产品经理,2026-05-20 18:51:14,6.0,10.0,8.0,12.0,96.0,monthly,成都,武侯,桂溪,民营,100-299人,未知,产品,互联网产品经理,电商产品经理
整体解决方案产品经理,6000-8000元,成都·武侯·石羊,四川高芯数康生物医药有限公司,民营,20-99人,本科,3-5年,解决方案,产品-互联网产品经理-电商产品经理,2026-05-20 18:51:15,6.0,8.0,7.0,12.0,84.0,monthly,成都,武侯,石羊,民营,20-99人,未知,产品,互联网产品经理,电商产品经理
电商产品上架产品专员,4000-7000元,成都·武侯·浆洗街,成都爱动商贸有限公司,民营,20-99人,大专,1-3年,,产品-互联网产品经理-电商产品经理,2026-05-20 18:51:14,4.0,7.0,5.5,12.0,66.0,monthly,成都,武侯,浆洗街,民营,20-99人,未知,产品,互联网产品经理,电商产品经理
WMS高级AI产品经理（前置仓方向）,面议,成都,北京三快在线科技有限公司,上市公司,10000人以上,本科,1-3年,,产品-互联网产品经理-电商产品经理,2026-05-20 18:51:14,,,,,,negotiable,成都,未知,,上市公司,10000人以上,未知,产品,互联网产品经理,电商产品经理
高级软件产品经理,1.5-3万,成都·成华·万年场,重庆国飞通用航空设备制造有限公司,民营,20-99人,本科,3-5年,,产品-互联网产品经理-软件产品经理,2026-05-20 18:50:24,15.0,30.0,22.5,12.0,270.0,monthly,成都,成华,万年场,民营,20-99人,未知,产品,互联网产品经理,软件产品经理
系统软件产品经理,1.6-2.5万,成都·武侯·金花桥,成都万创科技股份有限公司,股份制企业,300-499人,本科,3-5年,操作系统,产品-互联网产品经理-软件产品经理,2026-05-20 18:50:23,16.0,25.0,20.5,12.0,246.0,monthly,成都,武侯,金花桥,股份制企业,300-499人,未知,产品,互联网产品经理,软件产品经理
软件产品经理,1.5-1.7万,成都·武侯·石羊,苏州弗格信息科技有限公司,股份制企业,20-99人,大专,3-5年,AI工具,产品-互联网产品经理-软件产品经理,2026-05-20 18:50:24,15.0,17.0,16.0,12.0,192.0,monthly,成都,武侯,石羊,股份制企业,20-99人,未知,产品,互联网产品经理,软件产品经理
软件产品经理,1.3-1.8万,成都·金牛·金泉,中铁二局集团物资有限公司,国企,300-499人,本科,3-5年,,产品-互联网产品经理-软件产品经理,2026-05-20 18:50:24,13.0,18.0,15.5,12.0,186.0,monthly,成都,金牛,金泉,国企,300-499人,未知,产品,互联网产品经理,软件产品经理
软件产品经理,1-1.8万,成都·武侯·桂溪,先河环保,上市公司,1000-9999人,本科,3-5年,Java,产品-互联网产品经理-软件产品经理,2026-05-20 18:50:25,10.0,18.0,14.0,12.0,168.0,monthly,成都,武侯,桂溪,上市公司,1000-9999人,未知,产品,互联网产品经理,软件产品经理
软件产品经理,1.2-1.5万,成都·武侯·望江路,成都思必得信息技术有限公司,民营,100-299人,本科,5-10年,"ERP系统, AI, 产品规划",产品-互联网产品经理-软件产品经理,2026-05-20 18:50:23,12.0,15.0,13.5,12.0,162.0,monthly,成都,武侯,望江路,民营,100-299人,未知,产品,互联网产品经理,软件产品经理
软件产品经理,1.1-1.6万·13薪,成都·武侯·桂溪,成都卫讯科技有限公司,民营,100-299人,本科,3-5年,"B端产品, G端产品, 物联网",产品-互联网产品经理-软件产品经理,2026-05-20 18:50:23,11.0,16.0,13.5,13.0,175.5,monthly,成都,武侯,桂溪,民营,100-299人,未知,产品,互联网产品经理,软件产品经理
软件产品经理,1.2-1.5万,成都·金牛·营门口,成都慧特安全技术有限公司,民营,20-99人,本科,3-5年,"B端产品, 物联网",产品-互联网产品经理-软件产品经理,2026-05-20 18:50:24,12.0,15.0,13.5,12.0,162.0,monthly,成都,金牛,营门口,民营,20-99人,未知,产品,互联网产品经理,软件产品经理
中级软件产品经理,1.2-1.5万,成都·武侯·桂溪,成都睿铂科技有限责任公司,民营,20-99人,本科,3-5年,"GIS系统, B端产品, G端产品",产品-互联网产品经理-软件产品经理,2026-05-20 18:50:25,12.0,15.0,13.5,12.0,162.0,monthly,成都,武侯,桂溪,民营,20-99人,未知,产品,互联网产品经理,软件产品经理
软件产品经理,1-1.5万,成都·成华·龙潭,成都开方数据科技有限公司,民营,300-499人,本科,3-5年,"业务系统, G端, 档案服务",产品-互联网产品经理-软件产品经理,2026-05-20 18:50:24,10.0,15.0,12.5,12.0,150.0,monthly,成都,成华,龙潭,民营,300-499人,未知,产品,互联网产品经理,软件产品经理
高级软件产品经理,1-1.5万·13薪,成都·金牛·荷花池,北京华铁视通科技有限公司,民营,20-99人,本科,3-5年,"B端产品, 物联网, 铁路工程信息化, 产品全生命周期管理",产品-互联网产品经理-软件产品经理,2026-05-20 18:50:24,10.0,15.0,12.5,13.0,162.5,monthly,成都,金牛,荷花池,民营,20-99人,未知,产品,互联网产品经理,软件产品经理
软件产品经理,1-1.5万,成都·武侯·桂溪,成都致上联品科技有限公司,民营,20-99人,本科,3-5年,"CRM系统, B端产品, C端产品, O2O, 物联网, 交通出行产品",产品-互联网产品经理-软件产品经理,2026-05-20 18:50:24,10.0,15.0,12.5,12.0,150.0,monthly,成都,武侯,桂溪,民营,20-99人,未知,产品,互联网产品经理,软件产品经理
软件产品经理,9000-16000元,成都·武侯·石羊,成都澹谧科技有限公司,股份制企业,20-99人,本科,5-10年,"PC端产品, 小程序产品, 区块链, 智慧城市, 移动端产品",产品-互联网产品经理-软件产品经理,2026-05-20 18:50:24,9.0,16.0,12.5,12.0,150.0,monthly,成都,武侯,石羊,股份制企业,20-99人,未知,产品,互联网产品经理,软件产品经理
显控软件产品经理,1-1.4万,成都·武侯·桂溪,新拓尼克科技研发中心 / Syntronic Beijing R&D Center,外商独资,500-999人,本科,1-3年,"B端产品, 智能汽车, EVTOL主机厂, 无人机, 航空航天",产品-互联网产品经理-软件产品经理,2026-05-20 18:50:24,10.0,14.0,12.0,12.0,144.0,monthly,成都,武侯,桂溪,外商独资,500-999人,未知,产品,互联网产品经理,软件产品经理
软件产品经理,9000-12000元,成都·桂溪,成都优企智泓科技有限公司,20-99人,人工智能,本科,3-5年,"智能机器人, 智能汽车",产品-互联网产品经理-软件产品经理,2026-05-20 18:50:24,9.0,12.0,10.5,12.0,126.0,monthly,成都,桂溪,,人工智能,20-99人,未知,产品,互联网产品经理,软件产品经理
软件产品经理,8000-12000元,成都·武侯·桂溪,北京信睿浩扬科技有限公司,股份制企业,20-99人,本科,3-5年,"墨刀, 政府, G端",产品-互联网产品经理-软件产品经理,2026-05-20 18:50:23,8.0,12.0,10.0,12.0,120.0,monthly,成都,武侯,桂溪,股份制企业,20-99人,未知,产品,互联网产品经理,软件产品经理
软件产品经理,8000-12000元,成都·武侯·石羊,成都雄博科技发展有限公司,民营,20-99人,本科,3-5年,B端产品,产品-互联网产品经理-软件产品经理,2026-05-20 18:50:24,8.0,12.0,10.0,12.0,120.0,monthly,成都,武侯,石羊,民营,20-99人,未知,产品,互联网产品经理,软件产品经理
软件产品经理,7000-9000元,成都·武侯·桂溪,四川亿企数智科技有限公司,民营,20-99人,本科,1-3年,B端产品,产品-互联网产品经理-软件产品经理,2026-05-20 18:50:24,7.0,9.0,8.0,12.0,96.0,monthly,成都,武侯,桂溪,民营,20-99人,未知,产品,互联网产品经理,软件产品经理
软件产品经理,4000-5000元·13薪,成都·成华·保和,成都九洲通达科技有限公司,民营,20-99人,本科,1-3年,"SaaS, B端产品, C端产品, 支付产品, 交通出行产品",产品-互联网产品经理-软件产品经理,2026-05-20 18:50:25,4.0,5.0,4.5,13.0,58.5,monthly,成都,成华,保和,民营,20-99人,未知,产品,互联网产品经理,软件产品经理
反欺诈算法（机器学习算法/工程化经验）,2.5-4万,成都·武侯·桂溪,成都图巧科技有限公司,民营,1000-9999人,本科,5-10年,"Java, Python, SQL, 营销反欺诈, 流量反欺诈",技术-人工智能/算法-机器学习,2026-05-20 17:58:28,25.0,40.0,32.5,12.0,390.0,monthly,成都,武侯,桂溪,民营,1000-9999人,未知,技术,人工智能/算法,机器学习
触觉传感器深度学习高级工程师,2.5-4万·13薪,成都·郫都·合作街道,成都锐觉传感技术有限公司,20-99人,人工智能,硕士,3-5年,"传感器算法, 人工神经网络, Transformer, DNN, PyTorch",技术-人工智能/算法-机器学习,2026-05-20 17:58:29,25.0,40.0,32.5,13.0,422.5,monthly,成都,郫都,合作街道,人工智能,20-99人,未知,技术,人工智能/算法,机器学习
触觉传感器深度学习高级工程师,2-4万·13薪,成都·郫都·合作街道,四川恒立聚能光电科技有限公司,民营,20-99人,硕士,3-5年,"人工神经网络, Transformer, DNN, Python, C++, PyTorch",技术-人工智能/算法-机器学习,2026-05-20 17:58:29,20.0,40.0,30.0,13.0,390.0,monthly,成都,郫都,合作街道,民营,20-99人,未知,技术,人工智能/算法,机器学习
AI算法工程师（强化学习方向）,2-3.5万,成都·武侯·火车南站,四川九源微能科技有限公司,民营,20-99人,硕士,3-5年,"强化学习, 多模态算法, 目标跟踪识别、智能决策等AI模型",技术-人工智能/算法-机器学习,2026-05-20 17:58:29,20.0,35.0,27.5,12.0,330.0,monthly,成都,武侯,火车南站,民营,20-99人,未知,技术,人工智能/算法,机器学习
NLP/CV/语音/深度学习/算法岗（接受应届+考研失败）,1.8-3.5万·16薪,成都·郫都·合作街道,外企德科数字技术有限公司,合资,10000人以上,本科,经验不限,"Java, Python, C++, C语言, 主题模型, PyTorch",技术-人工智能/算法-机器学习,2026-05-20 17:58:29,18.0,35.0,26.5,16.0,424.0,monthly,成都,郫都,合作街道,合资,10000人以上,未知,技术,人工智能/算法,机器学习
算法工程师（机器视觉方向）,2-3万,成都·武侯·簇锦,四川知周科技有限责任公司,民营,100-299人,硕士,3-5年,图像识别产品,技术-人工智能/算法-机器学习,2026-05-20 17:58:29,20.0,30.0,25.0,12.0,300.0,monthly,成都,武侯,簇锦,民营,100-299人,未知,技术,人工智能/算法,机器学习
AI算法工程师 - 毫米波雷达 & 机器学习&大模型方向-外企自研,1.5-2.5万·13薪,成都·武侯·石羊,蓬托森思(成都)科技有限公司,外商独资,20-99人,硕士,1-3年,"机器学习, 大模型算法, 深度学习, Transformer, DNN, GPT",技术-人工智能/算法-机器学习,2026-05-20 17:58:28,15.0,25.0,20.0,13.0,260.0,monthly,成都,武侯,石羊,外商独资,20-99人,未知,技术,人工智能/算法,机器学习
机器学习算法工程师,1.5-2.3万·13薪,成都·青羊·苏坡,成都飞航智云科技有限公司,民营,100-299人,本科,3-5年,"自然语言处理, 决策树, PyTorch, Python, Java",技术-人工智能/算法-机器学习,2026-05-20 17:58:28,15.0,23.0,19.0,13.0,247.0,monthly,成都,青羊,苏坡,民营,100-299人,未知,技术,人工智能/算法,机器学习
算法工程师-深度学习/机器学习方向,1.5-2.2万,成都·武侯·桂溪,某国企咨询公司,其它,500-999人,本科,3-5年,,技术-人工智能/算法-机器学习,2026-05-20 17:58:28,15.0,22.0,18.5,12.0,222.0,monthly,成都,武侯,桂溪,其它,500-999人,未知,技术,人工智能/算法,机器学习
机器视觉算法工程师,1.3-2万,成都·武侯·肖家河,成都小淞科技有限公司,民营,20-99人,本科,3-5年,"Python, C++, PyTorch, TensorFlow, OpenCV",技术-人工智能/算法-机器学习,2026-05-20 17:58:30,13.0,20.0,16.5,12.0,198.0,monthly,成都,武侯,肖家河,民营,20-99人,未知,技术,人工智能/算法,机器学习
机械自动化细胞分选/培养或AI机器学习研发工程师,1-2万,成都·双流·华阳,万众壹芯,民营,100-299人,硕士,1-3年,,技术-人工智能/算法-机器学习,2026-05-20 17:58:28,10.0,20.0,15.0,12.0,180.0,monthly,成都,双流,华阳,民营,100-299人,未知,技术,人工智能/算法,机器学习
工业机器视觉工程师,1.3-1.7万·13薪,成都·温江·天府,成都铁力通科技发展有限公司,民营,20-99人,本科,3-5年,"智能硬件, 图像识别产品",技术-人工智能/算法-机器学习,2026-05-20 17:58:29,13.0,17.0,15.0,13.0,195.0,monthly,成都,温江,天府,民营,20-99人,未知,技术,人工智能/算法,机器学习
机器视觉工程师,1.2-1.8万·13薪,成都·双流·兴隆,重庆深眸智能装备有限公司,民营,20-99人,大专,1-3年,"工控机, 视觉系统, 非标设备, 电气设备, 机械设备, DCS系统",技术-人工智能/算法-机器学习,2026-05-20 17:58:30,12.0,18.0,15.0,13.0,195.0,monthly,成都,双流,兴隆,民营,20-99人,未知,技术,人工智能/算法,机器学习
机器学习实习生,1.2-1.4万·13薪,成都·锦江·狮子山,成都超高识顿科技开发有限公司,事业单位,500-999人,大专,1-3年,"自然语言处理, 机器视觉, 图像算法, 聚类算法, 决策树, 贝叶斯",技术-人工智能/算法-机器学习,2026-05-20 17:58:29,12.0,14.0,13.0,13.0,169.0,monthly,成都,锦江,狮子山,事业单位,500-999人,未知,技术,人工智能/算法,机器学习
机器视觉工程师,1-1.5万·13薪,成都·双流·兴隆,珠海市运泰利自动化设备有限公司,上市公司,1000-9999人,本科,3-5年,"OpenCV, HALCON, C#, 图像处理",技术-人工智能/算法-机器学习,2026-05-20 17:58:30,10.0,15.0,12.5,13.0,162.5,monthly,成都,双流,兴隆,上市公司,1000-9999人,未知,技术,人工智能/算法,机器学习
机器视觉工程师,8000-15000元,成都·武侯·石羊,达威股份,上市公司,1000-9999人,本科,3-5年,"图像识别产品, OpenCV, HALCON",技术-人工智能/算法-机器学习,2026-05-20 17:58:30,8.0,15.0,11.5,12.0,138.0,monthly,成都,武侯,石羊,上市公司,1000-9999人,未知,技术,人工智能/算法,机器学习
机器视觉,8000-13000元,成都·郫都·桂溪,成都江柏泉科技有限公司,20-99人,互联网广告/营销,学历不限,经验不限,,技术-人工智能/算法-机器学习,2026-05-20 17:58:29,8.0,13.0,10.5,12.0,126.0,monthly,成都,郫都,桂溪,互联网广告/营销,20-99人,未知,技术,人工智能/算法,机器学习
机器视觉工程师,8000-12000元,成都·简阳·福田,成都绛溪未来光电科技有限公司,民营,20-99人,大专,3-5年,"Winform, C#",技术-人工智能/算法-机器学习,2026-05-20 17:58:29,8.0,12.0,10.0,12.0,120.0,monthly,成都,简阳,福田,民营,20-99人,未知,技术,人工智能/算法,机器学习
机器学习平台测试开发工程师,面议,成都,北京三快在线科技有限公司,上市公司,10000人以上,本科,1-3年,,技术-人工智能/算法-机器学习,2026-05-20 17:58:28,,,,,,negotiable,成都,未知,,上市公司,10000人以上,未知,技术,人工智能/算法,机器学习
触觉传感器深度学习高级工程师,2.5-4万·13薪,成都·郫都·合作街道,成都锐觉传感技术有限公司,20-99人,人工智能,硕士,3-5年,"传感器算法, 人工神经网络, Transformer, DNN, PyTorch",技术-人工智能/算法-深度学习,2026-05-20 17:59:18,25.0,40.0,32.5,13.0,422.5,monthly,成都,郫都,合作街道,人工智能,20-99人,未知,技术,人工智能/算法,深度学习
触觉传感器深度学习高级工程师,2-4万·13薪,成都·郫都·合作街道,四川恒立聚能光电科技有限公司,民营,20-99人,硕士,3-5年,"人工神经网络, Transformer, DNN, Python, C++, PyTorch",技术-人工智能/算法-深度学习,2026-05-20 17:59:18,20.0,40.0,30.0,13.0,390.0,monthly,成都,郫都,合作街道,民营,20-99人,未知,技术,人工智能/算法,深度学习
AI算法工程师（强化学习方向）,2-3.5万,成都·武侯·火车南站,四川九源微能科技有限公司,民营,20-99人,硕士,3-5年,"强化学习, 多模态算法, 目标跟踪识别、智能决策等AI模型",技术-人工智能/算法-深度学习,2026-05-20 17:59:19,20.0,35.0,27.5,12.0,330.0,monthly,成都,武侯,火车南站,民营,20-99人,未知,技术,人工智能/算法,深度学习
NLP/CV/语音/深度学习/算法岗（接受应届+考研失败）,1.8-3.5万·16薪,成都·郫都·合作街道,外企德科数字技术有限公司,合资,10000人以上,本科,经验不限,"Java, Python, C++, C语言, 主题模型, PyTorch",技术-人工智能/算法-深度学习,2026-05-20 17:59:18,18.0,35.0,26.5,16.0,424.0,monthly,成都,郫都,合作街道,合资,10000人以上,未知,技术,人工智能/算法,深度学习
化工流程模拟工程师,2-3万·13薪,成都·锦江·沙河,成都力控元融科技有限公司,民营,20-99人,本科,1-3年,"流程模拟, 工艺优化, C++, MATLAB, Python",技术-人工智能/算法-深度学习,2026-05-20 17:59:20,20.0,30.0,25.0,13.0,325.0,monthly,成都,锦江,沙河,民营,20-99人,未知,技术,人工智能/算法,深度学习
算法工程师 （图像方向）,2-3万,成都·青羊·西御河,天津新聘信息技术有限公司,上市公司,1000-9999人,硕士,3-5年,"图像识别产品, C++, Python, 视觉, 算法",技术-人工智能/算法-深度学习,2026-05-20 17:59:42,20.0,30.0,25.0,12.0,300.0,monthly,成都,青羊,西御河,上市公司,1000-9999人,未知,技术,人工智能/算法,深度学习
ai算法工程师,1.5-3万,成都·锦江·柳江,厦门方胜众合企业服务有限公司,民营,500-999人,本科,1-3年,"大模型算法, 深度学习, 机器学习, PyTorch, TensorFlow",技术-人工智能/算法-深度学习,2026-05-20 17:59:20,15.0,30.0,22.5,12.0,270.0,monthly,成都,锦江,柳江,民营,500-999人,未知,技术,人工智能/算法,深度学习
深度学习图像算法工程师,1.5-2.5万,成都·锦江·柳江,四川中科友成科技有限公司,民营,100-299人,本科,1-3年,"Python, C++, PyTorch, TensorFlow, Caffe, 图像算法",技术-人工智能/算法-深度学习,2026-05-20 17:59:19,15.0,25.0,20.0,12.0,240.0,monthly,成都,锦江,柳江,民营,100-299人,未知,技术,人工智能/算法,深度学习
AI算法工程师 - 毫米波雷达 & 机器学习&大模型方向-外企自研,1.5-2.5万·13薪,成都·武侯·石羊,蓬托森思(成都)科技有限公司,外商独资,20-99人,硕士,1-3年,"机器学习, 大模型算法, 深度学习, Transformer, DNN, GPT",技术-人工智能/算法-深度学习,2026-05-20 17:59:20,15.0,25.0,20.0,13.0,260.0,monthly,成都,武侯,石羊,外商独资,20-99人,未知,技术,人工智能/算法,深度学习
算法工程师（深度学习方向）,1.3-2.6万·14薪,成都·郫都·德源,成都大公博创信息技术有限公司,民营,100-299人,本科,3-5年,"通信算法, 深度学习, 深度学习模型, Python, C++",技术-人工智能/算法-深度学习,2026-05-20 17:59:19,13.0,26.0,19.5,14.0,273.0,monthly,成都,郫都,德源,民营,100-299人,未知,技术,人工智能/算法,深度学习
机器学习算法工程师,1.5-2.3万·13薪,成都·青羊·苏坡,成都飞航智云科技有限公司,民营,100-299人,本科,3-5年,"自然语言处理, 决策树, PyTorch, Python, Java",技术-人工智能/算法-深度学习,2026-05-20 17:59:20,15.0,23.0,19.0,13.0,247.0,monthly,成都,青羊,苏坡,民营,100-299人,未知,技术,人工智能/算法,深度学习
算法工程师-深度学习/机器学习方向,1.5-2.2万,成都·武侯·桂溪,某国企咨询公司,其它,500-999人,本科,3-5年,,技术-人工智能/算法-深度学习,2026-05-20 17:59:19,15.0,22.0,18.5,12.0,222.0,monthly,成都,武侯,桂溪,其它,500-999人,未知,技术,人工智能/算法,深度学习
深度学习算法工程师,1.1-2.2万,成都·金牛·天回镇,四川国软科技集团有限公司,民营,100-299人,本科,1-3年,"自然语言处理, 机器视觉, 图像算法",技术-人工智能/算法-深度学习,2026-05-20 17:59:19,11.0,22.0,16.5,12.0,198.0,monthly,成都,金牛,天回镇,民营,100-299人,未知,技术,人工智能/算法,深度学习
深度学习算法工程师,1.3-2万,成都·武侯·桂溪,成都精工华耀科技有限公司,民营,20-99人,本科,3-5年,"图像算法, Transformer, ResNet, 3D点云, TensorFlow, C++",技术-人工智能/算法-深度学习,2026-05-20 17:59:19,13.0,20.0,16.5,12.0,198.0,monthly,成都,武侯,桂溪,民营,20-99人,未知,技术,人工智能/算法,深度学习
深度学习架构师,1-2万,成都·郫都·合作街道,四川省众望科希盟科技有限公司,民营,20-99人,本科,3-5年,"机器视觉, 自然语言处理, 图像算法, Transformer",技术-人工智能/算法-深度学习,2026-05-20 17:59:19,10.0,20.0,15.0,12.0,180.0,monthly,成都,郫都,合作街道,民营,20-99人,未知,技术,人工智能/算法,深度学习
机械自动化细胞分选/培养或AI机器学习研发工程师,1-2万,成都·双流·华阳,万众壹芯,民营,100-299人,硕士,1-3年,,技术-人工智能/算法-深度学习,2026-05-20 17:59:20,10.0,20.0,15.0,12.0,180.0,monthly,成都,双流,华阳,民营,100-299人,未知,技术,人工智能/算法,深度学习
机器学习实习生,1.2-1.4万·13薪,成都·锦江·狮子山,成都超高识顿科技开发有限公司,事业单位,500-999人,大专,1-3年,"自然语言处理, 机器视觉, 图像算法, 聚类算法, 决策树, 贝叶斯",技术-人工智能/算法-深度学习,2026-05-20 17:59:20,12.0,14.0,13.0,13.0,169.0,monthly,成都,锦江,狮子山,事业单位,500-999人,未知,技术,人工智能/算法,深度学习
深度学习算法工程师,8000-12000元,成都·武侯·桂溪,成都精工华耀科技有限公司,民营,20-99人,本科,经验不限,"TensorFlow, OpenCV, C++, Transformer, ResNet",技术-人工智能/算法-深度学习,2026-05-20 17:59:19,8.0,12.0,10.0,12.0,120.0,monthly,成都,武侯,桂溪,民营,20-99人,未知,技术,人工智能/算法,深度学习
大模型算法管培生,350-500元/天,成都·武侯·桂溪,帝欧水华集团股份有限公司,上市公司,1000-9999人,硕士,经验不限,大模型算法,技术-人工智能/算法-深度学习,2026-05-20 17:59:20,7.61,10.88,9.24,12.0,110.93,daily,成都,武侯,桂溪,上市公司,1000-9999人,未知,技术,人工智能/算法,深度学习
C/C++ 开发+武汉,7000-10000元,成都·郫都·友爱,软通动力信息技术(集团)股份有限公司,上市公司,10000人以上,本科,1-3年,"C语言, Linux开发, STL, C++",技术-人工智能/算法-深度学习,2026-05-20 17:59:20,7.0,10.0,8.5,12.0,102.0,monthly,成都,郫都,友爱,上市公司,10000人以上,未知,技术,人工智能/算法,深度学习
端侧 AI（深度学习方向）软件管培生,3000-6000元,成都·温江·天府,成都极趣科技有限公司,股份制企业,100-299人,本科,经验不限,,技术-人工智能/算法-深度学习,2026-05-20 17:59:19,3.0,6.0,4.5,12.0,54.0,monthly,成都,温江,天府,股份制企业,100-299人,未知,技术,人工智能/算法,深度学习
薪资25-50k招聘AI模型算法工程师,2.5-5万,成都·武侯·桂溪,重庆翻翻科技有限公司,民营,20人以下,本科,3-5年,C++,技术-人工智能/算法-算法工程师,2026-05-20 17:57:38,25.0,50.0,37.5,12.0,450.0,monthly,成都,武侯,桂溪,民营,20人以下,未知,技术,人工智能/算法,算法工程师
AI模型算法工程师,2-4万,成都·武侯·桂溪,成都松祥科技有限公司,民营,20-99人,本科,3-5年,,技术-人工智能/算法-算法工程师,2026-05-20 17:57:39,20.0,40.0,30.0,12.0,360.0,monthly,成都,武侯,桂溪,民营,20-99人,未知,技术,人工智能/算法,算法工程师
dbf算法工程师,2-3.5万·14薪,成都·武侯·石羊,振芯科技,上市公司,500-999人,本科,3-5年,"MATLAB, DBF, FPGA",技术-人工智能/算法-算法工程师,2026-05-20 17:57:39,20.0,35.0,27.5,14.0,385.0,monthly,成都,武侯,石羊,上市公司,500-999人,未知,技术,人工智能/算法,算法工程师
ai算法工程师,2.3-2.8万·14薪,成都·锦江·春熙路,四川激越物联网科技有限公司,20人以下,物联网,本科,经验不限,"大模型算法, 机器学习, 深度学习",技术-人工智能/算法-算法工程师,2026-05-20 17:57:38,23.0,28.0,25.5,14.0,357.0,monthly,成都,锦江,春熙路,物联网,20人以下,未知,技术,人工智能/算法,算法工程师
算法工程师 （图像方向）,2-3万,成都·青羊·西御河,天津新聘信息技术有限公司,上市公司,1000-9999人,硕士,3-5年,"图像识别产品, C++, Python, 视觉, 算法",技术-人工智能/算法-算法工程师,2026-05-20 17:57:38,20.0,30.0,25.0,12.0,300.0,monthly,成都,青羊,西御河,上市公司,1000-9999人,未知,技术,人工智能/算法,算法工程师
高级ai算法工程师,2-3万,成都·武侯·桂溪,山西金蝉电子商务有限公司,民营,100-299人,本科,5-10年,"大模型算法, 垂域算法, Python, PyTorch",技术-人工智能/算法-算法工程师,2026-05-20 17:57:39,20.0,30.0,25.0,12.0,300.0,monthly,成都,武侯,桂溪,民营,100-299人,未知,技术,人工智能/算法,算法工程师
GNC算法工程师（飞船类）,2-3万,成都·龙泉驿·大面,绵阳紫微科技有限公司,合资,20-99人,硕士,经验不限,,技术-人工智能/算法-算法工程师,2026-05-20 17:57:39,20.0,30.0,25.0,12.0,300.0,monthly,成都,龙泉驿,大面,合资,20-99人,未知,技术,人工智能/算法,算法工程师
大模型算法工程师,2-3万,成都·武侯·金花桥,成都华日通讯技术股份有限公司,民营,300-499人,硕士,5-10年,大模型算法,技术-人工智能/算法-算法工程师,2026-05-20 17:57:40,20.0,30.0,25.0,12.0,300.0,monthly,成都,武侯,金花桥,民营,300-499人,未知,技术,人工智能/算法,算法工程师
ai算法工程师,1.5-3万,成都·锦江·柳江,厦门方胜众合企业服务有限公司,民营,500-999人,本科,1-3年,"大模型算法, 深度学习, 机器学习, PyTorch, TensorFlow",技术-人工智能/算法-算法工程师,2026-05-20 17:57:38,15.0,30.0,22.5,12.0,270.0,monthly,成都,锦江,柳江,民营,500-999人,未知,技术,人工智能/算法,算法工程师
规划控制算法工程师,2-2.5万,成都·双流·华阳,鼎桥技术有限公司,其它,1000-9999人,本科,经验不限,机器人算法,技术-人工智能/算法-算法工程师,2026-05-20 17:57:39,20.0,25.0,22.5,12.0,270.0,monthly,成都,双流,华阳,其它,1000-9999人,未知,技术,人工智能/算法,算法工程师
软件开发/测试/算法工程师（实名制线上面+全国地点可协调）,1.5-3万·15薪,成都·郫都·合作街道,外企德科数字技术有限公司,合资,10000人以上,本科,经验不限,"Java, Python, C/C++, 软件测试",技术-人工智能/算法-算法工程师,2026-05-20 17:57:39,15.0,30.0,22.5,15.0,337.5,monthly,成都,郫都,合作街道,合资,10000人以上,未知,技术,人工智能/算法,算法工程师
AI 视觉算法工程师,1.8-2.5万·14薪,成都·温江·天府,成都铁力通科技发展有限公司,民营,20-99人,本科,3-5年,"深度学习, 多模态算法, 图像算法",技术-人工智能/算法-算法工程师,2026-05-20 17:57:40,18.0,25.0,21.5,14.0,301.0,monthly,成都,温江,天府,民营,20-99人,未知,技术,人工智能/算法,算法工程师
算法工程师-咨询,1.5-2.5万,成都·金牛·金泉,北京润科通用技术有限公司,民营,500-999人,硕士,经验不限,,技术-人工智能/算法-算法工程师,2026-05-20 17:57:40,15.0,25.0,20.0,12.0,240.0,monthly,成都,金牛,金泉,民营,500-999人,未知,技术,人工智能/算法,算法工程师
算法工程师,1.2-2.4万,成都·锦江·柳江,鲜生活冷链物流有限公司,民营,1000-9999人,本科,1-3年,"深度学习, 强化学习, 大模型算法",技术-人工智能/算法-算法工程师,2026-05-20 17:57:38,12.0,24.0,18.0,12.0,216.0,monthly,成都,锦江,柳江,民营,1000-9999人,未知,技术,人工智能/算法,算法工程师
算法工程师（环保智能建模方向）,1.2-2.4万,成都·武侯·红牌楼,成都之维安科技股份有限公司,上市公司,100-299人,硕士,3-5年,"机器视觉, 机器学习, 多模态算法, 大模型算法, XGBoost",技术-人工智能/算法-算法工程师,2026-05-20 17:57:39,12.0,24.0,18.0,12.0,216.0,monthly,成都,武侯,红牌楼,上市公司,100-299人,未知,技术,人工智能/算法,算法工程师
算法工程师,1.5-2万·13薪,成都·彭州·致和,上海悠自元智能科技有限公司,民营,20-99人,大专,3-5年,"运动控制算法, 机器人算法, 动力控制, 运动规划",技术-人工智能/算法-算法工程师,2026-05-20 17:57:38,15.0,20.0,17.5,13.0,227.5,monthly,成都,彭州,致和,民营,20-99人,未知,技术,人工智能/算法,算法工程师
信号处理算法工程师,1.5-2万,成都·武侯·簇锦,成都华日通讯技术股份有限公司,民营,300-499人,本科,经验不限,通信算法,技术-人工智能/算法-算法工程师,2026-05-20 17:57:39,15.0,20.0,17.5,12.0,210.0,monthly,成都,武侯,簇锦,民营,300-499人,未知,技术,人工智能/算法,算法工程师
算法工程师,1.2-1.6万,成都·双流·华阳,四川朗蔚光学仪器有限公司,民营,20-99人,本科,3-5年,,技术-人工智能/算法-算法工程师,2026-05-20 17:57:39,12.0,16.0,14.0,12.0,168.0,monthly,成都,双流,华阳,民营,20-99人,未知,技术,人工智能/算法,算法工程师
视觉算法工程师,1.2-1.5万,成都·双流·华阳,四川朗蔚光学仪器有限公司,民营,20-99人,本科,5-10年,,技术-人工智能/算法-算法工程师,2026-05-20 17:57:39,12.0,15.0,13.5,12.0,162.0,monthly,成都,双流,华阳,民营,20-99人,未知,技术,人工智能/算法,算法工程师
中级后端工程师-自研-无外包-无外派,1.5-2万,成都·成华·猛追湾,成都澳斯顿电子商务有限公司,民营,100-299人,本科,3-5年,后端开发,技术-前端开发-Node.js,2026-05-20 17:44:21,15.0,20.0,17.5,12.0,210.0,monthly,成都,成华,猛追湾,民营,100-299人,未知,技术,前端开发,Node.js
前端（电商+全额公积金+线上面试）,1.2-1.8万,成都·武侯·石羊,深圳市法本信息技术股份有限公司,上市公司,1000-9999人,大专,3-5年,"电商项目, 海外电商, HTML5, React, Vue, Node.js",技术-前端开发-Node.js,2026-05-20 17:44:21,12.0,18.0,15.0,12.0,180.0,monthly,成都,武侯,石羊,上市公司,1000-9999人,未知,技术,前端开发,Node.js
Node.js开发工程师(外企+双休+不加班),1.3-1.5万,成都·武侯·桂溪,纬致科技(北京)有限公司,港澳台公司,1000-9999人,大专,3-5年,"全栈开发, NODE, Node.js, NODE开发, NoSQL",技术-前端开发-Node.js,2026-05-20 17:44:21,13.0,15.0,14.0,12.0,168.0,monthly,成都,武侯,桂溪,港澳台公司,1000-9999人,未知,技术,前端开发,Node.js
h5前端开发工程师,1.1-1.5万,成都·锦江·柳江,深圳市紫川软件有限公司,民营,500-999人,本科,3-5年,"大屏/可视化项目, ERP项目, CSS, JavaScript, Vue, React",技术-前端开发-Node.js,2026-05-20 17:44:21,11.0,15.0,13.0,12.0,156.0,monthly,成都,锦江,柳江,民营,500-999人,未知,技术,前端开发,Node.js
前端开发（react方向）,1.1-1.3万,成都·成华·万年场,深圳中迈信息技术有限公司,股份制企业,500-999人,本科,3-5年,"React, JavaScript, Node.js",技术-前端开发-Node.js,2026-05-20 17:44:22,11.0,13.0,12.0,12.0,144.0,monthly,成都,成华,万年场,股份制企业,500-999人,未知,技术,前端开发,Node.js
前端开发工程师,9000-15000元,成都·武侯·桂溪,四川洪明伟业科技有限责任公司,民营,20-99人,本科,5-10年,"鸿蒙项目, ERP项目, JavaScript, TypeScript, Vue, React",技术-前端开发-Node.js,2026-05-20 17:44:22,9.0,15.0,12.0,12.0,144.0,monthly,成都,武侯,桂溪,民营,20-99人,未知,技术,前端开发,Node.js
高级web前端开发工程师,1-1.4万,成都·武侯·金花桥,成都中思远信息技术有限公司,民营,20-99人,大专,5-10年,"大屏/可视化项目, JavaScript, Vue, CSS, React, Node.js",技术-前端开发-Node.js,2026-05-20 17:44:23,10.0,14.0,12.0,12.0,144.0,monthly,成都,武侯,金花桥,民营,20-99人,未知,技术,前端开发,Node.js
后端开发工程师（Node.js）,8000-15000元,成都·温江·柳城,成都水月雨科技有限公司,民营,100-299人,本科,1-3年,"node, 微服务架构, 分布式技术, 后端开发, WEB开发",技术-前端开发-Node.js,2026-05-20 17:44:20,8.0,15.0,11.5,12.0,138.0,monthly,成都,温江,柳城,民营,100-299人,未知,技术,前端开发,Node.js
前端开发（需有银行经验）,1-1.3万,成都·成华·跳蹬河,安徽屹通信息科技发展有限公司,民营,1000-9999人,本科,3-5年,"金融项目, 银行项目, 证券项目, 支付项目, CSS, HTML5",技术-前端开发-Node.js,2026-05-20 17:44:21,10.0,13.0,11.5,12.0,138.0,monthly,成都,成华,跳蹬河,民营,1000-9999人,未知,技术,前端开发,Node.js
前端工程师（UI）,8000-15000元,成都·金牛·金泉,成都天藤科技有限公司,民营,20-99人,本科,1-3年,"大屏/可视化项目, 金融项目, Vue, React, jQuery, Node.js",技术-前端开发-Node.js,2026-05-20 17:44:22,8.0,15.0,11.5,12.0,138.0,monthly,成都,金牛,金泉,民营,20-99人,未知,技术,前端开发,Node.js
React前端开发,9000-14000元,成都·武侯·桂溪,成都易联智通信息技术有限公司,民营,100-299人,本科,5-10年,"物联网, React, Node.js, APP前端开发",技术-前端开发-Node.js,2026-05-20 17:44:22,9.0,14.0,11.5,12.0,138.0,monthly,成都,武侯,桂溪,民营,100-299人,未知,技术,前端开发,Node.js
中级前端开发工程师,9000-13000元,成都·锦江·柳江,久远银海,上市公司,1000-9999人,本科,3-5年,"CSS, JavaScript, HTML5, Vue, Node.js, ERP项目",技术-前端开发-Node.js,2026-05-20 17:44:22,9.0,13.0,11.0,12.0,132.0,monthly,成都,锦江,柳江,上市公司,1000-9999人,未知,技术,前端开发,Node.js
Node.js,8000-13000元,成都·武侯·桂溪,成都江柏泉科技有限公司,20-99人,互联网广告/营销,学历不限,经验不限,,技术-前端开发-Node.js,2026-05-20 17:44:21,8.0,13.0,10.5,12.0,126.0,monthly,成都,武侯,桂溪,互联网广告/营销,20-99人,未知,技术,前端开发,Node.js
前端界面开发工程师,8000-13000元·13薪,成都·武侯·桂溪,松翰科技（成都）有限公司,股份制企业,20-99人,本科,经验不限,"Vue, C#, QT, Node.js",技术-前端开发-Node.js,2026-05-20 17:44:22,8.0,13.0,10.5,13.0,136.5,monthly,成都,武侯,桂溪,股份制企业,20-99人,未知,技术,前端开发,Node.js
低代码平台开发工程师,8000-12000元,成都·锦江·春熙路,同创双子(北京)信息技术股份有限公司,上市公司,100-299人,大专,3-5年,"NODEJS, SQL",技术-前端开发-Node.js,2026-05-20 17:44:21,8.0,12.0,10.0,12.0,120.0,monthly,成都,锦江,春熙路,上市公司,100-299人,未知,技术,前端开发,Node.js
前端工程师,6000-12000元,成都·武侯·桂溪,成都思瑞奇信息产业有限公司,民营,100-299人,本科,1-3年,"CSS, JavaScript, HTML5, Vue, Node.js, Three.js",技术-前端开发-Node.js,2026-05-20 17:44:22,6.0,12.0,9.0,12.0,108.0,monthly,成都,武侯,桂溪,民营,100-299人,未知,技术,前端开发,Node.js
前端开发工程师（需短期外派西藏）,7000-10000元,成都·武侯·桂溪,武汉炬视科技有限公司,民营,20人以下,本科,1-3年,"ERP项目, GIS/地图项目, 鸿蒙项目, CSS, JavaScript, HTML5",技术-前端开发-Node.js,2026-05-20 17:44:22,7.0,10.0,8.5,12.0,102.0,monthly,成都,武侯,桂溪,民营,20人以下,未知,技术,前端开发,Node.js
web前端工程师,6000-10000元·13薪,成都·金牛·茶店子,成都蓉意科技有限公司,民营,20-99人,大专,3-5年,"CSS, JavaScript, HTML5, Vue, Angular, Node.js",技术-前端开发-Node.js,2026-05-20 17:44:21,6.0,10.0,8.0,13.0,104.0,monthly,成都,金牛,茶店子,民营,20-99人,未知,技术,前端开发,Node.js
后端开发实习生,100-120元/天,成都·郫都·犀浦,浪潮集团,国企,10000人以上,本科,经验不限,"Java, Python, SQL, 数据结构, 算法基础, 后端开发",技术-前端开发-Node.js,2026-05-20 17:44:21,2.17,2.61,2.39,12.0,28.71,daily,成都,郫都,犀浦,国企,10000人以上,未知,技术,前端开发,Node.js
前端开发/后端开发/全栈工程师,1.5-3万·15薪,成都·武侯·桂溪,外企德科数字技术有限公司,合资,10000人以上,本科,经验不限,"C语言, Python",技术-前端开发-全栈工程师,2026-05-20 17:43:33,15.0,30.0,22.5,15.0,337.5,monthly,成都,武侯,桂溪,合资,10000人以上,未知,技术,前端开发,全栈工程师
AI应用全栈工程师,1.8-2.5万,成都·锦江·东湖,四川文鼎文化科技有限责任公司,民营,20-99人,本科,3-5年,"GoLang, Python, 前端开发, react, TypeScript, NEXT.JS",技术-前端开发-全栈工程师,2026-05-20 17:43:32,18.0,25.0,21.5,12.0,258.0,monthly,成都,锦江,东湖,民营,20-99人,未知,技术,前端开发,全栈工程师
前端开发/后端开发/全栈工程师,1.4-2.8万·15薪,成都·都江堰·聚源,外企德科数字技术有限公司,合资,10000人以上,本科,经验不限,"Python, Java, C, 前端开发, 后端开发, 软件测试, MySQL",技术-前端开发-全栈工程师,2026-05-20 17:43:33,14.0,28.0,21.0,15.0,315.0,monthly,成都,都江堰,聚源,合资,10000人以上,未知,技术,前端开发,全栈工程师
全栈工程师,1.5-2万,成都·武侯·金花桥,四川睿智毅行科技有限公司,20人以下,人工智能,大专,1-3年,"全栈工程师, AI",技术-前端开发-全栈工程师,2026-05-20 17:43:32,15.0,20.0,17.5,12.0,210.0,monthly,成都,武侯,金花桥,人工智能,20人以下,未知,技术,前端开发,全栈工程师
高级全栈工程师,1.3-2万,成都·金牛·抚琴,成都红芯创智科技有限公司,民营,20-99人,本科,3-5年,"MySQL, Redis, Java, 后端开发, 架构开发, 前端开发",技术-前端开发-全栈工程师,2026-05-20 17:43:32,13.0,20.0,16.5,12.0,198.0,monthly,成都,金牛,抚琴,民营,20-99人,未知,技术,前端开发,全栈工程师
中级全栈工程师,1.3-1.8万,成都·武侯·石羊,南京睿众博芯微电子技术有限公司,20-99人,,本科,3-5年,"Python, Java, JavaScript, C, Vue, ElementUI, MySQL",技术-前端开发-全栈工程师,2026-05-20 17:43:33,13.0,18.0,15.5,12.0,186.0,monthly,成都,武侯,石羊,未知,20-99人,未知,技术,前端开发,全栈工程师
全栈工程师,1.2-1.8万,成都·双流·兴隆,四川川能智网实业有限公司,国企,300-499人,本科,5-10年,"前端开发, 后端开发",技术-前端开发-全栈工程师,2026-05-20 17:43:34,12.0,18.0,15.0,12.0,180.0,monthly,成都,双流,兴隆,国企,300-499人,未知,技术,前端开发,全栈工程师
全栈工程师,1.3-1.5万·13薪,成都·青羊·草市街,成都港娱未来科技有限公司,20人以下,互联网电商,学历不限,经验不限,架构开发,技术-前端开发-全栈工程师,2026-05-20 17:43:32,13.0,15.0,14.0,13.0,182.0,monthly,成都,青羊,草市街,互联网电商,20人以下,未知,技术,前端开发,全栈工程师
全栈工程师,1.2-1.6万,成都·武侯·桂溪,普杉科技发展(四川)有限公司,民营,20-99人,本科,5-10年,"前端开发, 后端开发, 架构开发, Vue",技术-前端开发-全栈工程师,2026-05-20 17:43:33,12.0,16.0,14.0,12.0,168.0,monthly,成都,武侯,桂溪,民营,20-99人,未知,技术,前端开发,全栈工程师
前后端全栈工程师（vue和java方向）,1.2-1.6万,成都·金牛·荷花池,北京华铁视通科技有限公司,民营,20-99人,本科,5-10年,"Vue, Java, 后端开发, MySQL, MongoDB, Redis, Spring",技术-前端开发-全栈工程师,2026-05-20 17:43:34,12.0,16.0,14.0,12.0,168.0,monthly,成都,金牛,荷花池,民营,20-99人,未知,技术,前端开发,全栈工程师
全栈工程师,1.3-1.5万,成都·武侯·石羊,成都鞍马智行科技有限公司,民营,100-299人,本科,5-10年,"前端开发, 后端开发, 架构开发",技术-前端开发-全栈工程师,2026-05-20 17:44:03,13.0,15.0,14.0,12.0,168.0,monthly,成都,武侯,石羊,民营,100-299人,未知,技术,前端开发,全栈工程师
web全栈工程师,1.3-1.4万,成都·郫都·犀浦,四川中光防雷科技股份有限公司,上市公司,1000-9999人,本科,3-5年,"前端开发, 后端开发, Python, Java, MySQL, Redis",技术-前端开发-全栈工程师,2026-05-20 17:43:33,13.0,14.0,13.5,12.0,162.0,monthly,成都,郫都,犀浦,上市公司,1000-9999人,未知,技术,前端开发,全栈工程师
web全栈工程师,1.3-1.4万,成都·郫都·合作街道,厚普清洁能源(集团)股份有限公司,上市公司,500-999人,本科,3-5年,"前端开发, 后端开发, Python, Java, MySQL, WEB全栈开发",技术-前端开发-全栈工程师,2026-05-20 17:43:33,13.0,14.0,13.5,12.0,162.0,monthly,成都,郫都,合作街道,上市公司,500-999人,未知,技术,前端开发,全栈工程师
AI全栈工程师,1.1-1.5万,成都·成华·双桥子,四川夏商周建设工程有限公司,民营,20-99人,大专,1-3年,,技术-前端开发-全栈工程师,2026-05-20 17:43:33,11.0,15.0,13.0,12.0,156.0,monthly,成都,成华,双桥子,民营,20-99人,未知,技术,前端开发,全栈工程师
全栈工程师,1-1.5万,成都·双流·兴隆,成都创雅达科技有限公司,民营,20人以下,本科,5-10年,"前端开发, 后端开发, JavaScript, jQuery, Java, MySQL",技术-前端开发-全栈工程师,2026-05-20 17:43:32,10.0,15.0,12.5,12.0,150.0,monthly,成都,双流,兴隆,民营,20人以下,未知,技术,前端开发,全栈工程师
前端开发/后端开发/全栈工程师,1-1.5万·14薪,成都·双流·西航港,外企德科数字技术有限公司,合资,10000人以上,本科,经验不限,"前端开发, 后端开发, Java, C++, MySQL, JavaScript, Vue",技术-前端开发-全栈工程师,2026-05-20 17:43:33,10.0,15.0,12.5,14.0,175.0,monthly,成都,双流,西航港,合资,10000人以上,未知,技术,前端开发,全栈工程师
java全栈工程师,9000-15000元,成都·青羊·黄田坝,品尚信息科技(吉林省)有限责任公司,民营,20-99人,本科,3-5年,"ERP, Python, Java, MySQL, 前端开发, 后端开发",技术-前端开发-全栈工程师,2026-05-20 17:43:54,9.0,15.0,12.0,12.0,144.0,monthly,成都,青羊,黄田坝,民营,20-99人,未知,技术,前端开发,全栈工程师
全栈工程师,1-1.3万,成都·武侯·桂溪,普杉科技发展(四川)有限公司,民营,20-99人,本科,5-10年,"微服务架构, 全栈开发, Spring, 架构开发",技术-前端开发-全栈工程师,2026-05-20 17:43:32,10.0,13.0,11.5,12.0,138.0,monthly,成都,武侯,桂溪,民营,20-99人,未知,技术,前端开发,全栈工程师
全栈工程师,1.1-1.2万,成都·双流·华阳,成都迈思信息技术有限公司,民营,1000-9999人,大专,5-10年,"前端开发, Vue, Java, MySQL",技术-前端开发-全栈工程师,2026-05-20 17:43:33,11.0,12.0,11.5,12.0,138.0,monthly,成都,双流,华阳,民营,1000-9999人,未知,技术,前端开发,全栈工程师
java全栈工程师,8000-15000元,成都·武侯·石羊,成都拓驰科技有限公司,民营,20-99人,本科,3-5年,"Java, 架构开发",技术-前端开发-全栈工程师,2026-05-20 17:44:13,8.0,15.0,11.5,12.0,138.0,monthly,成都,武侯,石羊,民营,20-99人,未知,技术,前端开发,全栈工程师
全栈工程师,8000-13000元,成都·金牛·桂溪,成都江柏泉科技有限公司,20-99人,互联网广告/营销,学历不限,经验不限,,技术-前端开发-全栈工程师,2026-05-20 17:43:32,8.0,13.0,10.5,12.0,126.0,monthly,成都,金牛,桂溪,互联网广告/营销,20-99人,未知,技术,前端开发,全栈工程师
全栈工程师,8000-12000元,成都·郫都·红光,中铁科学研究院集团有限公司,国企,1000-9999人,学历不限,3-5年,"前端开发, 后端开发, 架构开发, JavaScript, Python, Java",技术-前端开发-全栈工程师,2026-05-20 17:43:34,8.0,12.0,10.0,12.0,120.0,monthly,成都,郫都,红光,国企,1000-9999人,未知,技术,前端开发,全栈工程师
信息化JAVA全栈工程师（全职）,8000-12000元,成都·双流·怡心,深圳市中钞科信金融科技有限公司,国企,300-499人,本科,经验不限,"Java, MySQL, Oracle, 后端开发, 前端开发",技术-前端开发-全栈工程师,2026-05-20 17:43:44,8.0,12.0,10.0,12.0,120.0,monthly,成都,双流,怡心,国企,300-499人,未知,技术,前端开发,全栈工程师
h5前端开发工程师,1.8-3万,成都·锦江·春熙路,苏州人瑞普惠人力资源服务有限公司,上市公司,1000-9999人,大专,3-5年,"Vue, React, CSS, JavaScript, 移动端H5开发, 前端性能优化",技术-前端开发-前端开发,2026-05-20 17:42:43,18.0,30.0,24.0,12.0,288.0,monthly,成都,锦江,春熙路,上市公司,1000-9999人,未知,技术,前端开发,前端开发
后/前端开发、测试【24/25/无经验也可投】接受java、c＋＋、js不限语言,1.5-3万·14薪,成都·郫都·合作街道,外企德科数字技术有限公司,合资,10000人以上,本科,经验不限,"前端开发, 后端开发, JavaScript, C, C++, Java",技术-前端开发-前端开发,2026-05-20 17:42:44,15.0,30.0,22.5,14.0,315.0,monthly,成都,郫都,合作街道,合资,10000人以上,未知,技术,前端开发,前端开发
前端开发/后端开发/全栈工程师,1.5-3万·15薪,成都·武侯·桂溪,外企德科数字技术有限公司,合资,10000人以上,本科,经验不限,"C语言, Python",技术-前端开发-前端开发,2026-05-20 17:42:44,15.0,30.0,22.5,15.0,337.5,monthly,成都,武侯,桂溪,合资,10000人以上,未知,技术,前端开发,前端开发
java/c++/C/Python/前端开发工程师,1.5-3万·14薪,成都·郫都·合作街道,外企德科数字技术有限公司,合资,10000人以上,本科,经验不限,"JavaScript, Python, C++",技术-前端开发-前端开发,2026-05-20 17:42:54,15.0,30.0,22.5,14.0,315.0,monthly,成都,郫都,合作街道,合资,10000人以上,未知,技术,前端开发,前端开发
web前端开发助理,1.5-1.7万,成都·郫都·合作街道,厚普清洁能源(集团)股份有限公司,上市公司,500-999人,大专,经验不限,"前端开发, 后端开发",技术-前端开发-前端开发,2026-05-20 17:42:44,15.0,17.0,16.0,12.0,192.0,monthly,成都,郫都,合作街道,上市公司,500-999人,未知,技术,前端开发,前端开发
web3d前端开发工程师,1-1.8万,成都·金牛·九里堤,成都瑞特数字科技有限责任公司,民营,20-99人,本科,5-10年,"WebGL, Three.js, 机械臂, 运动控制, 仿真",技术-前端开发-前端开发,2026-05-20 17:42:43,10.0,18.0,14.0,12.0,168.0,monthly,成都,金牛,九里堤,民营,20-99人,未知,技术,前端开发,前端开发
前端开发,1.2-1.5万·13薪,成都·双流,成都港娱未来科技有限公司,20人以下,互联网电商,高中,经验不限,"HTML5, CSS, 金融项目, Express, 游戏项目, Redux",技术-前端开发-前端开发,2026-05-20 17:42:42,12.0,15.0,13.5,13.0,175.5,monthly,成都,双流,,互联网电商,20人以下,未知,技术,前端开发,前端开发
初级前端开发程序员,1.2-1.4万·13薪,成都·武侯·草市街,青岛青柠檬人力资源有限公司,100-299人,人力资源,中专/中技,经验不限,"大屏/可视化项目, Unity3D, Leaflet, JavaScript, TypeScript",技术-前端开发-前端开发,2026-05-20 17:42:42,12.0,14.0,13.0,13.0,169.0,monthly,成都,武侯,草市街,人力资源,100-299人,未知,技术,前端开发,前端开发
前端开发工程师,1.2-1.4万,成都·成华·猛追湾,广州哇达科技有限公司,20-99人,互联网社交/数字内容,大专,经验不限,"HTML5, CSS, JavaScript, Vue, React, uni-app",技术-前端开发-前端开发,2026-05-20 17:42:43,12.0,14.0,13.0,12.0,156.0,monthly,成都,成华,猛追湾,互联网社交/数字内容,20-99人,未知,技术,前端开发,前端开发
前端开发/后端开发/全栈工程师,1-1.5万·14薪,成都·双流·西航港,外企德科数字技术有限公司,合资,10000人以上,本科,经验不限,"前端开发, 后端开发, Java, C++, MySQL, JavaScript, Vue",技术-前端开发-前端开发,2026-05-20 17:42:43,10.0,15.0,12.5,14.0,175.0,monthly,成都,双流,西航港,合资,10000人以上,未知,技术,前端开发,前端开发
前端开发工程师,1.1-1.2万,成都·郫都·犀浦,深圳新思,上市公司,1000-9999人,本科,3-5年,工业项目,技术-前端开发-前端开发,2026-05-20 17:42:43,11.0,12.0,11.5,12.0,138.0,monthly,成都,郫都,犀浦,上市公司,1000-9999人,未知,技术,前端开发,前端开发
高级WEB前端开发工程师,9000-13000元,成都·金牛·营门口,成都汇码科技有限公司,民营,20-99人,大专,5-10年,"UNIAPP, React, JAVASCRIPT ES6+, HTTP, PNPM",技术-前端开发-前端开发,2026-05-20 17:42:44,9.0,13.0,11.0,12.0,132.0,monthly,成都,金牛,营门口,民营,20-99人,未知,技术,前端开发,前端开发
前端开发,8000-13000元,成都·锦江·桂溪,成都江柏泉科技有限公司,20-99人,互联网广告/营销,学历不限,经验不限,,技术-前端开发-前端开发,2026-05-20 17:42:43,8.0,13.0,10.5,12.0,126.0,monthly,成都,锦江,桂溪,互联网广告/营销,20-99人,未知,技术,前端开发,前端开发
前端开发工程师,8000-13000元,成都·双流·正兴,北京领雁科技股份有限公司,股份制企业,1000-9999人,本科,1-3年,"JavaScript, HTML5, Vue, CSS",技术-前端开发-前端开发,2026-05-20 17:42:44,8.0,13.0,10.5,12.0,126.0,monthly,成都,双流,正兴,股份制企业,1000-9999人,未知,技术,前端开发,前端开发
初级前端开发,8000-13000元·13薪,成都·温江·柳城,成都锦属狗科技有限公司,民营,100-299人,学历不限,经验不限,"Vue, uni-app",技术-前端开发-前端开发,2026-05-20 17:42:44,8.0,13.0,10.5,13.0,136.5,monthly,成都,温江,柳城,民营,100-299人,未知,技术,前端开发,前端开发
采购前端开发工程师,7000-12000元,成都·武侯·金花桥,成都万创科技股份有限公司,股份制企业,300-499人,本科,3-5年,"电子元器件, 结构件",技术-前端开发-前端开发,2026-05-20 17:42:43,7.0,12.0,9.5,12.0,114.0,monthly,成都,武侯,金花桥,股份制企业,300-499人,未知,技术,前端开发,前端开发
微众银行招前端开发专员7000+五险一金,7000-11000元,成都·武侯·簇锦,成都微众信科数字科技有限公司,20人以下,金融科技/数字金融,大专,1-3年,"企业客户, 不加班",技术-前端开发-前端开发,2026-05-20 17:42:42,7.0,11.0,9.0,12.0,108.0,monthly,成都,武侯,簇锦,金融科技/数字金融,20人以下,未知,技术,前端开发,前端开发
vue前端开发工程师,8000-10000元,成都·武侯·红牌楼,重庆翻翻科技有限公司,民营,20人以下,学历不限,经验不限,"大屏/可视化项目, uni-app, Vue, ElementUI, JavaScript",技术-前端开发-前端开发,2026-05-20 17:42:44,8.0,10.0,9.0,12.0,108.0,monthly,成都,武侯,红牌楼,民营,20人以下,未知,技术,前端开发,前端开发
前端开发工程师,7000-9000元·13薪,成都·武侯·桂溪,四川任由行通信科技有限公司,民营,20-99人,大专,经验不限,"CSS, JavaScript, HTML5, Vue, React, 跨端适配",技术-前端开发-前端开发,2026-05-20 17:42:43,7.0,9.0,8.0,13.0,104.0,monthly,成都,武侯,桂溪,民营,20-99人,未知,技术,前端开发,前端开发
前端开发工程师,5000-10000元,成都·双流·华阳,成都九洲通达科技有限公司,民营,20-99人,大专,经验不限,"Python, GOLONG, 软件项目, AI项目",技术-前端开发-前端开发,2026-05-20 17:42:43,5.0,10.0,7.5,12.0,90.0,monthly,成都,双流,华阳,民营,20-99人,未知,技术,前端开发,前端开发
JAVA/JS/C/C++/Python/go/测试,1.5-3万·14薪,成都·郫都·合作街道,外企德科数字技术有限公司,合资,10000人以上,本科,经验不限,"JavaScript, Python, C++",技术-后端开发-C/C++,2026-05-20 17:21:06,15.0,30.0,22.5,14.0,315.0,monthly,成都,郫都,合作街道,合资,10000人以上,未知,技术,后端开发,C/C++
C/C++/Java/JS/Python软开（接受应届）,1.5-3万,成都·郫都·合作街道,外企德科数字技术有限公司,合资,10000人以上,本科,经验不限,"JavaScript, Python, C++, Spring, MySQL",技术-后端开发-C/C++,2026-05-20 17:21:07,15.0,30.0,22.5,12.0,270.0,monthly,成都,郫都,合作街道,合资,10000人以上,未知,技术,后端开发,C/C++
Java/C++/python/c/算法岗位,1.5-3万,成都·郫都·合作街道,外企德科数字技术有限公司,合资,10000人以上,本科,经验不限,,技术-后端开发-C/C++,2026-05-20 17:21:07,15.0,30.0,22.5,12.0,270.0,monthly,成都,郫都,合作街道,合资,10000人以上,未知,技术,后端开发,C/C++
C/C++/JAVA/Python/大数据/AI/开发（一二线城市均有岗位需求）,1.5-3万·14薪,成都·郫都·合作街道,外企德科数字技术有限公司,合资,10000人以上,本科,经验不限,"C++, Python, C#",技术-后端开发-C/C++,2026-05-20 17:21:16,15.0,30.0,22.5,14.0,315.0,monthly,成都,郫都,合作街道,合资,10000人以上,未知,技术,后端开发,C/C++
Java/C/C++/Python//JS/无经验可投递,1.5-3万·14薪,成都·郫都·合作街道,外企德科数字技术有限公司,合资,10000人以上,本科,经验不限,"Java, Python",技术-后端开发-C/C++,2026-05-20 17:21:17,15.0,30.0,22.5,14.0,315.0,monthly,成都,郫都,合作街道,合资,10000人以上,未知,技术,后端开发,C/C++
JAVA/C++/C/Python 14薪双休 应届生可投,1.5-3万,成都·锦江·书院街,外企德科数字技术有限公司,合资,10000人以上,本科,经验不限,"C++, Python, JavaScript, Spring, Hibernate, Struts",技术-后端开发-C/C++,2026-05-20 17:21:24,15.0,30.0,22.5,12.0,270.0,monthly,成都,锦江,书院街,合资,10000人以上,未知,技术,后端开发,C/C++
java/c++/C/Python/前端开发工程师,1.5-3万·14薪,成都·郫都·合作街道,外企德科数字技术有限公司,合资,10000人以上,本科,经验不限,"JavaScript, Python, C++",技术-后端开发-C/C++,2026-05-20 17:21:24,15.0,30.0,22.5,14.0,315.0,monthly,成都,郫都,合作街道,合资,10000人以上,未知,技术,后端开发,C/C++
Java/Python/C/C++/数开/测试/算法/前端岗,1.5-3万·14薪,成都·郫都·合作街道,外企德科数字技术有限公司,合资,10000人以上,本科,经验不限,"Python, C++, C, Java, 通信/物联网/自动化, 嵌入式",技术-后端开发-C/C++,2026-05-20 17:21:24,15.0,30.0,22.5,14.0,315.0,monthly,成都,郫都,合作街道,合资,10000人以上,未知,技术,后端开发,C/C++
c++/python/java/c/算法/测试,1.5-3万·14薪,成都·郫都·合作街道,外企德科数字技术有限公司,合资,10000人以上,本科,经验不限,"C语言, Java, Python",技术-后端开发-C/C++,2026-05-20 17:21:24,15.0,30.0,22.5,14.0,315.0,monthly,成都,郫都,合作街道,合资,10000人以上,未知,技术,后端开发,C/C++
软件开发工程师（Java/C/C++/python/JS）,1.5-3万,成都·郫都·合作街道,外企德科数字技术有限公司,合资,10000人以上,本科,经验不限,"C, C++, Python",技术-后端开发-C/C++,2026-05-20 17:21:44,15.0,30.0,22.5,12.0,270.0,monthly,成都,郫都,合作街道,合资,10000人以上,未知,技术,后端开发,C/C++
JAVA/C/C++软件开发,1.5-3万·14薪,成都·郫都·合作街道,外企德科数字技术有限公司,合资,10000人以上,本科,经验不限,"C语言, C#, Python",技术-后端开发-C/C++,2026-05-20 17:21:44,15.0,30.0,22.5,14.0,315.0,monthly,成都,郫都,合作街道,合资,10000人以上,未知,技术,后端开发,C/C++
Java/Python/C/C++/Web/测试工程师,1.4-2.8万·16薪,成都·双流·西航港,外企德科数字技术有限公司,合资,10000人以上,本科,经验不限,"JavaScript, C++, Spring, C, Mybatis, MySQL, Redis",技术-后端开发-C/C++,2026-05-20 17:21:44,14.0,28.0,21.0,16.0,336.0,monthly,成都,双流,西航港,合资,10000人以上,未知,技术,后端开发,C/C++
JAVA/C/C++/Python/前端/测试（接受应届 经验不限 福利待遇好）,1.5-2.7万·14薪,成都·郫都·合作街道,外企德科数字技术有限公司,合资,10000人以上,本科,经验不限,"C++, C#, C",技术-后端开发-C/C++,2026-05-20 17:21:45,15.0,27.0,21.0,14.0,294.0,monthly,成都,郫都,合作街道,合资,10000人以上,未知,技术,后端开发,C/C++
软件开发（C/C++/Java/Python/Go/JS）,1.5-2.5万·14薪,成都·郫都·合作街道,外企德科数字技术有限公司,合资,10000人以上,本科,经验不限,"C, C++, Python, Java, JS, GO",技术-后端开发-C/C++,2026-05-20 17:21:06,15.0,25.0,20.0,14.0,280.0,monthly,成都,郫都,合作街道,合资,10000人以上,未知,技术,后端开发,C/C++
Java/C/C++/Python/JS 软件开发测试工程师,1.5-2.5万·14薪,成都·郫都·合作街道,外企德科数字技术有限公司,合资,10000人以上,本科,经验不限,"C++, Python, C, Java, JS",技术-后端开发-C/C++,2026-05-20 17:21:45,15.0,25.0,20.0,14.0,280.0,monthly,成都,郫都,合作街道,合资,10000人以上,未知,技术,后端开发,C/C++
Java/python/C/C++/JS前后端软件开发工程师,1.3-2.6万·14薪,成都·郫都·合作街道,外企德科数字技术有限公司,合资,10000人以上,本科,经验不限,"JavaScript, Python, C++",技术-后端开发-C/C++,2026-05-20 17:21:06,13.0,26.0,19.5,14.0,273.0,monthly,成都,郫都,合作街道,合资,10000人以上,未知,技术,后端开发,C/C++
Java/C/C++/python/测试工程师,1.3-2.6万·14薪,成都·郫都·合作街道,外企德科数字技术有限公司,合资,10000人以上,本科,经验不限,"Java, Python, C/C++",技术-后端开发-C/C++,2026-05-20 17:21:16,13.0,26.0,19.5,14.0,273.0,monthly,成都,郫都,合作街道,合资,10000人以上,未知,技术,后端开发,C/C++
Python/Java/C++/C软开/软测【14-16薪】,1.2-2.4万·14薪,成都·郫都·合作街道,外企德科数字技术有限公司,合资,10000人以上,本科,经验不限,"Python, Java, C++",技术-后端开发-C/C++,2026-05-20 17:21:05,12.0,24.0,18.0,14.0,252.0,monthly,成都,郫都,合作街道,合资,10000人以上,未知,技术,后端开发,C/C++
Java/C++/python/c/算法岗位,1.2-2.4万·14薪,成都·郫都·合作街道,外企德科数字技术有限公司,合资,10000人以上,本科,1-3年,"Python, C++, C#",技术-后端开发-C/C++,2026-05-20 17:21:07,12.0,24.0,18.0,14.0,252.0,monthly,成都,郫都,合作街道,合资,10000人以上,未知,技术,后端开发,C/C++
c/c++开发（武汉办公）,9000-18000元,成都·武侯·桂溪,软通动力信息技术(集团)股份有限公司,上市公司,10000人以上,本科,1-3年,C语言,技术-后端开发-C/C++,2026-05-20 17:21:06,9.0,18.0,13.5,12.0,162.0,monthly,成都,武侯,桂溪,上市公司,10000人以上,未知,技术,后端开发,C/C++
车队直营直招C照小车司机（不租+不买+0押）,9000-13000元,成都·温江·柳城,四川智行易达运力科技有限公司,其它,100-299人,学历不限,3-5年,"C照满3年以上, 公司提供车, 餐补住宿补贴",技术-后端开发-C/C++,2026-05-20 17:21:06,9.0,13.0,11.0,12.0,132.0,monthly,成都,温江,柳城,其它,100-299人,未知,技术,后端开发,C/C++
7600招5位C照司机,9000-12000元,成都·新都·大丰,四川智行易达运力科技有限公司,其它,100-299人,学历不限,3-5年,"公司提供电车, C1驾照, C2驾照, B1驾照, B2驾照, A1驾照",技术-后端开发-C/C++,2026-05-20 17:21:06,9.0,12.0,10.5,12.0,126.0,monthly,成都,新都,大丰,其它,100-299人,未知,技术,后端开发,C/C++
c照驾驶员,9000-12000元,成都·新津·宝墩,四川虎跃龙腾出行科技有限公司,民营,20-99人,学历不限,3-5年,"C2驾照, 公司提供电车, 3-5年驾龄",技术-后端开发-C/C++,2026-05-20 17:21:06,9.0,12.0,10.5,12.0,126.0,monthly,成都,新津,宝墩,民营,20-99人,未知,技术,后端开发,C/C++
招C照司机,9000-12000元,成都·温江·柳城,四川智行易达运力科技有限公司,其它,100-299人,学历不限,经验不限,"公司提供电车, C1驾照, 3-5年驾龄",技术-后端开发-C/C++,2026-05-20 17:21:07,9.0,12.0,10.5,12.0,126.0,monthly,成都,温江,柳城,其它,100-299人,未知,技术,后端开发,C/C++
7600招C照接送司机,8000-12000元,成都·双流·东升,四川智行易达运力科技有限公司,其它,100-299人,中专/中技,3-5年,"公司提供电车, C1驾照, 3-5年驾龄",技术-后端开发-C/C++,2026-05-20 17:21:06,8.0,12.0,10.0,12.0,120.0,monthly,成都,双流,东升,其它,100-299人,未知,技术,后端开发,C/C++
急聘机场景区接送司机（C照驾驶员月入上万）,8000-12000元,成都·锦江·锦官驿,四川智行易达运力科技有限公司,其它,100-299人,学历不限,3-5年,"C1驾照, 公司提供电车, C2驾照, B1驾照, 3-5年驾龄",技术-后端开发-C/C++,2026-05-20 17:21:07,8.0,12.0,10.0,12.0,120.0,monthly,成都,锦江,锦官驿,其它,100-299人,未知,技术,后端开发,C/C++
招聘C照货运司机,7000-12000元,成都·新都·新都街道,烽益物流配送(四川)有限公司,民营,20-99人,学历不限,1-3年,"4米2货车, 栏板式货车, C1驾驶证, 短途货运, 长途货运",技术-后端开发-C/C++,2026-05-20 17:21:06,7.0,12.0,9.5,12.0,114.0,monthly,成都,新都,新都街道,民营,20-99人,未知,技术,后端开发,C/C++
c照驾驶员,9000-10000元,成都·都江堰·幸福街道,四川虎跃龙腾出行科技有限公司,民营,20-99人,学历不限,1-3年,"公司提供电车, C2驾照, 2-3年驾龄",技术-后端开发-C/C++,2026-05-20 17:21:07,9.0,10.0,9.5,12.0,114.0,monthly,成都,都江堰,幸福街道,民营,20-99人,未知,技术,后端开发,C/C++
C照货车司机,7000-12000元,成都·青白江,成都佳馨运供应链管理有限公司,20-99人,综合商贸,学历不限,经验不限,"C1驾驶证, B2驾驶证, A2驾驶证, 栏板式货车, 厢式货车",技术-后端开发-C/C++,2026-05-20 17:21:07,7.0,12.0,9.5,12.0,114.0,monthly,成都,青白江,,综合商贸,20-99人,未知,技术,后端开发,C/C++
C/C++ 开发+武汉,7000-10000元,成都·郫都·友爱,软通动力信息技术(集团)股份有限公司,上市公司,10000人以上,本科,1-3年,"C语言, Linux开发, STL, C++",技术-后端开发-C/C++,2026-05-20 17:21:05,7.0,10.0,8.5,12.0,102.0,monthly,成都,郫都,友爱,上市公司,10000人以上,未知,技术,后端开发,C/C++
计量校准工程师C,5000-8000元,成都·成华·龙潭,四川民仁消防工程有限公司,民营,20-99人,大专,5-10年,"CNAS质量负责人, 计量校准, 计量建标, CNAS评审",技术-后端开发-C/C++,2026-05-20 17:21:05,5.0,8.0,6.5,12.0,78.0,monthly,成都,成华,龙潭,民营,20-99人,未知,技术,后端开发,C/C++
C照司机0费用,6000-7000元,成都·蒲江·鹤山,四川智行易达运力科技有限公司,其它,100-299人,学历不限,经验不限,"C1驾照, 公司提供电车, 2-3年驾龄",技术-后端开发-C/C++,2026-05-20 17:21:07,6.0,7.0,6.5,12.0,78.0,monthly,成都,蒲江,鹤山,其它,100-299人,未知,技术,后端开发,C/C++
golang工程师,1.5-3万,成都·双流·煎茶,四川数聚智造科技有限公司,民营,100-299人,本科,5-10年,,技术-后端开发-Golang,2026-05-20 17:21:55,15.0,30.0,22.5,12.0,270.0,monthly,成都,双流,煎茶,民营,100-299人,未知,技术,后端开发,Golang
Golang,1.5-3万,成都·双流·煎茶,四川数聚智造科技有限公司,民营,100-299人,本科,1-3年,软件项目,技术-后端开发-Golang,2026-05-20 17:21:55,15.0,30.0,22.5,12.0,270.0,monthly,成都,双流,煎茶,民营,100-299人,未知,技术,后端开发,Golang
软件开发工程师（语言不限）,1.5-3万·14薪,成都·郫都·合作街道,外企德科数字技术有限公司,合资,10000人以上,本科,经验不限,"C++, Java, Spring, MySQL, 数据结构, 算法",技术-后端开发-Golang,2026-05-20 17:21:56,15.0,30.0,22.5,14.0,315.0,monthly,成都,郫都,合作街道,合资,10000人以上,未知,技术,后端开发,Golang
java（国企直签）,1.5-2万,成都·锦江·柳江,成都迈思信息技术有限公司,民营,1000-9999人,本科,5-10年,,技术-后端开发-Golang,2026-05-20 17:23:18,15.0,20.0,17.5,12.0,210.0,monthly,成都,锦江,柳江,民营,1000-9999人,未知,技术,后端开发,Golang
GOLANG后端开发驻场工程师（能源传感所/清蓉深瞳）,1.5-1.9万,成都·双流·正兴,成都清蓉深瞳科技有限责任公司,20人以下,半导体/芯片,本科,3-5年,,技术-后端开发-Golang,2026-05-20 17:21:55,15.0,19.0,17.0,12.0,204.0,monthly,成都,双流,正兴,半导体/芯片,20人以下,未知,技术,后端开发,Golang
Golang后端开发工程师（ERP）,1.4-2万,成都·武侯·桂溪,北京东方思锐软件技术有限责任公司,民营,20-99人,大专,3-5年,"Golang, ERP",技术-后端开发-Golang,2026-05-20 17:21:55,14.0,20.0,17.0,12.0,204.0,monthly,成都,武侯,桂溪,民营,20-99人,未知,技术,后端开发,Golang
Golang高级后端工程师（成都，五险一金）,1.3-1.8万,成都·武侯·桂溪,大榕树供应链科技集团有限公司,股份制企业,300-499人,本科,5-10年,"后端开发, Golang, 高级软件工程师",技术-后端开发-Golang,2026-05-20 17:21:54,13.0,18.0,15.5,12.0,186.0,monthly,成都,武侯,桂溪,股份制企业,300-499人,未知,技术,后端开发,Golang
无人机JAVA工程师,1.3-1.6万,成都·金牛·猛追湾,青岛青柠檬人力资源有限公司,100-299人,人力资源,高中,经验不限,JavaScript,技术-后端开发-Golang,2026-05-20 17:21:56,13.0,16.0,14.5,12.0,174.0,monthly,成都,金牛,猛追湾,人力资源,100-299人,未知,技术,后端开发,Golang
Python,1.3-1.6万,成都·双流,成都港娱未来科技有限公司,20人以下,互联网电商,高中,经验不限,,技术-后端开发-Golang,2026-05-20 17:21:57,13.0,16.0,14.5,12.0,174.0,monthly,成都,双流,,互联网电商,20人以下,未知,技术,后端开发,Golang
开发java架构,1.3-1.5万·13薪,成都·武侯·草市街,青岛青柠檬人力资源有限公司,100-299人,人力资源,学历不限,经验不限,C++,技术-后端开发-Golang,2026-05-20 17:21:55,13.0,15.0,14.0,13.0,182.0,monthly,成都,武侯,草市街,人力资源,100-299人,未知,技术,后端开发,Golang
golang开发·成都(外派互联网大厂),1.3-1.4万,成都·成华·万年场,软通动力信息技术(集团)股份有限公司,上市公司,10000人以上,本科,1-3年,"GO, Golang, MySQL, Redis, ES, 客服系统",技术-后端开发-Golang,2026-05-20 17:21:54,13.0,14.0,13.5,12.0,162.0,monthly,成都,成华,万年场,上市公司,10000人以上,未知,技术,后端开发,Golang
java开发工程师,1.3-1.4万,成都·武侯·石羊,武汉伯钧网络科技有限公司,民营,20-99人,本科,3-5年,"JavaScript, MySQL",技术-后端开发-Golang,2026-05-20 17:21:56,13.0,14.0,13.5,12.0,162.0,monthly,成都,武侯,石羊,民营,20-99人,未知,技术,后端开发,Golang
golang开发工程师,1-1.5万,成都·武侯·桂溪,深圳市法本信息技术股份有限公司,上市公司,1000-9999人,本科,3-5年,"GOLANG后端服务, 容器技术使用, 分布式系统开发",技术-后端开发-Golang,2026-05-20 17:21:54,10.0,15.0,12.5,12.0,150.0,monthly,成都,武侯,桂溪,上市公司,1000-9999人,未知,技术,后端开发,Golang
golang开发工程师,1.2-1.3万,成都·成华·万年场,北京合正未来科技有限公司,民营,20-99人,本科,1-3年,"Golang, GO",技术-后端开发-Golang,2026-05-20 17:21:55,12.0,13.0,12.5,12.0,150.0,monthly,成都,成华,万年场,民营,20-99人,未知,技术,后端开发,Golang
golang开发工程师【接受Java/PHP转】,1.2-1.3万,成都·成华·万年场,深圳中迈信息技术有限公司,股份制企业,500-999人,本科,3-5年,"PHP, Java, GO",技术-后端开发-Golang,2026-05-20 17:21:55,12.0,13.0,12.5,12.0,150.0,monthly,成都,成华,万年场,股份制企业,500-999人,未知,技术,后端开发,Golang
golang/Java开发工程师,1-1.5万,成都·武侯·簇锦,成都隧越建设有限公司,民营,100-299人,本科,3-5年,"Java, Golang",技术-后端开发-Golang,2026-05-20 17:21:55,10.0,15.0,12.5,12.0,150.0,monthly,成都,武侯,簇锦,民营,100-299人,未知,技术,后端开发,Golang
golang开发工程师,1-1.5万,成都·武侯·簇锦,成都隧越建设有限公司,民营,100-299人,本科,3-5年,,技术-后端开发-Golang,2026-05-20 17:21:55,10.0,15.0,12.5,12.0,150.0,monthly,成都,武侯,簇锦,民营,100-299人,未知,技术,后端开发,Golang
中级java工程师,1.2-1.3万,成都·武侯·桂溪,中电金信软件有限公司,国企,10000人以上,本科,3-5年,"Java, 后端开发, 多线程, MySQL, Oracle, Redis",技术-后端开发-Golang,2026-05-20 17:22:38,12.0,13.0,12.5,12.0,150.0,monthly,成都,武侯,桂溪,国企,10000人以上,未知,技术,后端开发,Golang
golang工程师,1-1.4万,成都·武侯·桂溪,软通动力信息技术(集团)股份有限公司,上市公司,10000人以上,本科,1-3年,"Python, Linux, Golang, ODD",技术-后端开发-Golang,2026-05-20 17:21:54,10.0,14.0,12.0,12.0,144.0,monthly,成都,武侯,桂溪,上市公司,10000人以上,未知,技术,后端开发,Golang
用友Java开发顾问,1.1-1.3万,成都·青羊·文家,四川创智优联科技有限公司,民营,20-99人,本科,1-3年,,技术-后端开发-Golang,2026-05-20 17:21:56,11.0,13.0,12.0,12.0,144.0,monthly,成都,青羊,文家,民营,20-99人,未知,技术,后端开发,Golang
Golang,8000-13000元,成都·温江·桂溪,成都江柏泉科技有限公司,20-99人,互联网广告/营销,学历不限,经验不限,,技术-后端开发-Golang,2026-05-20 17:21:54,8.0,13.0,10.5,12.0,126.0,monthly,成都,温江,桂溪,互联网广告/营销,20-99人,未知,技术,后端开发,Golang
初级JAVA 开发（助教岗位）,6000-10000元,成都·锦江·锦官驿,成都海德在线教育科技有限公司,民营,20-99人,本科,1-3年,"JavaScript, Python, Spring, Hibernate, MySQL",技术-后端开发-Golang,2026-05-20 17:21:56,6.0,10.0,8.0,12.0,96.0,monthly,成都,锦江,锦官驿,民营,20-99人,未知,技术,后端开发,Golang
高级java工程师,1.8-2.5万,成都·成华·府青路,成都厉害宠物服务有限公司,民营,300-499人,大专,经验不限,"MySQL, SQLServer, Redis",技术-后端开发-Java,2026-05-20 17:19:28,18.0,25.0,21.5,12.0,258.0,monthly,成都,成华,府青路,民营,300-499人,未知,技术,后端开发,Java
Python/Java/C++/C软开/软测【14-16薪】,1.2-2.4万·14薪,成都·郫都·合作街道,外企德科数字技术有限公司,合资,10000人以上,本科,经验不限,"Python, Java, C++",技术-后端开发-Java,2026-05-20 17:19:28,12.0,24.0,18.0,14.0,252.0,monthly,成都,郫都,合作街道,合资,10000人以上,未知,技术,后端开发,Java
java（国企直签）,1.5-2万,成都·锦江·柳江,成都迈思信息技术有限公司,民营,1000-9999人,本科,5-10年,,技术-后端开发-Java,2026-05-20 17:19:27,15.0,20.0,17.5,12.0,210.0,monthly,成都,锦江,柳江,民营,1000-9999人,未知,技术,后端开发,Java
java架构师,1.6-1.7万,成都·金牛·茶店子,永乐华航,民营,100-299人,本科,5-10年,"前端开发, 后端开发",技术-后端开发-Java,2026-05-20 17:19:28,16.0,17.0,16.5,12.0,198.0,monthly,成都,金牛,茶店子,民营,100-299人,未知,技术,后端开发,Java
无人机JAVA工程师,1.3-1.6万,成都·金牛·猛追湾,青岛青柠檬人力资源有限公司,100-299人,人力资源,高中,经验不限,JavaScript,技术-后端开发-Java,2026-05-20 17:19:27,13.0,16.0,14.5,12.0,174.0,monthly,成都,金牛,猛追湾,人力资源,100-299人,未知,技术,后端开发,Java
开发java架构,1.3-1.5万·13薪,成都·武侯·草市街,青岛青柠檬人力资源有限公司,100-299人,人力资源,学历不限,经验不限,C++,技术-后端开发-Java,2026-05-20 17:19:27,13.0,15.0,14.0,13.0,182.0,monthly,成都,武侯,草市街,人力资源,100-299人,未知,技术,后端开发,Java
java开发工程师,1.2-1.6万,成都·成华·猛追湾,广州哇达科技有限公司,20-99人,互联网社交/数字内容,大专,经验不限,"Spring, MySQL, Redis, 微服务架构, 高并发系统优化",技术-后端开发-Java,2026-05-20 17:19:28,12.0,16.0,14.0,12.0,168.0,monthly,成都,成华,猛追湾,互联网社交/数字内容,20-99人,未知,技术,后端开发,Java
java开发工程师,1.3-1.4万,成都·武侯·石羊,武汉伯钧网络科技有限公司,民营,20-99人,本科,3-5年,"JavaScript, MySQL",技术-后端开发-Java,2026-05-20 17:19:27,13.0,14.0,13.5,12.0,162.0,monthly,成都,武侯,石羊,民营,20-99人,未知,技术,后端开发,Java
Java开发工程师,1.2-1.5万,成都·青羊·府南,深德科,民营,1000-9999人,本科,5-10年,"JavaScript, MySQL, Spring",技术-后端开发-Java,2026-05-20 17:19:29,12.0,15.0,13.5,12.0,162.0,monthly,成都,青羊,府南,民营,1000-9999人,未知,技术,后端开发,Java
Java,1-1.5万,成都·双流·中和,广州纳诺科技股份有限公司,民营,300-499人,大专,1-3年,"SPRING BOOT, DATAEASE, 数据可视化",技术-后端开发-Java,2026-05-20 17:19:27,10.0,15.0,12.5,12.0,150.0,monthly,成都,双流,中和,民营,300-499人,未知,技术,后端开发,Java
中级java工程师,1.2-1.3万,成都·武侯·桂溪,中电金信软件有限公司,国企,10000人以上,本科,3-5年,"Java, 后端开发, 多线程, MySQL, Oracle, Redis",技术-后端开发-Java,2026-05-20 17:19:28,12.0,13.0,12.5,12.0,150.0,monthly,成都,武侯,桂溪,国企,10000人以上,未知,技术,后端开发,Java
Java,1-1.5万,成都·武侯·桂溪,深圳市汇合发展有限公司,其它,10000人以上,本科,3-5年,"Python, Spring, Hibernate, Java",技术-后端开发-Java,2026-05-20 17:19:28,10.0,15.0,12.5,12.0,150.0,monthly,成都,武侯,桂溪,其它,10000人以上,未知,技术,后端开发,Java
用友Java开发顾问,1.1-1.3万,成都·青羊·文家,四川创智优联科技有限公司,民营,20-99人,本科,1-3年,,技术-后端开发-Java,2026-05-20 17:19:27,11.0,13.0,12.0,12.0,144.0,monthly,成都,青羊,文家,民营,20-99人,未知,技术,后端开发,Java
天府通-java开发工程师（五险一金）,1-1.2万,成都·锦江·柳江,四川省瑞方人力资源管理有限公司,民营,100-299人,本科,3-5年,"Spring, MySQL, SPRINGBOOT, SPRINGCLOUD, Redis",技术-后端开发-Java,2026-05-20 17:19:28,10.0,12.0,11.0,12.0,132.0,monthly,成都,锦江,柳江,民营,100-299人,未知,技术,后端开发,Java
Java（会Python）,1-1.1万,成都·锦江·柳江,成都迈思信息技术有限公司,民营,1000-9999人,本科,3-5年,"JavaScript, Spring, Python",技术-后端开发-Java,2026-05-20 17:19:28,10.0,11.0,10.5,12.0,126.0,monthly,成都,锦江,柳江,民营,1000-9999人,未知,技术,后端开发,Java
Java,8000-13000元,成都·高新西区·桂溪,成都江柏泉科技有限公司,20-99人,互联网广告/营销,学历不限,经验不限,,技术-后端开发-Java,2026-05-20 17:19:29,8.0,13.0,10.5,12.0,126.0,monthly,成都,高新西区,桂溪,互联网广告/营销,20-99人,未知,技术,后端开发,Java
Java后端开发工程师,9000-10000元,成都·双流·华阳,中电金信软件有限公司,国企,10000人以上,本科,1-3年,"SPRING BOOT, Java, MySQL",技术-后端开发-Java,2026-05-20 17:19:37,9.0,10.0,9.5,12.0,114.0,monthly,成都,双流,华阳,国企,10000人以上,未知,技术,后端开发,Java
Java开发工程师（AI开发经验）,8000-10000元,成都·武侯·红牌楼,成都松祥科技有限公司,民营,100-299人,大专,3-5年,"Spring, JAVE",技术-后端开发-Java,2026-05-20 17:19:28,8.0,10.0,9.0,12.0,108.0,monthly,成都,武侯,红牌楼,民营,100-299人,未知,技术,后端开发,Java
Java开发工程师（大模型方向）,7000-10000元,成都·武侯·红牌楼,成都松祥科技有限公司,民营,100-299人,大专,3-5年,"Spring, MySQL",技术-后端开发-Java,2026-05-20 17:19:28,7.0,10.0,8.5,12.0,102.0,monthly,成都,武侯,红牌楼,民营,100-299人,未知,技术,后端开发,Java
初级JAVA 开发（助教岗位）,6000-10000元,成都·锦江·锦官驿,成都海德在线教育科技有限公司,民营,20-99人,本科,1-3年,"JavaScript, Python, Spring, Hibernate, MySQL",技术-后端开发-Java,2026-05-20 17:19:27,6.0,10.0,8.0,12.0,96.0,monthly,成都,锦江,锦官驿,民营,20-99人,未知,技术,后端开发,Java
Java（出差绵阳）,7000-8000元,成都·锦江·柳江,成都迈思信息技术有限公司,民营,1000-9999人,大专,1-3年,Spring,技术-后端开发-Java,2026-05-20 17:19:29,7.0,8.0,7.5,12.0,90.0,monthly,成都,锦江,柳江,民营,1000-9999人,未知,技术,后端开发,Java
研发经理,2-3万,成都·郫都·犀浦,成都时代星光科技有限公司,股份制企业,100-299人,本科,10年以上,"嵌入式硬件开发, 嵌入式软件开发, 单片机开发, 单板开发",技术-后端开发-PHP,2026-05-20 17:23:40,20.0,30.0,25.0,12.0,300.0,monthly,成都,郫都,犀浦,股份制企业,100-299人,未知,技术,后端开发,PHP
php开发工程师,1.1-2.2万·13薪,成都·温江·柳城,成都锦属狗科技有限公司,民营,100-299人,学历不限,经验不限,"ThinkPHP, Laravel",技术-后端开发-PHP,2026-05-20 17:23:30,11.0,22.0,16.5,13.0,214.5,monthly,成都,温江,柳城,民营,100-299人,未知,技术,后端开发,PHP
php⾼级开发⼯程师,1.2-1.8万,成都·武侯·金花桥,北京银晖时光科技有限公司,20人以下,人工智能,本科,3-5年,Python,技术-后端开发-PHP,2026-05-20 17:23:30,12.0,18.0,15.0,12.0,180.0,monthly,成都,武侯,金花桥,人工智能,20人以下,未知,技术,后端开发,PHP
web3d前端开发工程师,1-1.8万,成都·金牛·九里堤,成都瑞特数字科技有限责任公司,民营,20-99人,本科,5-10年,"WebGL, Three.js, 机械臂, 运动控制, 仿真",技术-后端开发-PHP,2026-05-20 17:23:39,10.0,18.0,14.0,12.0,168.0,monthly,成都,金牛,九里堤,民营,20-99人,未知,技术,后端开发,PHP
前端开发,1.2-1.5万·13薪,成都·双流,成都港娱未来科技有限公司,20人以下,互联网电商,高中,经验不限,"HTML5, CSS, 金融项目, Express, 游戏项目, Redux",技术-后端开发-PHP,2026-05-20 17:23:37,12.0,15.0,13.5,13.0,175.5,monthly,成都,双流,,互联网电商,20人以下,未知,技术,后端开发,PHP
技术部副部长,1.2-1.5万·13薪,成都·新都·石板滩,厚普清洁能源(集团)股份有限公司,上市公司,500-999人,本科,3-5年,,技术-后端开发-PHP,2026-05-20 17:23:39,12.0,15.0,13.5,13.0,175.5,monthly,成都,新都,石板滩,上市公司,500-999人,未知,技术,后端开发,PHP
初级前端开发程序员,1.2-1.4万·13薪,成都·武侯·草市街,青岛青柠檬人力资源有限公司,100-299人,人力资源,中专/中技,经验不限,"大屏/可视化项目, Unity3D, Leaflet, JavaScript, TypeScript",技术-后端开发-PHP,2026-05-20 17:23:37,12.0,14.0,13.0,13.0,169.0,monthly,成都,武侯,草市街,人力资源,100-299人,未知,技术,后端开发,PHP
前端开发工程师,1.2-1.4万,成都·成华·猛追湾,广州哇达科技有限公司,20-99人,互联网社交/数字内容,大专,经验不限,"HTML5, CSS, JavaScript, Vue, React, uni-app",技术-后端开发-PHP,2026-05-20 17:23:41,12.0,14.0,13.0,12.0,156.0,monthly,成都,成华,猛追湾,互联网社交/数字内容,20-99人,未知,技术,后端开发,PHP
PHP,1.1-1.4万,成都·双流,成都港娱未来科技有限公司,20人以下,互联网电商,中专/中技,经验不限,,技术-后端开发-PHP,2026-05-20 17:23:29,11.0,14.0,12.5,12.0,150.0,monthly,成都,双流,,互联网电商,20人以下,未知,技术,后端开发,PHP
golang开发工程师【接受Java/PHP转】,1.2-1.3万,成都·成华·万年场,深圳中迈信息技术有限公司,股份制企业,500-999人,本科,3-5年,"PHP, Java, GO",技术-后端开发-PHP,2026-05-20 17:23:32,12.0,13.0,12.5,12.0,150.0,monthly,成都,成华,万年场,股份制企业,500-999人,未知,技术,后端开发,PHP
php程序员,1.1-1.3万,成都·金牛·抚琴,四川虹鹰动力科技有限公司,民营,100-299人,大专,1-3年,"Laravel, ThinkPHP, MySQL, 后端开发, PHP开发, Web开发",技术-后端开发-PHP,2026-05-20 17:23:34,11.0,13.0,12.0,12.0,144.0,monthly,成都,金牛,抚琴,民营,100-299人,未知,技术,后端开发,PHP
php全栈工程师,1.1-1.2万,成都·双流·华阳,万众壹芯,民营,100-299人,本科,3-5年,"HTML, CSS, SQL, Laravel, ThinkPHP, MySQL, Redis",技术-后端开发-PHP,2026-05-20 17:23:35,11.0,12.0,11.5,12.0,138.0,monthly,成都,双流,华阳,民营,100-299人,未知,技术,后端开发,PHP
前端开发工程师,1.1-1.2万,成都·郫都·犀浦,深圳新思,上市公司,1000-9999人,本科,3-5年,工业项目,技术-后端开发-PHP,2026-05-20 17:23:40,11.0,12.0,11.5,12.0,138.0,monthly,成都,郫都,犀浦,上市公司,1000-9999人,未知,技术,后端开发,PHP
全栈开发工程师（PHP + Uni-app）,1-1.2万,成都·金牛·营门口,四川省中科绅蓝医药有限责任公司,100-299人,医药批发/零售,大专,3-5年,"后端开发, PHP, uni-app, MySQL, Redis, 全栈开发",技术-后端开发-PHP,2026-05-20 17:23:32,10.0,12.0,11.0,12.0,132.0,monthly,成都,金牛,营门口,医药批发/零售,100-299人,未知,技术,后端开发,PHP
php工程师,7000-14000元,成都·高新区·石羊,成都拓驰科技有限公司,民营,20-99人,本科,3-5年,"PHP, 全栈",技术-后端开发-PHP,2026-05-20 17:23:33,7.0,14.0,10.5,12.0,126.0,monthly,成都,高新区,石羊,民营,20-99人,未知,技术,后端开发,PHP
前端开发,8000-13000元,成都·锦江·桂溪,成都江柏泉科技有限公司,20-99人,互联网广告/营销,学历不限,经验不限,,技术-后端开发-PHP,2026-05-20 17:23:41,8.0,13.0,10.5,12.0,126.0,monthly,成都,锦江,桂溪,互联网广告/营销,20-99人,未知,技术,后端开发,PHP
全栈开发工程师（Java/PHP）,8000-12000元,成都·金牛·西华,四川龙福乾行数字科技有限公司,民营,20-99人,本科,3-5年,"前端开发, 后端开发, 架构开发, Java, MySQL, Redis",技术-后端开发-PHP,2026-05-20 17:23:31,8.0,12.0,10.0,12.0,120.0,monthly,成都,金牛,西华,民营,20-99人,未知,技术,后端开发,PHP
php开发程序员,7000-10000元,成都·武侯·簇桥,成都贝斯迈科技有限公司,民营,20人以下,本科,3-5年,"后端开发, MySQL",技术-后端开发-PHP,2026-05-20 17:23:34,7.0,10.0,8.5,12.0,102.0,monthly,成都,武侯,簇桥,民营,20人以下,未知,技术,后端开发,PHP
PHP后端开发工程师,7000-10000元,成都·锦江·柳江,四川三康桑城科技集团有限公司,民营,20-99人,本科,1-3年,"ThinkPHP, Swoole, MySQL, Redis",技术-后端开发-PHP,2026-05-20 17:23:36,7.0,10.0,8.5,12.0,102.0,monthly,成都,锦江,柳江,民营,20-99人,未知,技术,后端开发,PHP
web前端工程师,6000-10000元·13薪,成都·金牛·茶店子,成都蓉意科技有限公司,民营,20-99人,大专,3-5年,"CSS, JavaScript, HTML5, Vue, Angular, Node.js",技术-后端开发-PHP,2026-05-20 17:23:38,6.0,10.0,8.0,13.0,104.0,monthly,成都,金牛,茶店子,民营,20-99人,未知,技术,后端开发,PHP
前端开发工程师,7000-9000元·13薪,成都·武侯·桂溪,四川任由行通信科技有限公司,民营,20-99人,大专,经验不限,"CSS, JavaScript, HTML5, Vue, React, 跨端适配",技术-后端开发-PHP,2026-05-20 17:24:02,7.0,9.0,8.0,13.0,104.0,monthly,成都,武侯,桂溪,民营,20-99人,未知,技术,后端开发,PHP
月薪15-35k/java/c++/python后端开发/算法/测试,1.5-3万·14薪,成都·郫都·合作街道,外企德科数字技术有限公司,合资,10000人以上,本科,经验不限,"Java, C++, C",技术-后端开发-Python,2026-05-20 17:20:17,15.0,30.0,22.5,14.0,315.0,monthly,成都,郫都,合作街道,合资,10000人以上,未知,技术,后端开发,Python
JAVA/JS/C/C++/Python/go/测试,1.5-3万·14薪,成都·郫都·合作街道,外企德科数字技术有限公司,合资,10000人以上,本科,经验不限,"JavaScript, Python, C++",技术-后端开发-Python,2026-05-20 17:20:17,15.0,30.0,22.5,14.0,315.0,monthly,成都,郫都,合作街道,合资,10000人以上,未知,技术,后端开发,Python
JAVA/C++/C/Python 14薪双休 应届生可投,1.5-3万,成都·锦江·书院街,外企德科数字技术有限公司,合资,10000人以上,本科,经验不限,"C++, Python, JavaScript, Spring, Hibernate, Struts",技术-后端开发-Python,2026-05-20 17:20:18,15.0,30.0,22.5,12.0,270.0,monthly,成都,锦江,书院街,合资,10000人以上,未知,技术,后端开发,Python
java/c++/C/Python/前端开发工程师,1.5-3万·14薪,成都·郫都·合作街道,外企德科数字技术有限公司,合资,10000人以上,本科,经验不限,"JavaScript, Python, C++",技术-后端开发-Python,2026-05-20 17:20:18,15.0,30.0,22.5,14.0,315.0,monthly,成都,郫都,合作街道,合资,10000人以上,未知,技术,后端开发,Python
月薪15-35k/java/c++/python后端开发/,1.5-3万·14薪,成都·都江堰·聚源,外企德科数字技术有限公司,合资,10000人以上,本科,经验不限,"JavaScript, Python, C++, Spring, MySQL",技术-后端开发-Python,2026-05-20 17:20:36,15.0,30.0,22.5,14.0,315.0,monthly,成都,都江堰,聚源,合资,10000人以上,未知,技术,后端开发,Python
Java/Python/C/C++/数开/测试/算法/前端岗,1.5-3万·14薪,成都·郫都·合作街道,外企德科数字技术有限公司,合资,10000人以上,本科,经验不限,"Python, C++, C, Java, 通信/物联网/自动化, 嵌入式",技术-后端开发-Python,2026-05-20 17:20:45,15.0,30.0,22.5,14.0,315.0,monthly,成都,郫都,合作街道,合资,10000人以上,未知,技术,后端开发,Python
c++/python/java/c/算法/测试,1.5-3万·14薪,成都·郫都·合作街道,外企德科数字技术有限公司,合资,10000人以上,本科,经验不限,"C语言, Java, Python",技术-后端开发-Python,2026-05-20 17:20:46,15.0,30.0,22.5,14.0,315.0,monthly,成都,郫都,合作街道,合资,10000人以上,未知,技术,后端开发,Python
JAVA/C++/JS/python/GO等通用开发工程师,1.5-3万·14薪,成都·郫都·合作街道,外企德科数字技术有限公司,合资,10000人以上,本科,经验不限,"JavaScript, Python, C++, Spring, MySQL",技术-后端开发-Python,2026-05-20 17:20:46,15.0,30.0,22.5,14.0,315.0,monthly,成都,郫都,合作街道,合资,10000人以上,未知,技术,后端开发,Python
软件开发（C/C++/Java/Python/Go/JS）,1.5-2.5万·14薪,成都·郫都·合作街道,外企德科数字技术有限公司,合资,10000人以上,本科,经验不限,"C, C++, Python, Java, JS, GO",技术-后端开发-Python,2026-05-20 17:20:17,15.0,25.0,20.0,14.0,280.0,monthly,成都,郫都,合作街道,合资,10000人以上,未知,技术,后端开发,Python
Java/python/C/C++/JS前后端软件开发工程师,1.3-2.6万·14薪,成都·郫都·合作街道,外企德科数字技术有限公司,合资,10000人以上,本科,经验不限,"JavaScript, Python, C++",技术-后端开发-Python,2026-05-20 17:20:35,13.0,26.0,19.5,14.0,273.0,monthly,成都,郫都,合作街道,合资,10000人以上,未知,技术,后端开发,Python
Python/Java/C++/C软开/软测【14-16薪】,1.2-2.4万·14薪,成都·郫都·合作街道,外企德科数字技术有限公司,合资,10000人以上,本科,经验不限,"Python, Java, C++",技术-后端开发-Python,2026-05-20 17:20:16,12.0,24.0,18.0,14.0,252.0,monthly,成都,郫都,合作街道,合资,10000人以上,未知,技术,后端开发,Python
Python人工智能开发（侧重内部）,1.5-2万,成都·成华·保和,成都出海迅科技有限公司,20人以下,软件/IT服务,本科,3-5年,"Python, MySQL",技术-后端开发-Python,2026-05-20 17:20:18,15.0,20.0,17.5,12.0,210.0,monthly,成都,成华,保和,软件/IT服务,20人以下,未知,技术,后端开发,Python
Python开发工程师（设备驱动/协议对接方向）,1.5-2万,成都·武侯·石羊,格星微电子科技成都有限公司,民营,20-99人,本科,3-5年,Python,技术-后端开发-Python,2026-05-20 17:20:18,15.0,20.0,17.5,12.0,210.0,monthly,成都,武侯,石羊,民营,20-99人,未知,技术,后端开发,Python
软件研发工程师（成都：C++、C#、Java、Python、Web前端）(J10355),1.2-2万,成都·青羊·文家,北京全路通信信号研究设计院集团有限公司,国企,1000-9999人,硕士,经验不限,"C++, Java, Python",技术-后端开发-Python,2026-05-20 17:20:17,12.0,20.0,16.0,12.0,192.0,monthly,成都,青羊,文家,国企,1000-9999人,未知,技术,后端开发,Python
大模型数据标注、评测（代码方向熟悉python）,1-2万,成都·武侯·桂溪,外企德科数字技术有限公司,合资,10000人以上,本科,经验不限,,技术-后端开发-Python,2026-05-20 17:20:55,10.0,20.0,15.0,12.0,180.0,monthly,成都,武侯,桂溪,合资,10000人以上,未知,技术,后端开发,Python
Python,1.3-1.6万,成都·双流,成都港娱未来科技有限公司,20人以下,互联网电商,高中,经验不限,,技术-后端开发-Python,2026-05-20 17:20:16,13.0,16.0,14.5,12.0,174.0,monthly,成都,双流,,互联网电商,20人以下,未知,技术,后端开发,Python
python开发,1.2-1.3万,成都·锦江·柳江,深德科,民营,1000-9999人,本科,3-5年,,技术-后端开发-Python,2026-05-20 17:20:18,12.0,13.0,12.5,12.0,150.0,monthly,成都,锦江,柳江,民营,1000-9999人,未知,技术,后端开发,Python
Python开发工程师,8000-16000元,成都·郫都·合作街道,软通动力信息技术(集团)股份有限公司,上市公司,10000人以上,本科,1-3年,"PyCharm, PYTHON开发, Flask",技术-后端开发-Python,2026-05-20 17:20:17,8.0,16.0,12.0,12.0,144.0,monthly,成都,郫都,合作街道,上市公司,10000人以上,未知,技术,后端开发,Python
后端Python开发工程师,1-1.3万,成都·双流·东升,中电九天智能科技有限公司,国企,100-299人,本科,3-5年,"Oracle, Redis",技术-后端开发-Python,2026-05-20 17:20:17,10.0,13.0,11.5,12.0,138.0,monthly,成都,双流,东升,国企,100-299人,未知,技术,后端开发,Python
Python开发（DB）,1-1.3万,成都·双流·华阳,新讯数字科技(杭州)有限公司北京分公司,民营,1000-9999人,学历不限,3-5年,"Java, Shell, Django, Tornado, MySQL, MongoDB",技术-后端开发-Python,2026-05-20 17:20:17,10.0,13.0,11.5,12.0,138.0,monthly,成都,双流,华阳,民营,1000-9999人,未知,技术,后端开发,Python
Java（会Python）,1-1.1万,成都·锦江·柳江,成都迈思信息技术有限公司,民营,1000-9999人,本科,3-5年,"JavaScript, Spring, Python",技术-后端开发-Python,2026-05-20 17:20:16,10.0,11.0,10.5,12.0,126.0,monthly,成都,锦江,柳江,民营,1000-9999人,未知,技术,后端开发,Python
Python初级全栈工程师,8000-12000元,成都·成华·龙潭,成都开方数据科技有限公司,民营,300-499人,本科,1-3年,"Java, Shell, C",技术-后端开发-Python,2026-05-20 17:20:17,8.0,12.0,10.0,12.0,120.0,monthly,成都,成华,龙潭,民营,300-499人,未知,技术,后端开发,Python
python后端开发工程师,7000-13000元·13薪,成都·郫都·犀浦,成都四相致新科技有限公司,民营,100-299人,本科,1-3年,"Django, Flask, Sql, PHP, Python, MySQL, Redis",技术-后端开发-Python,2026-05-20 17:20:17,7.0,13.0,10.0,13.0,130.0,monthly,成都,郫都,犀浦,民营,100-299人,未知,技术,后端开发,Python
Python测试,8000-12000元,成都·郫都·德源,软通动力信息技术(集团)股份有限公司,上市公司,10000人以上,本科,1-3年,"Python, 测试开发, 存储",技术-后端开发-Python,2026-05-20 17:20:18,8.0,12.0,10.0,12.0,120.0,monthly,成都,郫都,德源,上市公司,10000人以上,未知,技术,后端开发,Python
python测试,8000-10000元,成都·武侯·桂溪,软通动力信息技术(集团)股份有限公司,上市公司,10000人以上,大专,1-3年,Python,技术-后端开发-Python,2026-05-20 17:20:17,8.0,10.0,9.0,12.0,108.0,monthly,成都,武侯,桂溪,上市公司,10000人以上,未知,技术,后端开发,Python
Python脚本开发工程师（实习生）,100-200元/天,成都·双流·彭镇,华大九天,国企,1000-9999人,本科,经验不限,,技术-后端开发-Python,2026-05-20 17:20:18,2.17,4.35,3.26,12.0,39.15,daily,成都,双流,彭镇,国企,1000-9999人,未知,技术,后端开发,Python
数据挖掘（双休/独角兽/福利多）,2-3万·13薪,成都·武侯·桂溪,成都图巧科技有限公司,民营,500-999人,本科,3-5年,"Hadoop, 机器学习",技术-数据-数据挖掘,2026-05-20 18:05:55,20.0,30.0,25.0,13.0,325.0,monthly,成都,武侯,桂溪,民营,500-999人,未知,技术,数据,数据挖掘
数据挖掘（互联网平台朝九晚六）,1.5-3万·13薪,成都·武侯·桂溪,成都图巧科技有限公司,民营,500-999人,本科,3-5年,"机器学习, 决策树",技术-数据-数据挖掘,2026-05-20 18:05:56,15.0,30.0,22.5,13.0,292.5,monthly,成都,武侯,桂溪,民营,500-999人,未知,技术,数据,数据挖掘
数据架构师,1.9-2.2万·13薪,成都·双流,成都港娱未来科技有限公司,20人以下,互联网电商,中专/中技,经验不限,"数据库开发, 数据建模",技术-数据-数据挖掘,2026-05-20 18:05:56,19.0,22.0,20.5,13.0,266.5,monthly,成都,双流,,互联网电商,20人以下,未知,技术,数据,数据挖掘
资深数据挖掘/算法工程师（物流优化与AI方向）,1.2-2.4万,成都·武侯·桂溪,成都蜀智云链科技股份有限公司,国企,20-99人,本科,3-5年,"数据挖掘, 算法工程师, Python, SCIKIT-LEARN, SQL Server",技术-数据-数据挖掘,2026-05-20 18:05:55,12.0,24.0,18.0,12.0,216.0,monthly,成都,武侯,桂溪,国企,20-99人,未知,技术,数据,数据挖掘
成都/泸州-数据类岗位,1.1-2.1万,成都·武侯·桂溪,四川智服人力资源有限公司,民营,500-999人,本科,5-10年,"数据挖掘, 数据分析, 数据治理",技术-数据-数据挖掘,2026-05-20 18:05:56,11.0,21.0,16.0,12.0,192.0,monthly,成都,武侯,桂溪,民营,500-999人,未知,技术,数据,数据挖掘
文本大模型数据运营专家,1-2万,成都·武侯·桂溪,外企德科数字技术有限公司,合资,10000人以上,硕士,1-3年,"文本, 大模型",技术-数据-数据挖掘,2026-05-20 18:05:56,10.0,20.0,15.0,12.0,180.0,monthly,成都,武侯,桂溪,合资,10000人以上,未知,技术,数据,数据挖掘
AI数据运营专家,1-2万,成都·武侯·桂溪,外企德科数字技术有限公司,合资,10000人以上,本科,3-5年,"大模型, AGENT",技术-数据-数据挖掘,2026-05-20 18:05:57,10.0,20.0,15.0,12.0,180.0,monthly,成都,武侯,桂溪,合资,10000人以上,未知,技术,数据,数据挖掘
数据治理工程师,1.4-1.5万,成都·武侯·石羊,中科软科技股份有限公司,股份制企业,1000-9999人,本科,3-5年,"数据治理, 数据库开发, 数据仓库",技术-数据-数据挖掘,2026-05-20 18:05:57,14.0,15.0,14.5,12.0,174.0,monthly,成都,武侯,石羊,股份制企业,1000-9999人,未知,技术,数据,数据挖掘
AI数据运营专家-对客支持,1.2-1.6万,成都·武侯·桂溪,中电金信软件有限公司,国企,10000人以上,本科,经验不限,"PROMPT, 经营数据分析, BI平台建设, 数据监控, 电商数据运营",技术-数据-数据挖掘,2026-05-20 18:05:56,12.0,16.0,14.0,12.0,168.0,monthly,成都,武侯,桂溪,国企,10000人以上,未知,技术,数据,数据挖掘
数据开发,1.2-1.3万,成都·双流·中和,广州纳诺科技股份有限公司,民营,300-499人,本科,5-10年,"数据分析, 数字内容运营分析, 需求分析",技术-数据-数据挖掘,2026-05-20 18:05:56,12.0,13.0,12.5,12.0,150.0,monthly,成都,双流,中和,民营,300-499人,未知,技术,数据,数据挖掘
数据挖掘岗(J14196),8000-13000元,成都·武侯·桂溪,泸州老窖,股份制企业,1000-9999人,本科,5-10年,数据挖掘,技术-数据-数据挖掘,2026-05-20 18:05:55,8.0,13.0,10.5,12.0,126.0,monthly,成都,武侯,桂溪,股份制企业,1000-9999人,未知,技术,数据,数据挖掘
数据开发,8000-13000元,成都·武侯·桂溪,成都江柏泉科技有限公司,20-99人,互联网广告/营销,学历不限,经验不限,,技术-数据-数据挖掘,2026-05-20 18:05:56,8.0,13.0,10.5,12.0,126.0,monthly,成都,武侯,桂溪,互联网广告/营销,20-99人,未知,技术,数据,数据挖掘
数据分析师,6000-12000元,成都·金牛·荷花池,成都丹鸯科技有限公司,20人以下,产业互联网平台,大专,经验不限,"数据挖掘, 数据仓库",技术-数据-数据挖掘,2026-05-20 18:05:56,6.0,12.0,9.0,12.0,108.0,monthly,成都,金牛,荷花池,产业互联网平台,20人以下,未知,技术,数据,数据挖掘
数据挖掘,7000-10000元,成都·武侯·桂溪,亚信万联科技(南京)有限公司,民营,100-299人,大专,1-3年,"Hadoop, Hive",技术-数据-数据挖掘,2026-05-20 18:05:55,7.0,10.0,8.5,12.0,102.0,monthly,成都,武侯,桂溪,民营,100-299人,未知,技术,数据,数据挖掘
项目交付部，中级数据工程师,6000-8000元,成都·金牛,成都迪孚数据处理有限责任公司,民营,20-99人,大专,3-5年,"数据治理, 数据库开发",技术-数据-数据挖掘,2026-05-20 18:05:56,6.0,8.0,7.0,12.0,84.0,monthly,成都,金牛,,民营,20-99人,未知,技术,数据,数据挖掘
运营数据专员,6000-8000元,成都·双流·东升,成都吉讯餐饮配送有限公司,民营,500-999人,大专,1-3年,"经营数据分析, 市场数据分析, 行业数据分析, 业务数据分析",技术-数据-数据挖掘,2026-05-20 18:05:56,6.0,8.0,7.0,12.0,84.0,monthly,成都,双流,东升,民营,500-999人,未知,技术,数据,数据挖掘
数据统计/分析员,5000-8000元,成都·双流·黄甲,通威集团,上市公司,10000人以上,本科,3-5年,"生产数据, 研发数据",技术-数据-数据挖掘,2026-05-20 18:05:56,5.0,8.0,6.5,12.0,78.0,monthly,成都,双流,黄甲,上市公司,10000人以上,未知,技术,数据,数据挖掘
GIS数据工程师,5000-8000元,成都·武侯·簇锦,四川持恒空间科技有限公司,民营,20-99人,本科,3-5年,ArcGlS,技术-数据-数据挖掘,2026-05-20 18:06:15,5.0,8.0,6.5,12.0,78.0,monthly,成都,武侯,簇锦,民营,20-99人,未知,技术,数据,数据挖掘
数据产品助理(数据支持）,5000-7000元,成都·武侯·桂溪,招银金融信息服务(深圳)有限公司成都分公司,其它,1000-9999人,本科,经验不限,"金融数据分析, 数据采集, 数据监控, SQL",技术-数据-数据挖掘,2026-05-20 18:05:57,5.0,7.0,6.0,12.0,72.0,monthly,成都,武侯,桂溪,其它,1000-9999人,未知,技术,数据,数据挖掘
数据治理工程师岗,面议,成都·武侯·桂溪,四川数据集团有限公司,国企,100-299人,硕士,经验不限,,技术-数据-数据挖掘,2026-05-20 18:05:55,,,,,,negotiable,成都,武侯,桂溪,国企,100-299人,未知,技术,数据,数据挖掘
高级软件测试工程师（非外包）,1.5-3万,成都·武侯·簇锦,江苏东华测试技术股份有限公司,上市公司,500-999人,本科,5-10年,"功能测试, 性能测试, 自动化测试, Java, C#, C++",技术-测试-测试工程师,2026-05-20 18:14:11,15.0,30.0,22.5,12.0,270.0,monthly,成都,武侯,簇锦,上市公司,500-999人,未知,技术,测试,测试工程师
高级测试工程师（模拟、数模混合芯片方向）,1.5-2万,成都·武侯·桂溪,成都纳川微电子科技有限公司,民营,20-99人,本科,5-10年,"接口芯片, 存储芯片, 电源芯片, 封装测试, 可靠性测试",技术-测试-测试工程师,2026-05-20 18:14:12,15.0,20.0,17.5,12.0,210.0,monthly,成都,武侯,桂溪,民营,20-99人,未知,技术,测试,测试工程师
Test Engineer 测试工程师,1.4-2万,成都·郫都·合作街道,MPS(成都芯源系统有限公司),外商独资,1000-9999人,硕士,经验不限,"硬件测试, 电源芯片",技术-测试-测试工程师,2026-05-20 18:14:23,14.0,20.0,17.0,12.0,204.0,monthly,成都,郫都,合作街道,外商独资,1000-9999人,未知,技术,测试,测试工程师
自动化集成测试工程师（安全方向）,1.2-2万,成都·郫都·合作街道,西安万兴服务外包有限责任公司,民营,1000-9999人,本科,1-3年,"Python, 自动化测试, CI/CD",技术-测试-测试工程师,2026-05-20 18:14:12,12.0,20.0,16.0,12.0,192.0,monthly,成都,郫都,合作街道,民营,1000-9999人,未知,技术,测试,测试工程师
射频测试工程师,8000-15000元,成都·双流·怡心,成都海威华芯科技有限公司,民营,300-499人,本科,1-3年,"射频测试, 芯片",技术-测试-测试工程师,2026-05-20 18:14:12,8.0,15.0,11.5,12.0,138.0,monthly,成都,双流,怡心,民营,300-499人,未知,技术,测试,测试工程师
测试工程师,8000-15000元,成都·武侯·桂溪,四川双龙机场建设有限公司,民营,100-299人,本科,5-10年,"软件测试, 系统测试, Java, Python, linux",技术-测试-测试工程师,2026-05-20 18:14:12,8.0,15.0,11.5,12.0,138.0,monthly,成都,武侯,桂溪,民营,100-299人,未知,技术,测试,测试工程师
DevOps 运维交付工程师 / 运维测试工程师,8000-15000元,成都·双流·怡心,四川特爱教育科技有限公司,民营,20-99人,本科,3-5年,,技术-测试-测试工程师,2026-05-20 18:14:12,8.0,15.0,11.5,12.0,138.0,monthly,成都,双流,怡心,民营,20-99人,未知,技术,测试,测试工程师
PTE (R&D) 量产测试工程师（研发类）,8000-15000元,成都·郫都·红光,MPS(成都芯源系统有限公司),外商独资,1000-9999人,本科,1-3年,电源芯片,技术-测试-测试工程师,2026-05-20 18:14:51,8.0,15.0,11.5,12.0,138.0,monthly,成都,郫都,红光,外商独资,1000-9999人,未知,技术,测试,测试工程师
燃料电池测试工程师,8000-13000元·13薪,成都·新都·新都街道,四川轻绿科技有限公司,民营,20-99人,本科,3-5年,"测试, 燃料电池, 电堆测试方案制定, 测试数据全链路管理",技术-测试-测试工程师,2026-05-20 18:14:11,8.0,13.0,10.5,13.0,136.5,monthly,成都,新都,新都街道,民营,20-99人,未知,技术,测试,测试工程师
测试工程师 银行经验,9000-12000元,成都·武侯·桂溪,中科软科技股份有限公司,股份制企业,1000-9999人,本科,3-5年,"Postman, Jmeter, Selenium, 网银",技术-测试-测试工程师,2026-05-20 18:14:11,9.0,12.0,10.5,12.0,126.0,monthly,成都,武侯,桂溪,股份制企业,1000-9999人,未知,技术,测试,测试工程师
电磁测试工程师,9000-12000元,成都·青羊·文家,四川省新万兴碳纤维复合材料有限公司,民营,500-999人,本科,5-10年,"电磁兼容测试, 电磁兼容检测, 电磁兼容设计, 电磁兼容试验",技术-测试-测试工程师,2026-05-20 18:14:32,9.0,12.0,10.5,12.0,126.0,monthly,成都,青羊,文家,民营,500-999人,未知,技术,测试,测试工程师
嵌入式软件测试工程师,7000-12000元·13薪,成都·成华·府青路,成都昶艾电子科技有限公司,民营,100-299人,本科,1-3年,"自动化测试, 功能测试, 性能测试",技术-测试-测试工程师,2026-05-20 18:14:11,7.0,12.0,9.5,13.0,123.5,monthly,成都,成华,府青路,民营,100-299人,未知,技术,测试,测试工程师
移动端测试工程师,9000-10000元,成都·金牛·茶店子,永乐华航,民营,100-299人,本科,1-3年,"性能测试, Android测试, iOS测试, Appium, Python, Java",技术-测试-测试工程师,2026-05-20 18:14:12,9.0,10.0,9.5,12.0,114.0,monthly,成都,金牛,茶店子,民营,100-299人,未知,技术,测试,测试工程师
软件测试工程师,7000-10000元,成都·青羊·黄田坝,四川同创凯宏人力资源管理有限公司,民营,20-99人,本科,1-3年,"自动化测试, C, C++, Java",技术-测试-测试工程师,2026-05-20 18:14:11,7.0,10.0,8.5,12.0,102.0,monthly,成都,青羊,黄田坝,民营,20-99人,未知,技术,测试,测试工程师
emc电磁兼容测试工程师,7000-10000元,成都·龙泉驿·龙泉,成都燎原星光电子有限责任公司,国企,300-499人,本科,3-5年,"电磁兼容测试, 电磁兼容设计, 电磁兼容试验",技术-测试-测试工程师,2026-05-20 18:14:12,7.0,10.0,8.5,12.0,102.0,monthly,成都,龙泉驿,龙泉,国企,300-499人,未知,技术,测试,测试工程师
开发试验室测试工程师,6000-10000元,成都·双流·九江,成都派斯光学有限公司,合资,500-999人,本科,3-5年,电子产品测试,技术-测试-测试工程师,2026-05-20 18:14:12,6.0,10.0,8.0,12.0,96.0,monthly,成都,双流,九江,合资,500-999人,未知,技术,测试,测试工程师
软件测试工程师（助教岗位）,6000-9000元·13薪,成都·锦江·锦官驿,成都海德在线教育科技有限公司,民营,20-99人,本科,1-3年,"功能测试, 自动化测试, 系统测试, Java, Javascript, Python",技术-测试-测试工程师,2026-05-20 18:14:11,6.0,9.0,7.5,13.0,97.5,monthly,成都,锦江,锦官驿,民营,20-99人,未知,技术,测试,测试工程师
网络安全测试工程师,6000-8000元·13薪,成都·武侯·石羊,成都摩尔环宇测试技术有限公司,民营,300-499人,本科,1-3年,"CISP, CISSP",技术-测试-测试工程师,2026-05-20 18:14:11,6.0,8.0,7.0,13.0,91.0,monthly,成都,武侯,石羊,民营,300-499人,未知,技术,测试,测试工程师
无人机系统测试工程师,6000-8000元,成都·郫都·合作街道,成都摩尔环宇测试技术有限公司,民营,300-499人,本科,1-3年,"射频测试, catia",技术-测试-测试工程师,2026-05-20 18:14:11,6.0,8.0,7.0,12.0,84.0,monthly,成都,郫都,合作街道,民营,300-499人,未知,技术,测试,测试工程师
测试工程师,5000-9000元·13薪,成都·郫都·犀浦,成都四相致新科技有限公司,民营,100-299人,本科,3-5年,"自动化测试, 性能测试, 软件测试, Selenium, Jmeter",技术-测试-测试工程师,2026-05-20 18:14:12,5.0,9.0,7.0,13.0,91.0,monthly,成都,郫都,犀浦,民营,100-299人,未知,技术,测试,测试工程师
电磁兼容测试工程师,5000-8000元,成都·青羊·黄田坝,四川英联中才人力资源管理有限公司,股份制企业,10000人以上,本科,1-3年,电磁兼容测试,技术-测试-测试工程师,2026-05-20 18:14:13,5.0,8.0,6.5,12.0,78.0,monthly,成都,青羊,黄田坝,股份制企业,10000人以上,未知,技术,测试,测试工程师
软件测试工程师（校招-成都）,150-200元/天,成都·锦江·锦官驿,上海华讯网络系统有限公司,国企,1000-9999人,本科,经验不限,"系统测试, 功能测试, 自动化测试, Python, Javascript",技术-测试-测试工程师,2026-05-20 18:14:12,3.26,4.35,3.81,12.0,45.67,daily,成都,锦江,锦官驿,国企,1000-9999人,未知,技术,测试,测试工程师
软件测试工程师（成都·属地化）(J10647),面议,成都·金牛·天回镇,卡斯柯信号有限公司（CASCO）,合资,1000-9999人,本科,1-3年,"系统测试, 功能测试",技术-测试-测试工程师,2026-05-20 18:14:11,,,,,,negotiable,成都,金牛,天回镇,合资,1000-9999人,未知,技术,测试,测试工程师
java/Python/C/C++/JS/AI算法/软件测试,2-4万·14薪,成都·郫都·合作街道,外企德科数字技术有限公司,合资,10000人以上,本科,经验不限,"Python, C语言, Java, 五险一金, 全程线上面试",技术-测试-软件测试,2026-05-20 18:15:03,20.0,40.0,30.0,14.0,420.0,monthly,成都,郫都,合作街道,合资,10000人以上,未知,技术,测试,软件测试
高级软件测试工程师（非外包）,1.5-3万,成都·武侯·簇锦,江苏东华测试技术股份有限公司,上市公司,500-999人,本科,5-10年,"功能测试, 性能测试, 自动化测试, Java, C#, C++",技术-测试-软件测试,2026-05-20 18:15:01,15.0,30.0,22.5,12.0,270.0,monthly,成都,武侯,簇锦,上市公司,500-999人,未知,技术,测试,软件测试
软件开发工程师（前端/后端/软件测试）,1.2-2.4万·14薪,成都·郫都·合作街道,外企德科数字技术有限公司,合资,10000人以上,本科,经验不限,"C++, Python, C",技术-测试-软件测试,2026-05-20 18:15:02,12.0,24.0,18.0,14.0,252.0,monthly,成都,郫都,合作街道,合资,10000人以上,未知,技术,测试,软件测试
软件测试工程师,1-2万·14薪,成都·双流·怡心,烟台奇创智能软件技术有限公司,民营,300-499人,本科,3-5年,"功能测试, 系统测试, 自动化测试",技术-测试-软件测试,2026-05-20 18:15:01,10.0,20.0,15.0,14.0,210.0,monthly,成都,双流,怡心,民营,300-499人,未知,技术,测试,软件测试
软件测试工程师,1.1-1.7万,成都·武侯·桂溪,中电金信软件有限公司,国企,10000人以上,本科,3-5年,"功能测试, 性能测试, Java, Python, Postman, Jmeter",技术-测试-软件测试,2026-05-20 18:15:01,11.0,17.0,14.0,12.0,168.0,monthly,成都,武侯,桂溪,国企,10000人以上,未知,技术,测试,软件测试
高级软件测试工程师（嵌入式）,1.1-1.5万·13薪,成都·武侯·桂溪,四川九洲软件有限公司,国企,500-999人,本科,5-10年,"系统测试, 自动化测试, C++, 安全测试",技术-测试-软件测试,2026-05-20 18:15:01,11.0,15.0,13.0,13.0,169.0,monthly,成都,武侯,桂溪,国企,500-999人,未知,技术,测试,软件测试
软件测试工程师,8000-15000元·13薪,成都·青羊·文家,北京赛迪软件测评工程技术中心有限公司,国企,100-299人,本科,经验不限,"C/C++, Linux, 测试开发, 黑盒测试, 接口测试, 嵌入式测试",技术-测试-软件测试,2026-05-20 18:15:01,8.0,15.0,11.5,13.0,149.5,monthly,成都,青羊,文家,国企,100-299人,未知,技术,测试,软件测试
软件测试,8000-13000元,成都·青羊·桂溪,成都江柏泉科技有限公司,20-99人,互联网广告/营销,学历不限,经验不限,,技术-测试-软件测试,2026-05-20 18:15:02,8.0,13.0,10.5,12.0,126.0,monthly,成都,青羊,桂溪,互联网广告/营销,20-99人,未知,技术,测试,软件测试
软件测试工程师,9000-11000元,成都·武侯·浆洗街,中电金信软件有限公司,国企,10000人以上,本科,3-5年,"软件测试, 自动化测试, Python, Fiddler, Jmeter, Selenium",技术-测试-软件测试,2026-05-20 18:15:01,9.0,11.0,10.0,12.0,120.0,monthly,成都,武侯,浆洗街,国企,10000人以上,未知,技术,测试,软件测试
软件测试,8000-12000元,成都·武侯·桂溪,虹信软件,国企,500-999人,本科,3-5年,"自动化测试, 安全测试, 功能测试, Python, Java",技术-测试-软件测试,2026-05-20 18:15:01,8.0,12.0,10.0,12.0,120.0,monthly,成都,武侯,桂溪,国企,500-999人,未知,技术,测试,软件测试
软件测试工程师,8000-11000元,成都·锦江·柳江,深圳市紫川软件有限公司,民营,500-999人,本科,3-5年,"自动化测试, 性能测试",技术-测试-软件测试,2026-05-20 18:15:02,8.0,11.0,9.5,12.0,114.0,monthly,成都,锦江,柳江,民营,500-999人,未知,技术,测试,软件测试
嵌入式软件测试工程师,7000-12000元·13薪,成都·成华·府青路,成都昶艾电子科技有限公司,民营,100-299人,本科,1-3年,"自动化测试, 功能测试, 性能测试",技术-测试-软件测试,2026-05-20 18:15:02,7.0,12.0,9.5,13.0,123.5,monthly,成都,成华,府青路,民营,100-299人,未知,技术,测试,软件测试
软件测试（财务共享）(J10323),8000-10000元,成都·武侯·桂溪,普联软件股份有限公司,上市公司,1000-9999人,本科,3-5年,"功能测试, 财务系统, 财务共享",技术-测试-软件测试,2026-05-20 18:15:01,8.0,10.0,9.0,12.0,108.0,monthly,成都,武侯,桂溪,上市公司,1000-9999人,未知,技术,测试,软件测试
软件测试工程师,7000-10000元,成都·青羊·黄田坝,四川同创凯宏人力资源管理有限公司,民营,20-99人,本科,1-3年,"自动化测试, C, C++, Java",技术-测试-软件测试,2026-05-20 18:15:02,7.0,10.0,8.5,12.0,102.0,monthly,成都,青羊,黄田坝,民营,20-99人,未知,技术,测试,软件测试
软件测试辅助岗,7000-8000元,成都·青羊·文家,四川同创凯宏人力资源管理有限公司,民营,500-999人,本科,经验不限,"系统测试, C++, C#, 禅道, JIRA, Fiddler",技术-测试-软件测试,2026-05-20 18:15:02,7.0,8.0,7.5,12.0,90.0,monthly,成都,青羊,文家,民营,500-999人,未知,技术,测试,软件测试
软件测试工程师（助教岗位）,6000-9000元·13薪,成都·锦江·锦官驿,成都海德在线教育科技有限公司,民营,20-99人,本科,1-3年,"功能测试, 自动化测试, 系统测试, Java, Javascript, Python",技术-测试-软件测试,2026-05-20 18:15:02,6.0,9.0,7.5,13.0,97.5,monthly,成都,锦江,锦官驿,民营,20-99人,未知,技术,测试,软件测试
软件测试工程师,5000-10000元,成都·青羊·文家,北京赛若科技有限公司,民营,20-99人,大专,经验不限,"功能测试, 单元测试, 白盒测试, C, C++, C/C++TEST",技术-测试-软件测试,2026-05-20 18:15:02,5.0,10.0,7.5,12.0,90.0,monthly,成都,青羊,文家,民营,20-99人,未知,技术,测试,软件测试
软件测试工程师（校招-成都）,150-200元/天,成都·锦江·锦官驿,上海华讯网络系统有限公司,国企,1000-9999人,本科,经验不限,"系统测试, 功能测试, 自动化测试, Python, Javascript",技术-测试-软件测试,2026-05-20 18:15:02,3.26,4.35,3.81,12.0,45.67,daily,成都,锦江,锦官驿,国企,1000-9999人,未知,技术,测试,软件测试
软件测试工程师（成都·属地化）(J10647),面议,成都·金牛·天回镇,卡斯柯信号有限公司（CASCO）,合资,1000-9999人,本科,1-3年,"系统测试, 功能测试",技术-测试-软件测试,2026-05-20 18:15:02,,,,,,negotiable,成都,金牛,天回镇,合资,1000-9999人,未知,技术,测试,软件测试
嵌入式硬件工程师,2-3万,成都·郫都·合作街道,洛基精微(成都)工业技术有限公司,民营,20-99人,本科,5-10年,,电子/通信/半导体-硬件开发-嵌入式硬件,2026-05-20 18:37:43,20.0,30.0,25.0,12.0,300.0,monthly,成都,郫都,合作街道,民营,20-99人,未知,电子/通信/半导体,硬件开发,嵌入式硬件
嵌入式硬件开发工程师,1.5-3万,成都·龙泉驿·龙泉,成都鑫豪斯,民营,500-999人,本科,5-10年,单片机,电子/通信/半导体-硬件开发-嵌入式硬件,2026-05-20 18:37:43,15.0,30.0,22.5,12.0,270.0,monthly,成都,龙泉驿,龙泉,民营,500-999人,未知,电子/通信/半导体,硬件开发,嵌入式硬件
嵌入式硬件工程师,1.7-2.5万,成都·郫都·合作街道,成都天奥信息科技有限公司,国企,300-499人,硕士,1-3年,,电子/通信/半导体-硬件开发-嵌入式硬件,2026-05-20 18:37:42,17.0,25.0,21.0,12.0,252.0,monthly,成都,郫都,合作街道,国企,300-499人,未知,电子/通信/半导体,硬件开发,嵌入式硬件
嵌入式硬件工程师,1.5-2.5万·13薪,成都·双流·兴隆,成都人形机器人创新中心有限公司,民营,100-299人,硕士,1-3年,"单片机, PCB板设计, 硬件电路原理图",电子/通信/半导体-硬件开发-嵌入式硬件,2026-05-20 18:37:44,15.0,25.0,20.0,13.0,260.0,monthly,成都,双流,兴隆,民营,100-299人,未知,电子/通信/半导体,硬件开发,嵌入式硬件
嵌入式硬件工程师,1.5-2万,成都·温江·金马,安忻(成都)医疗科技发展有限责任公司,民营,20-99人,本科,3-5年,单片机,电子/通信/半导体-硬件开发-嵌入式硬件,2026-05-20 18:37:43,15.0,20.0,17.5,12.0,210.0,monthly,成都,温江,金马,民营,20-99人,未知,电子/通信/半导体,硬件开发,嵌入式硬件
嵌入式硬件工程师,1.5-1.9万,成都·龙泉驿·柏合,四川束研聚创科技有限公司,民营,20-99人,本科,3-5年,,电子/通信/半导体-硬件开发-嵌入式硬件,2026-05-20 18:37:43,15.0,19.0,17.0,12.0,204.0,monthly,成都,龙泉驿,柏合,民营,20-99人,未知,电子/通信/半导体,硬件开发,嵌入式硬件
嵌入式硬件工程师,1.2-2万,成都·武侯·浆洗街,中电金信软件有限公司,国企,10000人以上,本科,3-5年,,电子/通信/半导体-硬件开发-嵌入式硬件,2026-05-20 18:37:43,12.0,20.0,16.0,12.0,192.0,monthly,成都,武侯,浆洗街,国企,10000人以上,未知,电子/通信/半导体,硬件开发,嵌入式硬件
电子工程师（嵌入式硬件）,1.2-1.8万,成都·武侯·桂溪,四川治为科技有限公司,民营,20-99人,本科,5-10年,"嵌入式硬件, 多层板PCB, 信号完整性(SI), MCU/ARM/FPGA",电子/通信/半导体-硬件开发-嵌入式硬件,2026-05-20 18:37:42,12.0,18.0,15.0,12.0,180.0,monthly,成都,武侯,桂溪,民营,20-99人,未知,电子/通信/半导体,硬件开发,嵌入式硬件
嵌入式硬件工程师（龙泉驿区）,1.3-1.7万,成都·龙泉驿·大面,四川杰莱美科技有限公司,民营,20-99人,本科,3-5年,"单片机, EDA, 嵌入式硬件",电子/通信/半导体-硬件开发-嵌入式硬件,2026-05-20 18:37:43,13.0,17.0,15.0,12.0,180.0,monthly,成都,龙泉驿,大面,民营,20-99人,未知,电子/通信/半导体,硬件开发,嵌入式硬件
嵌入式硬件工程师,1.2-1.8万·13薪,成都·武侯·簇锦,成都砺铭睿视科技有限公司,民营,20-99人,本科,3-5年,"ARM处理器, FPGA, ZYNQ处理器",电子/通信/半导体-硬件开发-嵌入式硬件,2026-05-20 18:37:43,12.0,18.0,15.0,13.0,195.0,monthly,成都,武侯,簇锦,民营,20-99人,未知,电子/通信/半导体,硬件开发,嵌入式硬件
嵌入式硬件工程师,1.3-1.5万,成都·武侯·肖家河,四川赫然科技有限公司,其它,20-99人,本科,3-5年,"机器人, 传感器, 电机",电子/通信/半导体-硬件开发-嵌入式硬件,2026-05-20 18:37:44,13.0,15.0,14.0,12.0,168.0,monthly,成都,武侯,肖家河,其它,20-99人,未知,电子/通信/半导体,硬件开发,嵌入式硬件
嵌入式硬件工程师,1-1.5万·15薪,成都·成华·龙潭,成都创新达微波电子有限公司,上市公司,100-299人,本科,1-3年,"STM32, PCB设计, CPLD, Altera, VHDL, 嵌入式软件开发",电子/通信/半导体-硬件开发-嵌入式硬件,2026-05-20 18:37:43,10.0,15.0,12.5,15.0,187.5,monthly,成都,成华,龙潭,上市公司,100-299人,未知,电子/通信/半导体,硬件开发,嵌入式硬件
嵌入式硬件工程师,8000-16000元,成都·武侯·金花桥,成都点阵科技有限公司,民营,100-299人,本科,3-5年,"单片机, 电路设计, 原理图设计, 硬件测试",电子/通信/半导体-硬件开发-嵌入式硬件,2026-05-20 18:37:44,8.0,16.0,12.0,12.0,144.0,monthly,成都,武侯,金花桥,民营,100-299人,未知,电子/通信/半导体,硬件开发,嵌入式硬件
嵌入式硬件工程师,8000-14000元,成都·双流·黄甲,成都洋湃科技有限公司,民营,100-299人,本科,5-10年,"单片机, ARM处理器, PCB, STM32, 布线图, 原理图",电子/通信/半导体-硬件开发-嵌入式硬件,2026-05-20 18:37:42,8.0,14.0,11.0,12.0,132.0,monthly,成都,双流,黄甲,民营,100-299人,未知,电子/通信/半导体,硬件开发,嵌入式硬件
FAE-现场技术支持-嵌入式/硬件,1-1.2万·14薪,成都·锦江·春熙路,外企德科数字技术有限公司,合资,10000人以上,本科,1-3年,"C语言, C++",电子/通信/半导体-硬件开发-嵌入式硬件,2026-05-20 18:37:42,10.0,12.0,11.0,14.0,154.0,monthly,成都,锦江,春熙路,合资,10000人以上,未知,电子/通信/半导体,硬件开发,嵌入式硬件
嵌入式硬件工程师,8000-12000元,成都·武侯·玉林,甘肃蔚蓝数字技术研究院,民营,20-99人,本科,1-3年,"有机械臂项目经验, X86处理器, 实践能力",电子/通信/半导体-硬件开发-嵌入式硬件,2026-05-20 18:37:43,8.0,12.0,10.0,12.0,120.0,monthly,成都,武侯,玉林,民营,20-99人,未知,电子/通信/半导体,硬件开发,嵌入式硬件
嵌入式硬件工程师,8000-12000元,成都·武侯·簇锦,四川飞兔环宇科技有限公司,民营,20人以下,硕士,经验不限,"嵌入式软件开发、ESP32开发, 单片机开发、软硬件联调, C/C++、无线通信",电子/通信/半导体-硬件开发-嵌入式硬件,2026-05-20 18:37:44,8.0,12.0,10.0,12.0,120.0,monthly,成都,武侯,簇锦,民营,20人以下,未知,电子/通信/半导体,硬件开发,嵌入式硬件
嵌入式硬件工程师,7000-12000元·13薪,成都·青羊·文家,成都安阶监测科技有限公司,民营,20-99人,本科,1-3年,,电子/通信/半导体-硬件开发-嵌入式硬件,2026-05-20 18:37:43,7.0,12.0,9.5,13.0,123.5,monthly,成都,青羊,文家,民营,20-99人,未知,电子/通信/半导体,硬件开发,嵌入式硬件
嵌入式硬件开发工程师,5000-10000元,成都·郫都·合作街道,河北普康医疗设备有限公司,民营,500-999人,本科,1-3年,"ARM处理器, 单片机",电子/通信/半导体-硬件开发-嵌入式硬件,2026-05-20 18:37:43,5.0,10.0,7.5,12.0,90.0,monthly,成都,郫都,合作街道,民营,500-999人,未知,电子/通信/半导体,硬件开发,嵌入式硬件
嵌入式硬件工程师（可实习）,150-200元/天,成都·龙泉驿·柏合,四川束研聚创科技有限公司,民营,20-99人,硕士,经验不限,FPGA,电子/通信/半导体-硬件开发-嵌入式硬件,2026-05-20 18:37:43,3.26,4.35,3.81,12.0,45.67,daily,成都,龙泉驿,柏合,民营,20-99人,未知,电子/通信/半导体,硬件开发,嵌入式硬件
资深硬件工程师（模拟电路方向）,3-4万·14薪,成都·郫都·合作街道,恩智技术股份有限公司,民营,300-499人,本科,5-10年,"设计, 精密测量, 模拟电路, 分析类仪器",电子/通信/半导体-硬件开发-硬件工程师,2026-05-20 18:38:29,30.0,40.0,35.0,14.0,490.0,monthly,成都,郫都,合作街道,民营,300-499人,未知,电子/通信/半导体,硬件开发,硬件工程师
硬件工程师,1.5-3万,成都·武侯·桂溪,成都理想境界科技有限公司,其它,20-99人,本科,3-5年,技术支持,电子/通信/半导体-硬件开发-硬件工程师,2026-05-20 18:38:30,15.0,30.0,22.5,12.0,270.0,monthly,成都,武侯,桂溪,其它,20-99人,未知,电子/通信/半导体,硬件开发,硬件工程师
嵌入式硬件工程师,1.7-2.5万,成都·郫都·合作街道,成都天奥信息科技有限公司,国企,300-499人,硕士,1-3年,,电子/通信/半导体-硬件开发-硬件工程师,2026-05-20 18:38:30,17.0,25.0,21.0,12.0,252.0,monthly,成都,郫都,合作街道,国企,300-499人,未知,电子/通信/半导体,硬件开发,硬件工程师
初中级硬件工程师（模拟电路方向）,1.5-2.5万·14薪,成都·郫都·合作街道,恩智技术股份有限公司,民营,300-499人,本科,1-3年,"设计, 模拟电路",电子/通信/半导体-硬件开发-硬件工程师,2026-05-20 18:38:29,15.0,25.0,20.0,14.0,280.0,monthly,成都,郫都,合作街道,民营,300-499人,未知,电子/通信/半导体,硬件开发,硬件工程师
高级硬件工程师,1.5-2.5万,成都·武侯·机投桥,成都博宇利华科技有限公司,民营,20-99人,本科,5-10年,"ADC/DAC, 数字模拟",电子/通信/半导体-硬件开发-硬件工程师,2026-05-20 18:38:30,15.0,25.0,20.0,12.0,240.0,monthly,成都,武侯,机投桥,民营,20-99人,未知,电子/通信/半导体,硬件开发,硬件工程师
高级电源硬件工程师,1.5-2.5万·14薪,成都·双流·黄甲,成都华远焊接设备股份有限公司,民营,300-499人,本科,5-10年,设计,电子/通信/半导体-硬件开发-硬件工程师,2026-05-20 18:38:30,15.0,25.0,20.0,14.0,280.0,monthly,成都,双流,黄甲,民营,300-499人,未知,电子/通信/半导体,硬件开发,硬件工程师
硬件工程师,1.5-2万,成都·青羊·苏坡,成都凯天电子股份有限公司,国企,1000-9999人,硕士,1-3年,,电子/通信/半导体-硬件开发-硬件工程师,2026-05-20 18:38:30,15.0,20.0,17.5,12.0,210.0,monthly,成都,青羊,苏坡,国企,1000-9999人,未知,电子/通信/半导体,硬件开发,硬件工程师
硬件工程师,1.3-2万,成都·温江·金马,翔宇医疗,民营,500-999人,本科,3-5年,,电子/通信/半导体-硬件开发-硬件工程师,2026-05-20 18:38:30,13.0,20.0,16.5,12.0,198.0,monthly,成都,温江,金马,民营,500-999人,未知,电子/通信/半导体,硬件开发,硬件工程师
硬件工程师（工业仪表）,1.2-1.8万,成都·武侯·桂溪,深圳万讯自控股份有限公司,上市公司,1000-9999人,本科,3-5年,"嵌入式硬件开发, 电路设计, PCB设计, EMC设计, 仪器仪表",电子/通信/半导体-硬件开发-硬件工程师,2026-05-20 18:38:29,12.0,18.0,15.0,12.0,180.0,monthly,成都,武侯,桂溪,上市公司,1000-9999人,未知,电子/通信/半导体,硬件开发,硬件工程师
电力电子硬件工程师,1-2万,成都·新都·石板滩,深圳众城卓越科技有限公司,民营,100-299人,本科,3-5年,硬件测试,电子/通信/半导体-硬件开发-硬件工程师,2026-05-20 18:38:30,10.0,20.0,15.0,12.0,180.0,monthly,成都,新都,石板滩,民营,100-299人,未知,电子/通信/半导体,硬件开发,硬件工程师
硬件工程师,1-1.8万,成都·郫都·合作街道,四川杰诺创科技有限公司,民营,100-299人,本科,3-5年,"设计, 硬件测试",电子/通信/半导体-硬件开发-硬件工程师,2026-05-20 18:38:30,10.0,18.0,14.0,12.0,168.0,monthly,成都,郫都,合作街道,民营,100-299人,未知,电子/通信/半导体,硬件开发,硬件工程师
硬件工程师,8000-16000元,成都·武侯·簇桥,成都睿博特科技有限公司,民营,20-99人,本科,3-5年,硬件设计,电子/通信/半导体-硬件开发-硬件工程师,2026-05-20 18:38:29,8.0,16.0,12.0,12.0,144.0,monthly,成都,武侯,簇桥,民营,20-99人,未知,电子/通信/半导体,硬件开发,硬件工程师
电源硬件工程师,8000-16000元,成都·双流·黄甲,成都华远焊接设备股份有限公司,民营,300-499人,本科,经验不限,"嵌入式硬件开发, PCB设计, 电路设计, 单片机开发, FPGA开发",电子/通信/半导体-硬件开发-硬件工程师,2026-05-20 18:38:30,8.0,16.0,12.0,12.0,144.0,monthly,成都,双流,黄甲,民营,300-499人,未知,电子/通信/半导体,硬件开发,硬件工程师
嵌入式硬件工程师,8000-14000元,成都·双流·黄甲,成都洋湃科技有限公司,民营,100-299人,本科,5-10年,"单片机, ARM处理器, PCB, STM32, 布线图, 原理图",电子/通信/半导体-硬件开发-硬件工程师,2026-05-20 18:38:29,8.0,14.0,11.0,12.0,132.0,monthly,成都,双流,黄甲,民营,100-299人,未知,电子/通信/半导体,硬件开发,硬件工程师
硬件工程师,8000-12000元·13薪,成都·成华·二仙桥,四川佳通铁科电气技术有限公司,民营,20-99人,本科,3-5年,铁路,电子/通信/半导体-硬件开发-硬件工程师,2026-05-20 18:38:41,8.0,12.0,10.0,13.0,130.0,monthly,成都,成华,二仙桥,民营,20-99人,未知,电子/通信/半导体,硬件开发,硬件工程师
npi硬件工程师,8000-12000元,成都·郫都·德源,成都芯金邦科技有限公司,港澳台公司,20-99人,本科,3-5年,,电子/通信/半导体-硬件开发-硬件工程师,2026-05-20 18:38:59,8.0,12.0,10.0,12.0,120.0,monthly,成都,郫都,德源,港澳台公司,20-99人,未知,电子/通信/半导体,硬件开发,硬件工程师
硬件工程师,7000-12000元·15薪,成都·金牛·天回镇,成都交控轨道科技有限公司,上市公司,300-499人,本科,1-3年,轨道交通硬件工程师,电子/通信/半导体-硬件开发-硬件工程师,2026-05-20 18:38:29,7.0,12.0,9.5,15.0,142.5,monthly,成都,金牛,天回镇,上市公司,300-499人,未知,电子/通信/半导体,硬件开发,硬件工程师
计算机硬件工程师,8000-9000元,成都·金牛·茶店子,永乐华航,民营,100-299人,大专,经验不限,"Linux, Windows",电子/通信/半导体-硬件开发-硬件工程师,2026-05-20 18:38:29,8.0,9.0,8.5,12.0,102.0,monthly,成都,金牛,茶店子,民营,100-299人,未知,电子/通信/半导体,硬件开发,硬件工程师
硬件工程师,5000-8000元,成都·郫都·合作街道,焱行科技(上海)有限公司,民营,20-99人,大专,1-3年,硬件测试,电子/通信/半导体-硬件开发-硬件工程师,2026-05-20 18:38:30,5.0,8.0,6.5,12.0,78.0,monthly,成都,郫都,合作街道,民营,20-99人,未知,电子/通信/半导体,硬件开发,硬件工程师
硬件工程师,4000-6000元,成都·双流·万安,成都耀塔科技有限公司,民营,20-99人,本科,1-3年,硬件测试,电子/通信/半导体-硬件开发-硬件工程师,2026-05-20 18:38:29,4.0,6.0,5.0,12.0,60.0,monthly,成都,双流,万安,民营,20-99人,未知,电子/通信/半导体,硬件开发,硬件工程师
硬件工程师（急招）,面议,成都·青羊·苏坡,中软国际,上市公司,10000人以上,本科,3-5年,"设计, PCB设计, EMC设计, DSP研发",电子/通信/半导体-硬件开发-硬件工程师,2026-05-20 18:38:29,,,,,,negotiable,成都,青羊,苏坡,上市公司,10000人以上,未知,电子/通信/半导体,硬件开发,硬件工程师
硬件工程师,面议,成都·青羊·苏坡,中软国际,上市公司,10000人以上,本科,1-3年,"硬件测试, 硬件开发",电子/通信/半导体-硬件开发-硬件工程师,2026-05-20 18:38:29,,,,,,negotiable,成都,青羊,苏坡,上市公司,10000人以上,未知,电子/通信/半导体,硬件开发,硬件工程师
通信工程服务部副总经理（160401）,1-1.5万,成都·武侯·肖家河,中通建技术有限公司,民营,500-999人,本科,10年以上,工程管理,电子/通信/半导体-通信-数据通信工程师,2026-05-20 18:28:17,10.0,15.0,12.5,12.0,150.0,monthly,成都,武侯,肖家河,民营,500-999人,未知,电子/通信/半导体,通信,数据通信工程师
数据通信工程师（售前400),8000-12000元,成都·武侯·桂溪,外企德科数字技术有限公司,合资,10000人以上,本科,1-3年,"网络协议, 网络交换技术, HCIA, HCIP, 数据通信, 存储",电子/通信/半导体-通信-数据通信工程师,2026-05-20 18:28:17,8.0,12.0,10.0,12.0,120.0,monthly,成都,武侯,桂溪,合资,10000人以上,未知,电子/通信/半导体,通信,数据通信工程师
数通工程师,8000-12000元,成都·武侯·红牌楼,重庆信科通信工程有限公司,民营,1000-9999人,大专,3-5年,数据通信,电子/通信/半导体-通信-数据通信工程师,2026-05-20 18:28:17,8.0,12.0,10.0,12.0,120.0,monthly,成都,武侯,红牌楼,民营,1000-9999人,未知,电子/通信/半导体,通信,数据通信工程师
运营商华为数通工程师,7000-12000元,成都·成华·万年场,浙江明讯网络技术有限公司,民营,1000-9999人,大专,3-5年,城域网,电子/通信/半导体-通信-数据通信工程师,2026-05-20 18:28:17,7.0,12.0,9.5,12.0,114.0,monthly,成都,成华,万年场,民营,1000-9999人,未知,电子/通信/半导体,通信,数据通信工程师
通信工程设计预算,7000-12000元,成都·武侯·红牌楼,四川振兴事达科技有限公司,民营,20-99人,大专,1-3年,"通信项目管理, 传输线路设计, 光缆通信, 施工, 施工图纸",电子/通信/半导体-通信-数据通信工程师,2026-05-20 18:28:17,7.0,12.0,9.5,12.0,114.0,monthly,成都,武侯,红牌楼,民营,20-99人,未知,电子/通信/半导体,通信,数据通信工程师
数通工程师,8000-11000元,成都·武侯·桂溪,成都山康技术服务有限公司,民营,1000-9999人,大专,1-3年,"HCIP, HCIE",电子/通信/半导体-通信-数据通信工程师,2026-05-20 18:28:17,8.0,11.0,9.5,12.0,114.0,monthly,成都,武侯,桂溪,民营,1000-9999人,未知,电子/通信/半导体,通信,数据通信工程师
通信工程项目经理助理,5000-9000元,成都·武侯·红牌楼,成都天域创投科技有限公司,民营,20-99人,大专,3-5年,移动电信铁塔运营商项目,电子/通信/半导体-通信-数据通信工程师,2026-05-20 18:28:18,5.0,9.0,7.0,12.0,84.0,monthly,成都,武侯,红牌楼,民营,20-99人,未知,电子/通信/半导体,通信,数据通信工程师
华为数通工程师（400热线）,5000-8000元,成都·郫都·合作街道,深圳市讯方技术股份有限公司,股份制企业,1000-9999人,本科,3-5年,"网络协议, HCIA, HCIP, HCIE, 400热线",电子/通信/半导体-通信-数据通信工程师,2026-05-20 18:28:17,5.0,8.0,6.5,12.0,78.0,monthly,成都,郫都,合作街道,股份制企业,1000-9999人,未知,电子/通信/半导体,通信,数据通信工程师
通信工程项目管理岗【四川-成都】,5000-6000元,成都·武侯·红牌楼,赛尔通信,股份制企业,1000-9999人,本科,1-3年,"通信项目管理, 通信工程, 工程管理",电子/通信/半导体-通信-数据通信工程师,2026-05-20 18:28:17,5.0,6.0,5.5,12.0,66.0,monthly,成都,武侯,红牌楼,股份制企业,1000-9999人,未知,电子/通信/半导体,通信,数据通信工程师
通信工程资料岗【四川-成都】,3000-5000元,成都·武侯·桂溪,赛尔通信,股份制企业,1000-9999人,大专,经验不限,"通信工程, 资料员证, 安全员C证, 工程施工资料, 项目资料",电子/通信/半导体-通信-数据通信工程师,2026-05-20 18:28:17,3.0,5.0,4.0,12.0,48.0,monthly,成都,武侯,桂溪,股份制企业,1000-9999人,未知,电子/通信/半导体,通信,数据通信工程师
通信技术高级工程师,1.5-3万·13薪,成都·武侯·石羊,成都某信息通信科技公司（央企）,其它,500-999人,硕士,3-5年,"5G, 无线通信",电子/通信/半导体-通信-通信技术工程师,2026-05-20 18:26:41,15.0,30.0,22.5,13.0,292.5,monthly,成都,武侯,石羊,其它,500-999人,未知,电子/通信/半导体,通信,通信技术工程师
通信技术工程师,1.7-2.5万,成都·郫都·合作街道,四川凯锐人力资源管理有限公司,民营,100-299人,硕士,3-5年,"天线, 射频, 微波, 毫米波, 集成电路, 射频芯片设计",电子/通信/半导体-通信-通信技术工程师,2026-05-20 18:26:40,17.0,25.0,21.0,12.0,252.0,monthly,成都,郫都,合作街道,民营,100-299人,未知,电子/通信/半导体,通信,通信技术工程师
鼎桥通信技术工程师,1.7-2万,成都·武侯·桂溪,成都山康技术服务有限公司,民营,1000-9999人,本科,1-3年,"英语口语, 海外",电子/通信/半导体-通信-通信技术工程师,2026-05-20 18:26:40,17.0,20.0,18.5,12.0,222.0,monthly,成都,武侯,桂溪,民营,1000-9999人,未知,电子/通信/半导体,通信,通信技术工程师
售前技术支持工程师,1-2万,成都·金牛·金泉,成都中创锐科信息技术有限公司,民营,20-99人,本科,1-3年,"文档编写, 解决方案, 自动化测试, 射频微波",电子/通信/半导体-通信-通信技术工程师,2026-05-20 18:26:41,10.0,20.0,15.0,12.0,180.0,monthly,成都,金牛,金泉,民营,20-99人,未知,电子/通信/半导体,通信,通信技术工程师
结构工程师（通信）,1-1.8万,成都·青羊·文家,软通动力信息技术(集团)股份有限公司,上市公司,10000人以上,大专,3-5年,"通信产品/设备, 射频, 控阵终端",电子/通信/半导体-通信-通信技术工程师,2026-05-20 18:26:41,10.0,18.0,14.0,12.0,168.0,monthly,成都,青羊,文家,上市公司,10000人以上,未知,电子/通信/半导体,通信,通信技术工程师
高级技术工程师（ISCS/BAS/通信方向）,1-1.5万,成都·武侯·桂溪,浙江中控信息产业股份有限公司,民营,1000-9999人,本科,5-10年,"轨道交通调试, 通信系统, 供电系统, 监控系统, 地铁",电子/通信/半导体-通信-通信技术工程师,2026-05-20 18:26:41,10.0,15.0,12.5,12.0,150.0,monthly,成都,武侯,桂溪,民营,1000-9999人,未知,电子/通信/半导体,通信,通信技术工程师
石油售前技术工程师,8000-16000元,成都·武侯·望江路,成都科能石油技术有限公司,民营,500-999人,本科,5-10年,"石油工程设计, 储运设计, 开采工艺, 储运工艺, 技术方案定制",电子/通信/半导体-通信-通信技术工程师,2026-05-20 18:26:41,8.0,16.0,12.0,12.0,144.0,monthly,成都,武侯,望江路,民营,500-999人,未知,电子/通信/半导体,通信,通信技术工程师
通信技术工程师,9000-14000元,成都·武侯·桂溪,四川犇锋电子科技有限公司,100-299人,半导体/芯片,本科,1-3年,"移动通信, 需求规格说明书, 技术文档编写, 跨部门沟通",电子/通信/半导体-通信-通信技术工程师,2026-05-20 18:26:40,9.0,14.0,11.5,12.0,138.0,monthly,成都,武侯,桂溪,半导体/芯片,100-299人,未知,电子/通信/半导体,通信,通信技术工程师
计量技术负责人,8000-15000元,成都·新津·普兴,四川复现技术检测服务有限公司,民营,20人以下,本科,3-5年,"一级注册计量师, 计量校准, 计量检测, 力学计量, 温度计量",电子/通信/半导体-通信-通信技术工程师,2026-05-20 18:26:41,8.0,15.0,11.5,12.0,138.0,monthly,成都,新津,普兴,民营,20人以下,未知,电子/通信/半导体,通信,通信技术工程师
技术负责人（机电）,8000-12000元,成都·武侯·肖家河,中通建技术有限公司,民营,500-999人,本科,5-10年,,电子/通信/半导体-通信-通信技术工程师,2026-05-20 18:27:00,8.0,12.0,10.0,12.0,120.0,monthly,成都,武侯,肖家河,民营,500-999人,未知,电子/通信/半导体,通信,通信技术工程师
前沿通信技术与产业发展研究工程师,7000-12000元,成都·双流·彭镇,重庆信息通信研究院,国企,500-999人,硕士,经验不限,"移动通信, 无线通信, 天线设计",电子/通信/半导体-通信-通信技术工程师,2026-05-20 18:26:40,7.0,12.0,9.5,12.0,114.0,monthly,成都,双流,彭镇,国企,500-999人,未知,电子/通信/半导体,通信,通信技术工程师
运营商华为数通工程师,7000-12000元,成都·成华·万年场,浙江明讯网络技术有限公司,民营,1000-9999人,大专,3-5年,城域网,电子/通信/半导体-通信-通信技术工程师,2026-05-20 18:26:50,7.0,12.0,9.5,12.0,114.0,monthly,成都,成华,万年场,民营,1000-9999人,未知,电子/通信/半导体,通信,通信技术工程师
网络通信产品技术工程师,6000-12000元,成都·金牛·金泉,四川启能工程设计有限公司,民营,20-99人,本科,1-3年,"CCNP, 网络通信",电子/通信/半导体-通信-通信技术工程师,2026-05-20 18:26:41,6.0,12.0,9.0,12.0,108.0,monthly,成都,金牛,金泉,民营,20-99人,未知,电子/通信/半导体,通信,通信技术工程师
防爆电气技术员（成都）,6000-11000元,成都·金牛·荷花池,天津佳电电机成套设备技术有限公司,民营,100-299人,本科,3-5年,"控制柜, 电机, 配电柜, 低压, 高压, 防爆电气",电子/通信/半导体-通信-通信技术工程师,2026-05-20 18:26:41,6.0,11.0,8.5,12.0,102.0,monthly,成都,金牛,荷花池,民营,100-299人,未知,电子/通信/半导体,通信,通信技术工程师
通信技术工程师,7000-9000元,成都·双流·华阳,四川非凡网毅科技有限公司,民营,100-299人,本科,3-5年,"研发, 测试",电子/通信/半导体-通信-通信技术工程师,2026-05-20 18:26:40,7.0,9.0,8.0,12.0,96.0,monthly,成都,双流,华阳,民营,100-299人,未知,电子/通信/半导体,通信,通信技术工程师
通信技术工程师,7000-9000元,成都·武侯·望江路,四川大智电力有限公司,20-99人,电力/水利/热力/燃气,大专,3-5年,"运维, 光纤通信, 光缆通信, 电力通信",电子/通信/半导体-通信-通信技术工程师,2026-05-20 18:26:40,7.0,9.0,8.0,12.0,96.0,monthly,成都,武侯,望江路,电力/水利/热力/燃气,20-99人,未知,电子/通信/半导体,通信,通信技术工程师
BA/楼宇自控技术工程师,6000-10000元,成都·双流·中和,四川远绩物联技术有限公司,民营,20-99人,大专,1-3年,"技术支持, 西门子, 施耐德, 汇川",电子/通信/半导体-通信-通信技术工程师,2026-05-20 18:26:41,6.0,10.0,8.0,12.0,96.0,monthly,成都,双流,中和,民营,20-99人,未知,电子/通信/半导体,通信,通信技术工程师
400数通技术支持【六险一金】,6000-10000元·14薪,成都·武侯·桂溪,外企德科数字技术有限公司,合资,10000人以上,本科,1-3年,"HCIP, HCIE",电子/通信/半导体-通信-通信技术工程师,2026-05-20 18:26:42,6.0,10.0,8.0,14.0,112.0,monthly,成都,武侯,桂溪,合资,10000人以上,未知,电子/通信/半导体,通信,通信技术工程师
通信技术工程师-双休,5000-10000元,成都·武侯·石羊,成都雄博科技发展有限公司,民营,20-99人,本科,1-3年,"运维, 光缆通信, 光纤通信",电子/通信/半导体-通信-通信技术工程师,2026-05-20 18:26:41,5.0,10.0,7.5,12.0,90.0,monthly,成都,武侯,石羊,民营,20-99人,未知,电子/通信/半导体,通信,通信技术工程师
电力通信技术工程师,6000-8000元·13薪,成都·温江·金马,成都普锐鑫自动化设备有限公司,民营,20-99人,本科,1-3年,"数据通信, 电力通信, 电力, 运维, 电力通信自动化, HCIP证书",电子/通信/半导体-通信-通信技术工程师,2026-05-20 18:26:40,6.0,8.0,7.0,13.0,91.0,monthly,成都,温江,金马,民营,20-99人,未知,电子/通信/半导体,通信,通信技术工程师
通信技术工程师,4000-8000元,成都·武侯·桂溪,成都科润实业有限公司,民营,100-299人,大专,1-3年,"数通, 路由器, 交换机",电子/通信/半导体-通信-通信技术工程师,2026-05-20 18:26:40,4.0,8.0,6.0,12.0,72.0,monthly,成都,武侯,桂溪,民营,100-299人,未知,电子/通信/半导体,通信,通信技术工程师
通信技术工程师实习生,100-110元/天,成都·锦江·成龙路,重庆信科通信工程有限公司,民营,1000-9999人,大专,经验不限,5G,电子/通信/半导体-通信-通信技术工程师,2026-05-20 18:26:40,2.17,2.39,2.28,12.0,27.41,daily,成都,锦江,成龙路,民营,1000-9999人,未知,电子/通信/半导体,通信,通信技术工程师
软件开发工程师,2.6-4万·15薪,成都·郫都·犀浦,中国长城,国企,10000人以上,博士,经验不限,通信,电子/通信/半导体-通信-通信研发工程师,2026-05-20 18:27:47,26.0,40.0,33.0,15.0,495.0,monthly,成都,郫都,犀浦,国企,10000人以上,未知,电子/通信/半导体,通信,通信研发工程师
系统研发设计岗,2-4万,成都·金牛·金泉,电科航电,国企,1000-9999人,硕士,3-5年,"研发, 无线通信, 数据通信, 系统研发, 航空",电子/通信/半导体-通信-通信研发工程师,2026-05-20 18:27:39,20.0,40.0,30.0,12.0,360.0,monthly,成都,金牛,金泉,国企,1000-9999人,未知,电子/通信/半导体,通信,通信研发工程师
天线工程师,1.5-3万,成都·成华·龙潭,成都华芯天微科技有限公司,民营,100-299人,本科,3-5年,相控阵天线,电子/通信/半导体-通信-通信研发工程师,2026-05-20 18:27:39,15.0,30.0,22.5,12.0,270.0,monthly,成都,成华,龙潭,民营,100-299人,未知,电子/通信/半导体,通信,通信研发工程师
中级通信研发工程师（物理层）,1.5-2.5万·13薪,成都·武侯·桂溪,元测信息技术(成都)有限公司,民营,20-99人,本科,3-5年,"5G, 4G, C语言, C++, 无线通信",电子/通信/半导体-通信-通信研发工程师,2026-05-20 18:27:27,15.0,25.0,20.0,13.0,260.0,monthly,成都,武侯,桂溪,民营,20-99人,未知,电子/通信/半导体,通信,通信研发工程师
【校招】天线工程师,1.5-1.8万,成都·成华·龙潭,成都华芯天微科技有限公司,民营,100-299人,硕士,经验不限,"天线设计, 微波射频, 卫星通信",电子/通信/半导体-通信-通信研发工程师,2026-05-20 18:27:29,15.0,18.0,16.5,12.0,198.0,monthly,成都,成华,龙潭,民营,100-299人,未知,电子/通信/半导体,通信,通信研发工程师
工业设备通讯开发工程师,1-2万,成都·简阳·石板凳,海目星激光科技集团股份有限公司,民营,1000-9999人,本科,3-5年,"C++, C语言, 无线通信, AGV通讯开发, 设备调度通讯",电子/通信/半导体-通信-通信研发工程师,2026-05-20 18:27:28,10.0,20.0,15.0,12.0,180.0,monthly,成都,简阳,石板凳,民营,1000-9999人,未知,电子/通信/半导体,通信,通信研发工程师
初级通信研发工程师（物理层）,1-1.8万·13薪,成都·武侯·桂溪,元测信息技术(成都)有限公司,民营,20-99人,本科,1-3年,"5G, 4G, 无线通信, C++, C语言",电子/通信/半导体-通信-通信研发工程师,2026-05-20 18:27:27,10.0,18.0,14.0,13.0,182.0,monthly,成都,武侯,桂溪,民营,20-99人,未知,电子/通信/半导体,通信,通信研发工程师
通信系统设计工程师,8000-16000元·13薪,成都·龙泉驿·大面,绵阳紫微科技有限公司,合资,20-99人,本科,3-5年,"数据通信, 卫星通信",电子/通信/半导体-通信-通信研发工程师,2026-05-20 18:27:28,8.0,16.0,12.0,13.0,156.0,monthly,成都,龙泉驿,大面,合资,20-99人,未知,电子/通信/半导体,通信,通信研发工程师
通信技术工程师,9000-14000元,成都·武侯·桂溪,四川犇锋电子科技有限公司,100-299人,半导体/芯片,本科,1-3年,"移动通信, 需求规格说明书, 技术文档编写, 跨部门沟通",电子/通信/半导体-通信-通信研发工程师,2026-05-20 18:27:29,9.0,14.0,11.5,12.0,138.0,monthly,成都,武侯,桂溪,半导体/芯片,100-299人,未知,电子/通信/半导体,通信,通信研发工程师
数通工程师,8000-12000元,成都·武侯·红牌楼,重庆信科通信工程有限公司,民营,1000-9999人,大专,3-5年,数据通信,电子/通信/半导体-通信-通信研发工程师,2026-05-20 18:27:27,8.0,12.0,10.0,12.0,120.0,monthly,成都,武侯,红牌楼,民营,1000-9999人,未知,电子/通信/半导体,通信,通信研发工程师
数据通信工程师（售前400),8000-12000元,成都·武侯·桂溪,外企德科数字技术有限公司,合资,10000人以上,本科,1-3年,"网络协议, 网络交换技术, HCIA, HCIP, 数据通信, 存储",电子/通信/半导体-通信-通信研发工程师,2026-05-20 18:27:28,8.0,12.0,10.0,12.0,120.0,monthly,成都,武侯,桂溪,合资,10000人以上,未知,电子/通信/半导体,通信,通信研发工程师
通信运维工程师,8000-12000元·13薪,成都·郫都·合作街道,软通动力信息技术(集团)股份有限公司,上市公司,10000人以上,本科,3-5年,"LTE, 无线通信, 4G, 5G, 运维, 网络运维, 网优",电子/通信/半导体-通信-通信研发工程师,2026-05-20 18:27:28,8.0,12.0,10.0,13.0,130.0,monthly,成都,郫都,合作街道,上市公司,10000人以上,未知,电子/通信/半导体,通信,通信研发工程师
前沿通信技术与产业发展研究工程师,7000-12000元,成都·双流·彭镇,重庆信息通信研究院,国企,500-999人,硕士,经验不限,"移动通信, 无线通信, 天线设计",电子/通信/半导体-通信-通信研发工程师,2026-05-20 18:27:27,7.0,12.0,9.5,12.0,114.0,monthly,成都,双流,彭镇,国企,500-999人,未知,电子/通信/半导体,通信,通信研发工程师
运营商华为数通工程师,7000-12000元,成都·成华·万年场,浙江明讯网络技术有限公司,民营,1000-9999人,大专,3-5年,城域网,电子/通信/半导体-通信-通信研发工程师,2026-05-20 18:27:27,7.0,12.0,9.5,12.0,114.0,monthly,成都,成华,万年场,民营,1000-9999人,未知,电子/通信/半导体,通信,通信研发工程师
400售前技术工程师,8000-11000元,成都·武侯·桂溪,外企德科数字技术有限公司,合资,10000人以上,本科,1-3年,"网络交换技术, 网络协议, Unix, Linux, 通信设备装维",电子/通信/半导体-通信-通信研发工程师,2026-05-20 18:27:28,8.0,11.0,9.5,12.0,114.0,monthly,成都,武侯,桂溪,合资,10000人以上,未知,电子/通信/半导体,通信,通信研发工程师
通信技术员,7000-9000元·13薪,成都·武侯·桂溪,四川任由行通信科技有限公司,民营,20-99人,大专,1-3年,"运维, 数据通信, 通信设备维护, 网络故障排查, 通信协议应用",电子/通信/半导体-通信-通信研发工程师,2026-05-20 18:27:27,7.0,9.0,8.0,13.0,104.0,monthly,成都,武侯,桂溪,民营,20-99人,未知,电子/通信/半导体,通信,通信研发工程师
通信技术工程师,7000-9000元,成都·双流·华阳,四川非凡网毅科技有限公司,民营,100-299人,本科,3-5年,"研发, 测试",电子/通信/半导体-通信-通信研发工程师,2026-05-20 18:27:28,7.0,9.0,8.0,12.0,96.0,monthly,成都,双流,华阳,民营,100-299人,未知,电子/通信/半导体,通信,通信研发工程师
通信技术工程师,7000-9000元,成都·武侯·望江路,四川大智电力有限公司,20-99人,电力/水利/热力/燃气,大专,3-5年,"运维, 光纤通信, 光缆通信, 电力通信",电子/通信/半导体-通信-通信研发工程师,2026-05-20 18:27:58,7.0,9.0,8.0,12.0,96.0,monthly,成都,武侯,望江路,电力/水利/热力/燃气,20-99人,未知,电子/通信/半导体,通信,通信研发工程师
通信工程师助理,6000-9000元·13薪,成都·双流·万安,四川科航锐科技有限公司,民营,100-299人,大专,经验不限,"运维, 移动通信, 基站设备维护, 通信故障排查",电子/通信/半导体-通信-通信研发工程师,2026-05-20 18:27:29,6.0,9.0,7.5,13.0,97.5,monthly,成都,双流,万安,民营,100-299人,未知,电子/通信/半导体,通信,通信研发工程师
通信技术员,5000-7000元,成都·武侯·桂溪,四川广虹霖科技有限公司,民营,100-299人,大专,1-3年,"移动通信, 无线勘察设计",电子/通信/半导体-通信-通信研发工程师,2026-05-20 18:27:27,5.0,7.0,6.0,12.0,72.0,monthly,成都,武侯,桂溪,民营,100-299人,未知,电子/通信/半导体,通信,通信研发工程师
通信技术工程师,4000-8000元,成都·武侯·桂溪,成都科润实业有限公司,民营,100-299人,大专,1-3年,"数通, 路由器, 交换机",电子/通信/半导体-通信-通信研发工程师,2026-05-20 18:27:39,4.0,8.0,6.0,12.0,72.0,monthly,成都,武侯,桂溪,民营,100-299人,未知,电子/通信/半导体,通信,通信研发工程师
铁塔/通信人员（实习生）,4000-7000元,成都·武侯·桂溪,四川广虹霖科技有限公司,民营,100-299人,大专,经验不限,"移动通信, CAD制图, 方案设计",电子/通信/半导体-通信-通信研发工程师,2026-05-20 18:27:28,4.0,7.0,5.5,12.0,66.0,monthly,成都,武侯,桂溪,民营,100-299人,未知,电子/通信/半导体,通信,通信研发工程师
通信工程师助理,4000-6000元,成都·双流·华阳,四川非凡网毅科技有限公司,民营,100-299人,大专,经验不限,"运维, 移动通信, 研发",电子/通信/半导体-通信-通信研发工程师,2026-05-20 18:27:28,4.0,6.0,5.0,12.0,60.0,monthly,成都,双流,华阳,民营,100-299人,未知,电子/通信/半导体,通信,通信研发工程师
通信技术工程师实习生,100-110元/天,成都·锦江·成龙路,重庆信科通信工程有限公司,民营,1000-9999人,大专,经验不限,5G,电子/通信/半导体-通信-通信研发工程师,2026-05-20 18:27:27,2.17,2.39,2.28,12.0,27.41,daily,成都,锦江,成龙路,民营,1000-9999人,未知,电子/通信/半导体,通信,通信研发工程师
AI产品经理（大模型应用方向）,3-6万,杭州·滨江·长河,杭州英才人力资源有限公司,民营,20-99人,本科,经验不限,,产品-互联网产品经理-AI产品经理,2026-05-20 18:49:37,30.0,60.0,45.0,12.0,540.0,monthly,杭州,滨江,长河,民营,20-99人,未知,产品,互联网产品经理,AI产品经理
AI产品经理（家长端）(J58998),3-4万,杭州·余杭,新东方教育科技集团有限公司,上市公司,10000人以上,本科,1-3年,,产品-互联网产品经理-AI产品经理,2026-05-20 18:49:37,30.0,40.0,35.0,12.0,420.0,monthly,杭州,余杭,,上市公司,10000人以上,未知,产品,互联网产品经理,AI产品经理
AI产品经理（⼉童测评与能⼒训练⽅向）(J58999),3-4万,杭州·余杭,新东方教育科技集团有限公司,上市公司,10000人以上,本科,1-3年,,产品-互联网产品经理-AI产品经理,2026-05-20 18:49:37,30.0,40.0,35.0,12.0,420.0,monthly,杭州,余杭,,上市公司,10000人以上,未知,产品,互联网产品经理,AI产品经理
AI产品经理（工业方向）,2.5-3.5万·13薪,杭州·余杭·五常,双环传动,上市公司,1000-9999人,本科,5-10年,,产品-互联网产品经理-AI产品经理,2026-05-20 18:49:36,25.0,35.0,30.0,13.0,390.0,monthly,杭州,余杭,五常,上市公司,1000-9999人,未知,产品,互联网产品经理,AI产品经理
ai产品经理,2.5-3.5万,杭州·西湖·蒋村,杭州微风企科技有限公司,股份制企业,100-299人,本科,5-10年,大模型,产品-互联网产品经理-AI产品经理,2026-05-20 18:49:37,25.0,35.0,30.0,12.0,360.0,monthly,杭州,西湖,蒋村,股份制企业,100-299人,未知,产品,互联网产品经理,AI产品经理
AI产品经理,1.8-3万,杭州·西湖·三墩,赛伯乐投资集团有限公司杭州分公司,国家机关,20-99人,本科,1-3年,"大模型, 智能机器人",产品-互联网产品经理-AI产品经理,2026-05-20 18:49:36,18.0,30.0,24.0,12.0,288.0,monthly,杭州,西湖,三墩,国家机关,20-99人,未知,产品,互联网产品经理,AI产品经理
ai产品经理-base杭州,1.6-2.6万,杭州·余杭·五常,软通动力信息技术(集团)股份有限公司,上市公司,10000人以上,本科,3-5年,"大模型, AIGC, 搜索, 智能问答, 智能语音, 工具, 智能助手",产品-互联网产品经理-AI产品经理,2026-05-20 18:49:36,16.0,26.0,21.0,12.0,252.0,monthly,杭州,余杭,五常,上市公司,10000人以上,未知,产品,互联网产品经理,AI产品经理
AI产品经理（车企营销服务AI方向）,1.8-2.4万,杭州·滨江·西兴,广东善世企业服务集团有限公司,民营,10000人以上,本科,3-5年,"产品经理, AI, 车企, 营销服务",产品-互联网产品经理-AI产品经理,2026-05-20 18:49:36,18.0,24.0,21.0,12.0,252.0,monthly,杭州,滨江,西兴,民营,10000人以上,未知,产品,互联网产品经理,AI产品经理
AI产品经理（建筑安全saas）,1.5-2.5万·15薪,杭州·余杭·五常,成都易训企业管理咨询有限公司,民营,300-499人,本科,3-5年,"智能机器人, 智能穿戴",产品-互联网产品经理-AI产品经理,2026-05-20 18:49:36,15.0,25.0,20.0,15.0,300.0,monthly,杭州,余杭,五常,民营,300-499人,未知,产品,互联网产品经理,AI产品经理
AI产品经理,1.5-2.5万·14薪,杭州·滨江·浦沿,中控技术股份有限公司,上市公司,1000-9999人,本科,3-5年,"NLP, AIGC, 智能问答, LLM",产品-互联网产品经理-AI产品经理,2026-05-20 18:49:37,15.0,25.0,20.0,14.0,280.0,monthly,杭州,滨江,浦沿,上市公司,1000-9999人,未知,产品,互联网产品经理,AI产品经理
AI产品经理（调研）,1.5-2.5万·15薪,杭州·余杭·五常,成都易训企业管理咨询有限公司,民营,300-499人,本科,3-5年,AI产品,产品-互联网产品经理-AI产品经理,2026-05-20 18:49:37,15.0,25.0,20.0,15.0,300.0,monthly,杭州,余杭,五常,民营,300-499人,未知,产品,互联网产品经理,AI产品经理
AI产品经理,1.5-2.5万·14薪,杭州·余杭·余杭街道,浙江英集动力科技有限公司,民营,100-299人,本科,1-3年,,产品-互联网产品经理-AI产品经理,2026-05-20 18:49:37,15.0,25.0,20.0,14.0,280.0,monthly,杭州,余杭,余杭街道,民营,100-299人,未知,产品,互联网产品经理,AI产品经理
AI 智能体业务产品经理,1.5-2.5万,杭州·西湖·留下,北京筑英达信息技术有限公司,民营,10000人以上,本科,1-3年,"大模型, 智能客服, 金融业务场景理解, 产品全生命周期管理",产品-互联网产品经理-AI产品经理,2026-05-20 18:49:37,15.0,25.0,20.0,12.0,240.0,monthly,杭州,西湖,留下,民营,10000人以上,未知,产品,互联网产品经理,AI产品经理
AI大模型产品经理（安全领域）,1.5-2.5万·15薪,杭州·余杭·五常,成都易训企业管理咨询有限公司,民营,300-499人,本科,3-5年,大模型,产品-互联网产品经理-AI产品经理,2026-05-20 18:49:37,15.0,25.0,20.0,15.0,300.0,monthly,杭州,余杭,五常,民营,300-499人,未知,产品,互联网产品经理,AI产品经理
ai产品经理,1.5-2.4万,杭州·余杭·五常,软通动力信息技术(集团)股份有限公司,上市公司,10000人以上,本科,3-5年,"AIGC, 机器视觉",产品-互联网产品经理-AI产品经理,2026-05-20 18:49:36,15.0,24.0,19.5,12.0,234.0,monthly,杭州,余杭,五常,上市公司,10000人以上,未知,产品,互联网产品经理,AI产品经理
产品经理（AI方向）,1.8-2万,杭州·滨江·西兴,博彦科技承德有限公司,股份制企业,1000-9999人,本科,5-10年,"大模型, 智能机器人",产品-互联网产品经理-AI产品经理,2026-05-20 18:49:37,18.0,20.0,19.0,12.0,228.0,monthly,杭州,滨江,西兴,股份制企业,1000-9999人,未知,产品,互联网产品经理,AI产品经理
ai产品经理,1.1-2万,杭州·滨江·西兴,博彦科技承德有限公司,股份制企业,1000-9999人,本科,5-10年,"大模型, AIGC, 机器视觉, 智能问答, 智能客服, 搜索, AI",产品-互联网产品经理-AI产品经理,2026-05-20 18:49:36,11.0,20.0,15.5,12.0,186.0,monthly,杭州,滨江,西兴,股份制企业,1000-9999人,未知,产品,互联网产品经理,AI产品经理
AI产品经理 (MJ001751),1.2-1.8万·13薪,杭州·上城·九堡,得力集团,民营,10000人以上,本科,3-5年,AIGC,产品-互联网产品经理-AI产品经理,2026-05-20 18:49:36,12.0,18.0,15.0,13.0,195.0,monthly,杭州,上城,九堡,民营,10000人以上,未知,产品,互联网产品经理,AI产品经理
培训产品经理（数字化 / AI 应用方向）,8000-16000元,杭州·滨江·西兴,典训文化发展有限公司,民营,20-99人,本科,1-3年,"大模型, AIGC",产品-互联网产品经理-AI产品经理,2026-05-20 18:49:37,8.0,16.0,12.0,12.0,144.0,monthly,杭州,滨江,西兴,民营,20-99人,未知,产品,互联网产品经理,AI产品经理
中级AI产品经理,9000-14000元,杭州·余杭·仓前,杭州博亦远科技有限公司,民营,100-299人,硕士,3-5年,"AI, 产品经理",产品-互联网产品经理-AI产品经理,2026-05-20 18:49:36,9.0,14.0,11.5,12.0,138.0,monthly,杭州,余杭,仓前,民营,100-299人,未知,产品,互联网产品经理,AI产品经理
产品经理（电商方向）,4.5-6万,杭州·西湖·转塘,四川科航人力资源服务有限公司,民营,10000人以上,本科,3-5年,,产品-互联网产品经理-电商产品经理,2026-05-20 18:48:48,45.0,60.0,52.5,12.0,630.0,monthly,杭州,西湖,转塘,民营,10000人以上,未知,产品,互联网产品经理,电商产品经理
产品经理（汽车电商）,3-4.5万,杭州·滨江·浦沿,四川科航人力资源服务有限公司,民营,10000人以上,本科,5-10年,,产品-互联网产品经理-电商产品经理,2026-05-20 18:48:48,30.0,45.0,37.5,12.0,450.0,monthly,杭州,滨江,浦沿,民营,10000人以上,未知,产品,互联网产品经理,电商产品经理
高级市场产品经理 （电商）,2-4万·14薪,杭州·滨江·长河,烟台睿创微纳技术股份有限公司,民营,1000-9999人,本科,5-10年,,产品-互联网产品经理-电商产品经理,2026-05-20 18:48:48,20.0,40.0,30.0,14.0,420.0,monthly,杭州,滨江,长河,民营,1000-9999人,未知,产品,互联网产品经理,电商产品经理
资深产品经理（电商方向）,2-4万,杭州·滨江·西兴,四川科航人力资源服务有限公司,民营,10000人以上,本科,5-10年,"电商, 产品规划, 需求分析, 产品设计, TO C, TO B",产品-互联网产品经理-电商产品经理,2026-05-20 18:48:49,20.0,40.0,30.0,12.0,360.0,monthly,杭州,滨江,西兴,民营,10000人以上,未知,产品,互联网产品经理,电商产品经理
保健品产品经理-电商渠道,2.5-3万,杭州·萧山·盈丰,北京斯利安药业有限公司,民营,500-999人,大专,3-5年,"保健品, 电商渠道, 母婴, 孕产, 慢病, 婴童",产品-互联网产品经理-电商产品经理,2026-05-20 18:48:48,25.0,30.0,27.5,12.0,330.0,monthly,杭州,萧山,盈丰,民营,500-999人,未知,产品,互联网产品经理,电商产品经理
电动摩托车-产品经理,2-3万,杭州·余杭·仓前,湖南闪充智行科技有限公司,民营,100-299人,本科,5-10年,"摩托车, 汽车",产品-互联网产品经理-电商产品经理,2026-05-20 18:48:49,20.0,30.0,25.0,12.0,300.0,monthly,杭州,余杭,仓前,民营,100-299人,未知,产品,互联网产品经理,电商产品经理
电商产品设计师/双休,2-3万,杭州·萧山·盈丰,杭州梁田科技有限公司,民营,20-99人,学历不限,1-3年,"AI, PS, Vray, 独立完成效果图",产品-互联网产品经理-电商产品经理,2026-05-20 18:48:49,20.0,30.0,25.0,12.0,300.0,monthly,杭州,萧山,盈丰,民营,20-99人,未知,产品,互联网产品经理,电商产品经理
软件产品经理（电商业务模块）,1.5-3万,杭州·余杭·仓前,宁波渠成集团有限公司,民营,1000-9999人,本科,3-5年,"新零售, C端产品, ERP系统, CRM系统",产品-互联网产品经理-电商产品经理,2026-05-20 18:48:48,15.0,30.0,22.5,12.0,270.0,monthly,杭州,余杭,仓前,民营,1000-9999人,未知,产品,互联网产品经理,电商产品经理
产品经理,1.5-3万,杭州·上城·四季青,宁波通商银行股份有限公司,股份制企业,1000-9999人,本科,1-3年,"金融业, 投融资业务, 银行业, 产品管理",产品-互联网产品经理-电商产品经理,2026-05-20 18:48:49,15.0,30.0,22.5,12.0,270.0,monthly,杭州,上城,四季青,股份制企业,1000-9999人,未知,产品,互联网产品经理,电商产品经理
产品经理-智能硬件,1.5-2.5万·15薪,杭州·滨江·西兴,外企德科,合资,10000人以上,本科,3-5年,,产品-互联网产品经理-电商产品经理,2026-05-20 18:48:49,15.0,25.0,20.0,15.0,300.0,monthly,杭州,滨江,西兴,合资,10000人以上,未知,产品,互联网产品经理,电商产品经理
高级产品经理,1.7-2万,杭州·萧山·宁围,华瑞信息,民营,100-299人,本科,5-10年,"软件产品, Axure, ERP系统",产品-互联网产品经理-电商产品经理,2026-05-20 18:48:49,17.0,20.0,18.5,12.0,222.0,monthly,杭州,萧山,宁围,民营,100-299人,未知,产品,互联网产品经理,电商产品经理
医药电商产品经理,1.2-2.4万·13薪,杭州·西湖·三墩,英科新创,合资,500-999人,本科,3-5年,,产品-互联网产品经理-电商产品经理,2026-05-20 18:48:48,12.0,24.0,18.0,13.0,234.0,monthly,杭州,西湖,三墩,合资,500-999人,未知,产品,互联网产品经理,电商产品经理
电商产品经理,1.6-2万,杭州·萧山·瓜沥,帝欧智家(四川)家居有限公司,民营,1000-9999人,大专,5-10年,"功能产品, 商业产品, O2O产品, 产品规划, 产品设计",产品-互联网产品经理-电商产品经理,2026-05-20 18:48:48,16.0,20.0,18.0,12.0,216.0,monthly,杭州,萧山,瓜沥,民营,1000-9999人,未知,产品,互联网产品经理,电商产品经理
电商it产品经理,1.5-2万,杭州·滨江·长河,江苏欧美斯科技发展集团有限公司,民营,1000-9999人,大专,3-5年,C端产品,产品-互联网产品经理-电商产品经理,2026-05-20 18:48:49,15.0,20.0,17.5,12.0,210.0,monthly,杭州,滨江,长河,民营,1000-9999人,未知,产品,互联网产品经理,电商产品经理
海外产品经理,1.5-2万,杭州·萧山·盈丰,杭州今元标矩科技有限公司宁波分公司,民营,1000-9999人,本科,经验不限,,产品-互联网产品经理-电商产品经理,2026-05-20 18:48:49,15.0,20.0,17.5,12.0,210.0,monthly,杭州,萧山,盈丰,民营,1000-9999人,未知,产品,互联网产品经理,电商产品经理
跨境电商产品经理,1-1.6万·13薪,杭州·上城·四季青,杭州艾克电器有限公司,民营,100-299人,本科,1-3年,,产品-互联网产品经理-电商产品经理,2026-05-20 18:48:48,10.0,16.0,13.0,13.0,169.0,monthly,杭州,上城,四季青,民营,100-299人,未知,产品,互联网产品经理,电商产品经理
项目产品经理,8000-16000元,杭州·上城·南星,北京电力自动化设备有限公司,国企,100-299人,大专,3-5年,"能源电力, 智能化, 数字化",产品-互联网产品经理-电商产品经理,2026-05-20 18:48:49,8.0,16.0,12.0,12.0,144.0,monthly,杭州,上城,南星,国企,100-299人,未知,产品,互联网产品经理,电商产品经理
工业电厂（能源电力）专项产品经理,8000-16000元,杭州·上城·南星,北京电力自动化设备有限公司,国企,100-299人,本科,1-3年,"能源电力, 产品规划, 智慧电厂",产品-互联网产品经理-电商产品经理,2026-05-20 18:48:49,8.0,16.0,12.0,12.0,144.0,monthly,杭州,上城,南星,国企,100-299人,未知,产品,互联网产品经理,电商产品经理
电商产品经理,8000-12000元,杭州·滨江·长河,北京中利恒优科技有限公司,民营,300-499人,大专,1-3年,"功能产品, 产品规划, 需求分析, 产品设计, Axure",产品-互联网产品经理-电商产品经理,2026-05-20 18:48:48,8.0,12.0,10.0,12.0,120.0,monthly,杭州,滨江,长河,民营,300-499人,未知,产品,互联网产品经理,电商产品经理
电商产品摄影师,8000-12000元,杭州·萧山·宁围,杭州越豪工艺品有限公司,民营,20-99人,大专,1-3年,"摄影, 电商展示图",产品-互联网产品经理-电商产品经理,2026-05-20 18:48:49,8.0,12.0,10.0,12.0,120.0,monthly,杭州,萧山,宁围,民营,20-99人,未知,产品,互联网产品经理,电商产品经理
高级产品经理,2.5-4万,杭州·上城·彭埠,浙江中国轻纺城网络有限公司,国企,100-299人,本科,5-10年,,产品-互联网产品经理-软件产品经理,2026-05-20 18:48:01,25.0,40.0,32.5,12.0,390.0,monthly,杭州,上城,彭埠,国企,100-299人,未知,产品,互联网产品经理,软件产品经理
高级市场产品经理 （电商）,2-4万·14薪,杭州·滨江·长河,烟台睿创微纳技术股份有限公司,民营,1000-9999人,本科,5-10年,,产品-互联网产品经理-软件产品经理,2026-05-20 18:48:01,20.0,40.0,30.0,14.0,420.0,monthly,杭州,滨江,长河,民营,1000-9999人,未知,产品,互联网产品经理,软件产品经理
AI产品经理（工业方向）,2.5-3.5万·13薪,杭州·余杭·五常,双环传动,上市公司,1000-9999人,本科,5-10年,,产品-互联网产品经理-软件产品经理,2026-05-20 18:48:01,25.0,35.0,30.0,13.0,390.0,monthly,杭州,余杭,五常,上市公司,1000-9999人,未知,产品,互联网产品经理,软件产品经理
软件产品-产品经理-科学仪器-杭州,1.8-3.5万,杭州·滨江·西兴,杭州海康威视数字技术股份有限公司,上市公司,10000人以上,本科,3-5年,,产品-互联网产品经理-软件产品经理,2026-05-20 18:48:00,18.0,35.0,26.5,12.0,318.0,monthly,杭州,滨江,西兴,上市公司,10000人以上,未知,产品,互联网产品经理,软件产品经理
产品经理（财税软件）,2-3万·15薪,杭州·滨江·浦沿,税友,民营,1000-9999人,大专,5-10年,"CRM系统, ERP系统, 财务软件",产品-互联网产品经理-软件产品经理,2026-05-20 18:48:00,20.0,30.0,25.0,15.0,375.0,monthly,杭州,滨江,浦沿,民营,1000-9999人,未知,产品,互联网产品经理,软件产品经理
电动摩托车-产品经理,2-3万,杭州·余杭·仓前,湖南闪充智行科技有限公司,民营,100-299人,本科,5-10年,"摩托车, 汽车",产品-互联网产品经理-软件产品经理,2026-05-20 18:48:01,20.0,30.0,25.0,12.0,300.0,monthly,杭州,余杭,仓前,民营,100-299人,未知,产品,互联网产品经理,软件产品经理
研发产品经理（光电类产品）,2-3万·14薪,杭州·西湖·转塘,杭州高谱成像技术有限公司,民营,20-99人,硕士,3-5年,"研发, 软件研发, 硬件研发, 光学仪器, 光模块, 激光器",产品-互联网产品经理-软件产品经理,2026-05-20 18:48:01,20.0,30.0,25.0,14.0,350.0,monthly,杭州,西湖,转塘,民营,20-99人,未知,产品,互联网产品经理,软件产品经理
软件产品经理,1.6-3万·15薪,杭州·上城·湖滨,浙江省公众信息产业有限公司杭州市分公司,国企,20-99人,本科,3-5年,,产品-互联网产品经理-软件产品经理,2026-05-20 18:48:00,16.0,30.0,23.0,15.0,345.0,monthly,杭州,上城,湖滨,国企,20-99人,未知,产品,互联网产品经理,软件产品经理
软件产品经理（电商业务模块）,1.5-3万,杭州·余杭·仓前,宁波渠成集团有限公司,民营,1000-9999人,本科,3-5年,"新零售, C端产品, ERP系统, CRM系统",产品-互联网产品经理-软件产品经理,2026-05-20 18:48:00,15.0,30.0,22.5,12.0,270.0,monthly,杭州,余杭,仓前,民营,1000-9999人,未知,产品,互联网产品经理,软件产品经理
ai产品经理-base杭州,1.6-2.6万,杭州·余杭·五常,软通动力信息技术(集团)股份有限公司,上市公司,10000人以上,本科,3-5年,"大模型, AIGC, 搜索, 智能问答, 智能语音, 工具, 智能助手",产品-互联网产品经理-软件产品经理,2026-05-20 18:48:30,16.0,26.0,21.0,12.0,252.0,monthly,杭州,余杭,五常,上市公司,10000人以上,未知,产品,互联网产品经理,软件产品经理
产品经理,1.5-2.5万,杭州·西湖·三墩,正方软件股份有限公司,股份制企业,100-299人,硕士,3-5年,B端产品,产品-互联网产品经理-软件产品经理,2026-05-20 18:48:00,15.0,25.0,20.0,12.0,240.0,monthly,杭州,西湖,三墩,股份制企业,100-299人,未知,产品,互联网产品经理,软件产品经理
AI 智能体业务产品经理,1.5-2.5万,杭州·西湖·留下,北京筑英达信息技术有限公司,民营,10000人以上,本科,1-3年,"大模型, 智能客服, 金融业务场景理解, 产品全生命周期管理",产品-互联网产品经理-软件产品经理,2026-05-20 18:48:39,15.0,25.0,20.0,12.0,240.0,monthly,杭州,西湖,留下,民营,10000人以上,未知,产品,互联网产品经理,软件产品经理
电机工程师（产品经理）,1.3-2.6万·13薪,杭州·钱塘·河庄,麦格米特,上市公司,1000-9999人,本科,3-5年,电机,产品-互联网产品经理-软件产品经理,2026-05-20 18:48:01,13.0,26.0,19.5,13.0,253.5,monthly,杭州,钱塘,河庄,上市公司,1000-9999人,未知,产品,互联网产品经理,软件产品经理
高级产品经理,1.7-2万,杭州·萧山·宁围,华瑞信息,民营,100-299人,本科,5-10年,"软件产品, Axure, ERP系统",产品-互联网产品经理-软件产品经理,2026-05-20 18:48:01,17.0,20.0,18.5,12.0,222.0,monthly,杭州,萧山,宁围,民营,100-299人,未知,产品,互联网产品经理,软件产品经理
软件产品经理,1.5-2万,杭州·西湖·蒋村,杭州钱袋数字科技有限公司,民营,20-99人,本科,3-5年,,产品-互联网产品经理-软件产品经理,2026-05-20 18:48:00,15.0,20.0,17.5,12.0,210.0,monthly,杭州,西湖,蒋村,民营,20-99人,未知,产品,互联网产品经理,软件产品经理
金融产品经理,1.2-2.3万,杭州·上城·笕桥,杭州汀奕科技有限公司,合资,20-99人,学历不限,经验不限,"企业客户, 个人客户, 电话销售, 面销/陌拜",产品-互联网产品经理-软件产品经理,2026-05-20 18:48:01,12.0,23.0,17.5,12.0,210.0,monthly,杭州,上城,笕桥,合资,20-99人,未知,产品,互联网产品经理,软件产品经理
市场产品经理,1.2-2万,杭州·余杭·仓前,哈尔滨田美药业股份有限公司,股份制企业,100-299人,硕士,3-5年,国内市场,产品-互联网产品经理-软件产品经理,2026-05-20 18:48:01,12.0,20.0,16.0,12.0,192.0,monthly,杭州,余杭,仓前,股份制企业,100-299人,未知,产品,互联网产品经理,软件产品经理
医学产品经理,1.2-2万,杭州·上城·四季青,LIFESEASONS HONG KONG LIMITED,外商独资,20人以下,本科,3-5年,"保健品, 电子商务, 大健康",产品-互联网产品经理-软件产品经理,2026-05-20 18:48:10,12.0,20.0,16.0,12.0,192.0,monthly,杭州,上城,四季青,外商独资,20人以下,未知,产品,互联网产品经理,软件产品经理
软件产品经理（电力）,1.3-1.8万·13薪,杭州·滨江·长河,杭州辉电信息科技有限公司,股份制企业,100-299人,本科,5-10年,"电力项目, Xmind",产品-互联网产品经理-软件产品经理,2026-05-20 18:48:00,13.0,18.0,15.5,13.0,201.5,monthly,杭州,滨江,长河,股份制企业,100-299人,未知,产品,互联网产品经理,软件产品经理
ai产品经理,1.1-2万,杭州·滨江·西兴,博彦科技承德有限公司,股份制企业,1000-9999人,本科,5-10年,"大模型, AIGC, 机器视觉, 智能问答, 智能客服, 搜索, AI",产品-互联网产品经理-软件产品经理,2026-05-20 18:48:01,11.0,20.0,15.5,12.0,186.0,monthly,杭州,滨江,西兴,股份制企业,1000-9999人,未知,产品,互联网产品经理,软件产品经理
高级产品经理（能源数字化/电力软件方向）,1-2万,杭州·上城·凯旋,浙江邮电工程,国企,1000-9999人,本科,3-5年,B端产品,产品-互联网产品经理-软件产品经理,2026-05-20 18:48:00,10.0,20.0,15.0,12.0,180.0,monthly,杭州,上城,凯旋,国企,1000-9999人,未知,产品,互联网产品经理,软件产品经理
区域产品经理（RPM）,9000-18000元,杭州·上城·小营,华润润曜健康科技(北京)有限公司,20-99人,互联网电商,本科,3-5年,药物流通,产品-互联网产品经理-软件产品经理,2026-05-20 18:48:10,9.0,18.0,13.5,12.0,162.0,monthly,杭州,上城,小营,互联网电商,20-99人,未知,产品,互联网产品经理,软件产品经理
软件产品经理,1-1.5万·14薪,杭州·滨江·西兴,中威电子,上市公司,100-299人,本科,1-3年,,产品-互联网产品经理-软件产品经理,2026-05-20 18:48:00,10.0,15.0,12.5,14.0,175.0,monthly,杭州,滨江,西兴,上市公司,100-299人,未知,产品,互联网产品经理,软件产品经理
项目产品经理,8000-16000元,杭州·上城·南星,北京电力自动化设备有限公司,国企,100-299人,大专,3-5年,"能源电力, 智能化, 数字化",产品-互联网产品经理-软件产品经理,2026-05-20 18:48:01,8.0,16.0,12.0,12.0,144.0,monthly,杭州,上城,南星,国企,100-299人,未知,产品,互联网产品经理,软件产品经理
树脂产品经理/树脂应用工程师,9000-15000元·13薪,杭州·钱塘·下沙,浙江鼎龙科技股份有限公司,上市公司,500-999人,本科,3-5年,,产品-互联网产品经理-软件产品经理,2026-05-20 18:48:30,9.0,15.0,12.0,13.0,156.0,monthly,杭州,钱塘,下沙,上市公司,500-999人,未知,产品,互联网产品经理,软件产品经理
工业视觉算法工程师（深度学习）（MJ000235）,2.5-5万·14薪,杭州·滨江·长河,易思维,上市公司,500-999人,硕士,3-5年,"HALCON, PyTorch, C#, C++, Python, 图像算法",技术-人工智能/算法-机器学习,2026-05-20 17:55:58,25.0,50.0,37.5,14.0,525.0,monthly,杭州,滨江,长河,上市公司,500-999人,未知,技术,人工智能/算法,机器学习
深度强化学习算法工程师,2.5-4.5万,杭州·富阳·银湖,安徽外联信息科技有限公司,民营,100-299人,本科,3-5年,"强化学习, 深度学习, 人工神经网络, PyTorch",技术-人工智能/算法-机器学习,2026-05-20 17:55:57,25.0,45.0,35.0,12.0,420.0,monthly,杭州,富阳,银湖,民营,100-299人,未知,技术,人工智能/算法,机器学习
AI算法工程师（机器学习/图像算法/大模型/NLP）-六险一金+年终奖,2-3.5万·14薪,杭州·滨江·西兴,科锐尔人力资源服务(苏州)有限公司,上市公司,1000-9999人,本科,经验不限,"机器学习, 图像算法, 深度学习, Transformer, LSTM, RCNN",技术-人工智能/算法-机器学习,2026-05-20 17:55:56,20.0,35.0,27.5,14.0,385.0,monthly,杭州,滨江,西兴,上市公司,1000-9999人,未知,技术,人工智能/算法,机器学习
NLP/CV/语音/深度学习/算法岗（接受应届+考研失败）,1.8-3.5万·16薪,杭州·滨江·长河,外企德科数字技术有限公司,合资,10000人以上,本科,经验不限,"大模型算法, 多模态算法, 机器学习, 自然语言处理, 机器视觉",技术-人工智能/算法-机器学习,2026-05-20 17:55:57,18.0,35.0,26.5,16.0,424.0,monthly,杭州,滨江,长河,合资,10000人以上,未知,技术,人工智能/算法,机器学习
视觉测量应用团队负责人（机器视觉） (MJ000576),2-2.8万·14薪,杭州·滨江·长河,易思维,上市公司,500-999人,本科,3-5年,测量,技术-人工智能/算法-机器学习,2026-05-20 17:55:56,20.0,28.0,24.0,14.0,336.0,monthly,杭州,滨江,长河,上市公司,500-999人,未知,技术,人工智能/算法,机器学习
AI算法/机器学习/大模型（算法工程师）,1.5-3万·14薪,杭州·滨江·长河,外企德科数字技术有限公司,合资,10000人以上,本科,经验不限,深度学习,技术-人工智能/算法-机器学习,2026-05-20 17:55:56,15.0,30.0,22.5,14.0,315.0,monthly,杭州,滨江,长河,合资,10000人以上,未知,技术,人工智能/算法,机器学习
ai机器视觉算法工程师,1.4-2.8万·16薪,杭州·滨江·长河,外企德科数字技术有限公司,合资,10000人以上,本科,经验不限,"JAVA研发, 机器人, PYTHON开发, ViT, CLIP, CCD",技术-人工智能/算法-机器学习,2026-05-20 17:55:56,14.0,28.0,21.0,16.0,336.0,monthly,杭州,滨江,长河,合资,10000人以上,未知,技术,人工智能/算法,机器学习
深度学习图像算法工程师,1.5-2万,杭州·西湖·三墩,云途(杭州)智能科技有限公司,民营,20-99人,本科,经验不限,"图像算法, PyTorch, TensorFlow, Caffe, Python, C++",技术-人工智能/算法-机器学习,2026-05-20 17:55:56,15.0,20.0,17.5,12.0,210.0,monthly,杭州,西湖,三墩,民营,20-99人,未知,技术,人工智能/算法,机器学习
算法工程师（机器学习、深度学习、自然语言、机器视觉、图像算法、AI算法等）,1.4-2.1万·14薪,杭州·滨江·长河,外企德科数字技术有限公司,合资,10000人以上,本科,1-3年,"深度学习, 机器学习, 图像算法",技术-人工智能/算法-机器学习,2026-05-20 17:55:56,14.0,21.0,17.5,14.0,245.0,monthly,杭州,滨江,长河,合资,10000人以上,未知,技术,人工智能/算法,机器学习
机器视觉工程师,1.5-2万,杭州·临安·青山湖,上海邦芒人力资源有限公司,民营,500-999人,大专,经验不限,"机器人, 图像识别产品, CLIP, CCD, DNN, Python, C语言",技术-人工智能/算法-机器学习,2026-05-20 17:55:57,15.0,20.0,17.5,12.0,210.0,monthly,杭州,临安,青山湖,民营,500-999人,未知,技术,人工智能/算法,机器学习
机器视觉软件工程师,1-1.8万,杭州·余杭·闲林,蔷薇(杭州)传感技术有限公司,20-99人,电子电路基础元件/模组,本科,3-5年,"C#, Python, HALCON, PCL, Qt",技术-人工智能/算法-机器学习,2026-05-20 17:55:56,10.0,18.0,14.0,12.0,168.0,monthly,杭州,余杭,闲林,电子电路基础元件/模组,20-99人,未知,技术,人工智能/算法,机器学习
机器视觉应用工程师,8000-15000元·14薪,杭州·萧山·盈丰,信捷电气,民营,1000-9999人,本科,1-3年,"图像识别产品, 机器人, Qt, C++, C语言, C#, HALCON",技术-人工智能/算法-机器学习,2026-05-20 17:55:57,8.0,15.0,11.5,14.0,161.0,monthly,杭州,萧山,盈丰,民营,1000-9999人,未知,技术,人工智能/算法,机器学习
机器视觉应用工程师,9000-13000元,杭州·滨江·西兴,科锐尔人力资源服务(苏州)有限公司,上市公司,1000-9999人,本科,1-3年,"图像识别产品, HALCON, C++",技术-人工智能/算法-机器学习,2026-05-20 17:55:57,9.0,13.0,11.0,12.0,132.0,monthly,杭州,滨江,西兴,上市公司,1000-9999人,未知,技术,人工智能/算法,机器学习
产品技术支持工程师-机器视觉2D,9000-12000元,杭州·滨江·西兴,外服(浙江)企业服务有限公司,国企,100-299人,本科,1-3年,"图像识别产品, 智能硬件, 机器人, 机器视觉, 2D",技术-人工智能/算法-机器学习,2026-05-20 17:55:57,9.0,12.0,10.5,12.0,126.0,monthly,杭州,滨江,西兴,国企,100-299人,未知,技术,人工智能/算法,机器学习
机器视觉工程师,8000-13000元,杭州·上城·九堡,杭州微纳智感光电科技有限公司,民营,20人以下,本科,1-3年,"HALCON, C#, VisionPro",技术-人工智能/算法-机器学习,2026-05-20 17:55:57,8.0,13.0,10.5,12.0,126.0,monthly,杭州,上城,九堡,民营,20人以下,未知,技术,人工智能/算法,机器学习
机器视觉-产品技术支持工程师（2D）,9000-12000元,杭州·滨江·西兴,科锐尔人力资源服务(苏州)有限公司,上市公司,500-999人,本科,1-3年,"机器人, 图像识别产品, 智能硬件, C#, 机器视觉",技术-人工智能/算法-机器学习,2026-05-20 17:55:58,9.0,12.0,10.5,12.0,126.0,monthly,杭州,滨江,西兴,上市公司,500-999人,未知,技术,人工智能/算法,机器学习
机器视觉工程师,8000-12000元,杭州·钱塘·下沙,上海邦芒人力资源有限公司,民营,500-999人,大专,1-3年,,技术-人工智能/算法-机器学习,2026-05-20 17:55:58,8.0,12.0,10.0,12.0,120.0,monthly,杭州,钱塘,下沙,民营,500-999人,未知,技术,人工智能/算法,机器学习
机器视觉调试工程师,6000-10000元,杭州·萧山·盈丰,杭州佐格隆科技有限公司,民营,20-99人,大专,1-3年,,技术-人工智能/算法-机器学习,2026-05-20 17:55:56,6.0,10.0,8.0,12.0,96.0,monthly,杭州,萧山,盈丰,民营,20-99人,未知,技术,人工智能/算法,机器学习
大模型深度学习工程师（微调与优化方向）,3-5万,杭州·滨江·长河,北京精医和生医药科技有限公司,民营,20-99人,硕士,3-5年,Python,技术-人工智能/算法-深度学习,2026-05-20 17:56:46,30.0,50.0,40.0,12.0,480.0,monthly,杭州,滨江,长河,民营,20-99人,未知,技术,人工智能/算法,深度学习
工业视觉算法工程师（深度学习）（MJ000235）,2.5-5万·14薪,杭州·滨江·长河,易思维,上市公司,500-999人,硕士,3-5年,"HALCON, PyTorch, C#, C++, Python, 图像算法",技术-人工智能/算法-深度学习,2026-05-20 17:56:46,25.0,50.0,37.5,14.0,525.0,monthly,杭州,滨江,长河,上市公司,500-999人,未知,技术,人工智能/算法,深度学习
深度强化学习算法工程师,2.5-4.5万,杭州·富阳·银湖,安徽外联信息科技有限公司,民营,100-299人,本科,3-5年,"强化学习, 深度学习, 人工神经网络, PyTorch",技术-人工智能/算法-深度学习,2026-05-20 17:56:46,25.0,45.0,35.0,12.0,420.0,monthly,杭州,富阳,银湖,民营,100-299人,未知,技术,人工智能/算法,深度学习
视觉算法工程师（深度学习）,2-4万·14薪,杭州·滨江·长河,易思维,上市公司,500-999人,本科,3-5年,"机器视觉, OpenCV, C++, Python, GPU",技术-人工智能/算法-深度学习,2026-05-20 17:56:46,20.0,40.0,30.0,14.0,420.0,monthly,杭州,滨江,长河,上市公司,500-999人,未知,技术,人工智能/算法,深度学习
深度强化学习算法工程师,2-4万·13薪,杭州·西湖·三墩,永创智能,上市公司,1000-9999人,硕士,3-5年,"运控小脑, 强化学习, 运动控制大模型, 机器人行为大模型",技术-人工智能/算法-深度学习,2026-05-20 17:56:46,20.0,40.0,30.0,13.0,390.0,monthly,杭州,西湖,三墩,上市公司,1000-9999人,未知,技术,人工智能/算法,深度学习
AI算法工程师（机器学习/图像算法/大模型/NLP）-六险一金+年终奖,2-3.5万·14薪,杭州·滨江·西兴,科锐尔人力资源服务(苏州)有限公司,上市公司,1000-9999人,本科,经验不限,"机器学习, 图像算法, 深度学习, Transformer, LSTM, RCNN",技术-人工智能/算法-深度学习,2026-05-20 17:56:47,20.0,35.0,27.5,14.0,385.0,monthly,杭州,滨江,西兴,上市公司,1000-9999人,未知,技术,人工智能/算法,深度学习
企业IT总监,2-3.5万·17薪,杭州·滨江·西兴,威海倍佳贸易有限公司,民营,100-299人,本科,5-10年,企业IT总监，非互联网公司,技术-人工智能/算法-深度学习,2026-05-20 17:56:47,20.0,35.0,27.5,17.0,467.5,monthly,杭州,滨江,西兴,民营,100-299人,未知,技术,人工智能/算法,深度学习
NLP/CV/语音/深度学习/算法岗（接受应届+考研失败）,1.8-3.5万·16薪,杭州·滨江·长河,外企德科数字技术有限公司,合资,10000人以上,本科,经验不限,"大模型算法, 多模态算法, 机器学习, 自然语言处理, 机器视觉",技术-人工智能/算法-深度学习,2026-05-20 17:56:45,18.0,35.0,26.5,16.0,424.0,monthly,杭州,滨江,长河,合资,10000人以上,未知,技术,人工智能/算法,深度学习
大模型算法工程师-base上海,1.8-3.5万·14薪,杭州·桐庐·城南,中科盈德(杭州)科技有限公司,民营,500-999人,硕士,3-5年,深度学习,技术-人工智能/算法-深度学习,2026-05-20 17:56:47,18.0,35.0,26.5,14.0,371.0,monthly,杭州,桐庐,城南,民营,500-999人,未知,技术,人工智能/算法,深度学习
深度学习算法工程师,2-3万,杭州·上城·九堡,熵基科技股份有限公司,上市公司,1000-9999人,硕士,3-5年,"目标检测, 人脸识别, 多模态",技术-人工智能/算法-深度学习,2026-05-20 17:56:46,20.0,30.0,25.0,12.0,300.0,monthly,杭州,上城,九堡,上市公司,1000-9999人,未知,技术,人工智能/算法,深度学习
深度学习算法工程师（机器人）,1.5-3万,杭州·西湖·三墩,永创智能,上市公司,1000-9999人,硕士,经验不限,"自然语言处理, 音视频算法, 导航算法, PyTorch, TensorFlow",技术-人工智能/算法-深度学习,2026-05-20 17:56:46,15.0,30.0,22.5,12.0,270.0,monthly,杭州,西湖,三墩,上市公司,1000-9999人,未知,技术,人工智能/算法,深度学习
AI算法/机器学习/大模型（算法工程师）,1.5-3万·14薪,杭州·滨江·长河,外企德科数字技术有限公司,合资,10000人以上,本科,经验不限,深度学习,技术-人工智能/算法-深度学习,2026-05-20 17:56:46,15.0,30.0,22.5,14.0,315.0,monthly,杭州,滨江,长河,合资,10000人以上,未知,技术,人工智能/算法,深度学习
深度模型工程师,1.5-2.5万,杭州·临平·东湖,服务型制造研究院(杭州)有限公司,国企,100-299人,硕士,经验不限,"3D建模, 图像算法",技术-人工智能/算法-深度学习,2026-05-20 17:56:47,15.0,25.0,20.0,12.0,240.0,monthly,杭州,临平,东湖,国企,100-299人,未知,技术,人工智能/算法,深度学习
算法工程师（能源建模与智能控制）,1.5-2.5万·14薪,杭州·余杭·余杭街道,浙江英集动力科技有限公司,民营,100-299人,本科,3-5年,Python,技术-人工智能/算法-深度学习,2026-05-20 17:56:47,15.0,25.0,20.0,14.0,280.0,monthly,杭州,余杭,余杭街道,民营,100-299人,未知,技术,人工智能/算法,深度学习
视觉工程师-工作地山东济宁 (MJ042207),1.2-2.4万·16薪,杭州·上城·小营,宁德时代新能源科技股份有限公司,民营,10000人以上,本科,5-10年,"机器人, C#, OpenCV, Python",技术-人工智能/算法-深度学习,2026-05-20 17:56:47,12.0,24.0,18.0,16.0,288.0,monthly,杭州,上城,小营,民营,10000人以上,未知,技术,人工智能/算法,深度学习
深度学习图像算法工程师,1.5-2万,杭州·西湖·三墩,云途(杭州)智能科技有限公司,民营,20-99人,本科,经验不限,"图像算法, PyTorch, TensorFlow, Caffe, Python, C++",技术-人工智能/算法-深度学习,2026-05-20 17:56:45,15.0,20.0,17.5,12.0,210.0,monthly,杭州,西湖,三墩,民营,20-99人,未知,技术,人工智能/算法,深度学习
算法工程师（机器学习、深度学习、自然语言、机器视觉、图像算法、AI算法等）,1.4-2.1万·14薪,杭州·滨江·长河,外企德科数字技术有限公司,合资,10000人以上,本科,1-3年,"深度学习, 机器学习, 图像算法",技术-人工智能/算法-深度学习,2026-05-20 17:56:46,14.0,21.0,17.5,14.0,245.0,monthly,杭州,滨江,长河,合资,10000人以上,未知,技术,人工智能/算法,深度学习
RAG 搜索开发（短期6个月）,1-2万,杭州·滨江·西兴,广东善世企业服务集团有限公司,民营,500-999人,本科,经验不限,"RAG, 问答系统, 知识库, 产品开发, Go",技术-人工智能/算法-深度学习,2026-05-20 17:56:47,10.0,20.0,15.0,12.0,180.0,monthly,杭州,滨江,西兴,民营,500-999人,未知,技术,人工智能/算法,深度学习
大模型算法,1.3-1.4万,杭州·西湖·三墩,软通动力信息技术(集团)股份有限公司,上市公司,10000人以上,大专,3-5年,大模型算法,技术-人工智能/算法-深度学习,2026-05-20 17:56:47,13.0,14.0,13.5,12.0,162.0,monthly,杭州,西湖,三墩,上市公司,10000人以上,未知,技术,人工智能/算法,深度学习
图像调测助理工程师(RD47),140-160元/天,杭州·滨江·西兴,浙江宇视科技有限公司,民营,1000-9999人,本科,经验不限,图像识别产品,技术-人工智能/算法-深度学习,2026-05-20 17:57:19,3.04,3.48,3.26,12.0,39.15,daily,杭州,滨江,西兴,民营,1000-9999人,未知,技术,人工智能/算法,深度学习
三维图形算法工程师,4-6万,杭州·余杭·仓前,爱迪特(秦皇岛)科技股份有限公司,上市公司,500-999人,硕士,3-5年,机器视觉,技术-人工智能/算法-算法工程师,2026-05-20 17:55:05,40.0,60.0,50.0,12.0,600.0,monthly,杭州,余杭,仓前,上市公司,500-999人,未知,技术,人工智能/算法,算法工程师
图像算法工程师,4-5.5万,杭州·余杭·仓前,爱迪特(秦皇岛)科技股份有限公司,上市公司,500-999人,硕士,5-10年,"图像识别产品, Transformer, OpenCV",技术-人工智能/算法-算法工程师,2026-05-20 17:55:05,40.0,55.0,47.5,12.0,570.0,monthly,杭州,余杭,仓前,上市公司,500-999人,未知,技术,人工智能/算法,算法工程师
高级算法工程师（驻广东佛山）,3-6万,杭州·上城·小营,北京可利邦信息技术股份有限公司,民营,100-299人,本科,经验不限,"深度学习, 机器学习, 大模型算法, QWEN, Transformer",技术-人工智能/算法-算法工程师,2026-05-20 17:55:04,30.0,60.0,45.0,12.0,540.0,monthly,杭州,上城,小营,民营,100-299人,未知,技术,人工智能/算法,算法工程师
slam算法工程师,3-5万,杭州·滨江·长河,信缆智能科技(无锡)有限公司,民营,20-99人,本科,1-3年,"VSLAM, C/C++, Python, 自动驾驶",技术-人工智能/算法-算法工程师,2026-05-20 17:55:05,30.0,50.0,40.0,12.0,480.0,monthly,杭州,滨江,长河,民营,20-99人,未知,技术,人工智能/算法,算法工程师
VLA算法工程师（机器人）,2.5-5万·14薪,杭州·临平·南苑,杰克科技股份有限公司,民营,1000-9999人,硕士,经验不限,"PyTorch, TensorFlow, 运动规划, 机器人算法, 运动控制算法",技术-人工智能/算法-算法工程师,2026-05-20 17:55:05,25.0,50.0,37.5,14.0,525.0,monthly,杭州,临平,南苑,民营,1000-9999人,未知,技术,人工智能/算法,算法工程师
具身智能算法工程师,2-4万·15薪,杭州·余杭·五常,北京维泛智能科技有限公司,20-99人,半导体/芯片,硕士,1-3年,"机器人算法, 多模态, 大模型算法, PyTorch, VLM, LLM",技术-人工智能/算法-算法工程师,2026-05-20 17:55:04,20.0,40.0,30.0,15.0,450.0,monthly,杭州,余杭,五常,半导体/芯片,20-99人,未知,技术,人工智能/算法,算法工程师
运动控制算法工程师-base上海,1.8-3.5万·14薪,杭州·桐庐·城南,中科盈德(杭州)科技有限公司,民营,500-999人,硕士,3-5年,运动控制算法,技术-人工智能/算法-算法工程师,2026-05-20 17:55:04,18.0,35.0,26.5,14.0,371.0,monthly,杭州,桐庐,城南,民营,500-999人,未知,技术,人工智能/算法,算法工程师
大模型算法工程师-base上海,1.8-3.5万·14薪,杭州·桐庐·城南,中科盈德(杭州)科技有限公司,民营,500-999人,硕士,3-5年,深度学习,技术-人工智能/算法-算法工程师,2026-05-20 17:55:04,18.0,35.0,26.5,14.0,371.0,monthly,杭州,桐庐,城南,民营,500-999人,未知,技术,人工智能/算法,算法工程师
【2026届校招】视觉算法工程师(J10508),2-3万·14薪,杭州·滨江·长河,易思维,上市公司,500-999人,硕士,经验不限,"智能硬件, 图像识别产品",技术-人工智能/算法-算法工程师,2026-05-20 17:55:05,20.0,30.0,25.0,14.0,350.0,monthly,杭州,滨江,长河,上市公司,500-999人,未知,技术,人工智能/算法,算法工程师
AI算法/机器学习/大模型（算法工程师）,1.5-3万·14薪,杭州·滨江·长河,外企德科数字技术有限公司,合资,10000人以上,本科,经验不限,深度学习,技术-人工智能/算法-算法工程师,2026-05-20 17:55:05,15.0,30.0,22.5,14.0,315.0,monthly,杭州,滨江,长河,合资,10000人以上,未知,技术,人工智能/算法,算法工程师
ai机器视觉算法工程师,1.4-2.8万·16薪,杭州·滨江·长河,外企德科数字技术有限公司,合资,10000人以上,本科,经验不限,"JAVA研发, 机器人, PYTHON开发, ViT, CLIP, CCD",技术-人工智能/算法-算法工程师,2026-05-20 17:55:36,14.0,28.0,21.0,16.0,336.0,monthly,杭州,滨江,长河,合资,10000人以上,未知,技术,人工智能/算法,算法工程师
视觉算法工程师,1.5-2.6万,杭州·余杭·五常,清瑶智能科技(杭州)有限公司,民营,100-299人,硕士,1-3年,"图像识别产品, OpenCV, Python, PyTorch",技术-人工智能/算法-算法工程师,2026-05-20 17:55:05,15.0,26.0,20.5,12.0,246.0,monthly,杭州,余杭,五常,民营,100-299人,未知,技术,人工智能/算法,算法工程师
算法工程师（能源建模与智能控制）,1.5-2.5万·14薪,杭州·余杭·余杭街道,浙江英集动力科技有限公司,民营,100-299人,本科,3-5年,Python,技术-人工智能/算法-算法工程师,2026-05-20 17:55:04,15.0,25.0,20.0,14.0,280.0,monthly,杭州,余杭,余杭街道,民营,100-299人,未知,技术,人工智能/算法,算法工程师
大模型应用算法工程师,1.5-2.5万,杭州·西湖·翠苑,浙商期货,国企,500-999人,本科,1-3年,"深度学习, 机器学习, 强化学习",技术-人工智能/算法-算法工程师,2026-05-20 17:55:05,15.0,25.0,20.0,12.0,240.0,monthly,杭州,西湖,翠苑,国企,500-999人,未知,技术,人工智能/算法,算法工程师
机器人运动控制算法工程师,1.3-2.6万,杭州·余杭·仓前,山东博云现代农业科技有限公司,民营,20-99人,硕士,经验不限,"导航算法, 机器人算法, 运动控制算法, 机器避障, 运动规划",技术-人工智能/算法-算法工程师,2026-05-20 17:55:04,13.0,26.0,19.5,12.0,234.0,monthly,杭州,余杭,仓前,民营,20-99人,未知,技术,人工智能/算法,算法工程师
深度学习图像算法工程师,1.5-2万,杭州·西湖·三墩,云途(杭州)智能科技有限公司,民营,20-99人,本科,经验不限,"图像算法, PyTorch, TensorFlow, Caffe, Python, C++",技术-人工智能/算法-算法工程师,2026-05-20 17:55:04,15.0,20.0,17.5,12.0,210.0,monthly,杭州,西湖,三墩,民营,20-99人,未知,技术,人工智能/算法,算法工程师
AI/算法工程师/C++转型FAE【六险一金】,1.2-2.1万·13薪,杭州·滨江·长河,外企德科数字技术有限公司,合资,10000人以上,本科,1-3年,"深度学习, 大模型算法, PyTorch, OpenCV, Python, C++",技术-人工智能/算法-算法工程师,2026-05-20 17:55:36,12.0,21.0,16.5,13.0,214.5,monthly,杭州,滨江,长河,合资,10000人以上,未知,技术,人工智能/算法,算法工程师
图像算法工程师（浙大平台）,1.2-2万,杭州·上城·九堡,浙江四点灵机器人股份有限公司,股份制企业,20-99人,硕士,经验不限,"图像处理, 模式识别, 图像算法, C++, MATLAB",技术-人工智能/算法-算法工程师,2026-05-20 17:55:05,12.0,20.0,16.0,12.0,192.0,monthly,杭州,上城,九堡,股份制企业,20-99人,未知,技术,人工智能/算法,算法工程师
视觉算法工程师,1-2万,杭州·余杭·仓前,山东博云现代农业科技有限公司,民营,20-99人,硕士,经验不限,"图像识别产品, 机器人, PyTorch, OpenCV, Python, C++",技术-人工智能/算法-算法工程师,2026-05-20 17:55:04,10.0,20.0,15.0,12.0,180.0,monthly,杭州,余杭,仓前,民营,20-99人,未知,技术,人工智能/算法,算法工程师
人工智能算法工程师,1-1.8万,杭州·上城·四季青,浙江思极科技服务有限公司,国企,20-99人,本科,3-5年,"PyTorch, C++, Python, 运动控制算法, 导航避障",技术-人工智能/算法-算法工程师,2026-05-20 17:55:04,10.0,18.0,14.0,12.0,168.0,monthly,杭州,上城,四季青,国企,20-99人,未知,技术,人工智能/算法,算法工程师
新能源功率预测算法工程师（初级）,1-1.5万,杭州·西湖·三墩,北京西清能源科技有限公司,民营,100-299人,本科,3-5年,,技术-人工智能/算法-算法工程师,2026-05-20 17:55:06,10.0,15.0,12.5,12.0,150.0,monthly,杭州,西湖,三墩,民营,100-299人,未知,技术,人工智能/算法,算法工程师
工业机器人算法工程师(兼职),8000-14000元,杭州·余杭·闲林,蔷薇(杭州)传感技术有限公司,20-99人,电子电路基础元件/模组,本科,1-3年,"C/C++, 工业机器人, 运动控制算法, 机器人算法, 运动规划",技术-人工智能/算法-算法工程师,2026-05-20 17:55:05,8.0,14.0,11.0,12.0,132.0,monthly,杭州,余杭,闲林,电子电路基础元件/模组,20-99人,未知,技术,人工智能/算法,算法工程师
前端开发工程师,1.5-2.8万,杭州·西湖·西溪,智联猎头,其它,10000人以上,本科,3-5年,"大屏/可视化项目, 电商项目, JavaScript, TypeScript, Vue",技术-前端开发-Node.js,2026-05-20 17:41:56,15.0,28.0,21.5,12.0,258.0,monthly,杭州,西湖,西溪,其它,10000人以上,未知,技术,前端开发,Node.js
前端开发工程师,1.4-2万,杭州·拱墅·祥符,杭州易美生活服务有限公司,20-99人,家政服务,本科,1-3年,"CSS, JavaScript, TypeScript, React, Redux, Node.js",技术-前端开发-Node.js,2026-05-20 17:41:56,14.0,20.0,17.0,12.0,204.0,monthly,杭州,拱墅,祥符,家政服务,20-99人,未知,技术,前端开发,Node.js
后端工程师,1.3-2万,杭州·余杭·仓前,上海骅众信息技术有限公司杭州分公司,20-99人,软件/IT服务,本科,5-10年,"Java, Python",技术-前端开发-Node.js,2026-05-20 17:41:56,13.0,20.0,16.5,12.0,198.0,monthly,杭州,余杭,仓前,软件/IT服务,20-99人,未知,技术,前端开发,Node.js
前端开发工程师,1.2-2万·14薪,杭州·临平·南苑,杰克科技股份有限公司,民营,1000-9999人,本科,3-5年,"Node.js, CSS, JavaScript, React, Vue, Angular, Three.js",技术-前端开发-Node.js,2026-05-20 17:41:56,12.0,20.0,16.0,14.0,224.0,monthly,杭州,临平,南苑,民营,1000-9999人,未知,技术,前端开发,Node.js
前端开发工程师（双休、现场一轮）,1.4-1.8万,杭州·上城·望江,深圳市法本信息技术股份有限公司,上市公司,1000-9999人,本科,3-5年,"金融项目, 证券项目, JavaScript, Vue, Node.js, 期货经验",技术-前端开发-Node.js,2026-05-20 17:41:56,14.0,18.0,16.0,12.0,192.0,monthly,杭州,上城,望江,上市公司,1000-9999人,未知,技术,前端开发,Node.js
全栈开发工程师,1.3-1.8万,杭州·西湖·翠苑,臻善科技,股份制企业,500-999人,本科,3-5年,REACT + NODE.JS,技术-前端开发-Node.js,2026-05-20 17:41:56,13.0,18.0,15.5,12.0,186.0,monthly,杭州,西湖,翠苑,股份制企业,500-999人,未知,技术,前端开发,Node.js
全栈开发工程师（Android + Node.js）,1.3-1.7万,杭州·西湖·翠苑,臻善科技,股份制企业,500-999人,本科,3-5年,"Android, node.js, 移动端全栈开发",技术-前端开发-Node.js,2026-05-20 17:41:55,13.0,17.0,15.0,12.0,180.0,monthly,杭州,西湖,翠苑,股份制企业,500-999人,未知,技术,前端开发,Node.js
前端开发工程师（react）,1.2-1.8万,杭州·西湖·蒋村,北京易才博普奥管理顾问有限公司,民营,100-299人,本科,1-3年,"React, TypeScript, Node.js, Electron, AI, GIT-FLOW",技术-前端开发-Node.js,2026-05-20 17:41:57,12.0,18.0,15.0,12.0,180.0,monthly,杭州,西湖,蒋村,民营,100-299人,未知,技术,前端开发,Node.js
WEB前端工程师,1-2万,杭州·余杭·仓前,杭州五极网络技术有限公司,民营,20-99人,本科,3-5年,"大屏/可视化项目, JavaScript, TypeScript, CSS, Vue, React",技术-前端开发-Node.js,2026-05-20 17:41:57,10.0,20.0,15.0,12.0,180.0,monthly,杭州,余杭,仓前,民营,20-99人,未知,技术,前端开发,Node.js
前端开发（五险一金、双休、体检、年假）,1.2-1.6万,杭州·滨江·长河,山东华科信息技术有限公司,民营,300-499人,本科,3-5年,"大屏/可视化项目, GIS/地图项目, CSS, JavaScript, HTML5",技术-前端开发-Node.js,2026-05-20 17:41:57,12.0,16.0,14.0,12.0,168.0,monthly,杭州,滨江,长河,民营,300-499人,未知,技术,前端开发,Node.js
react前端+六险一金+周末双休 外包阿里云,1.3-1.5万,杭州·西湖·三墩,武汉佰钧成技术有限责任公司,民营,1000-9999人,本科,5-10年,"存储, TypeScript, React, Node.js",技术-前端开发-Node.js,2026-05-20 17:41:57,13.0,15.0,14.0,12.0,168.0,monthly,杭州,西湖,三墩,民营,1000-9999人,未知,技术,前端开发,Node.js
Java开发工程师,8000-16000元·13薪,杭州·上城·凯旋,浙江邮电工程,国企,1000-9999人,本科,3-5年,"node.js, Java, SPRINGBOOT, PostgreSQL",技术-前端开发-Node.js,2026-05-20 17:41:55,8.0,16.0,12.0,13.0,156.0,monthly,杭州,上城,凯旋,国企,1000-9999人,未知,技术,前端开发,Node.js
高级web前端开发工程师,1-1.3万,杭州·西湖·三墩,杭州甲子元科技有限公司,其它,20人以下,本科,5-10年,"加班, Vue, React, uni-app, 金融项目, 后台管理, Node.js",技术-前端开发-Node.js,2026-05-20 17:41:56,10.0,13.0,11.5,12.0,138.0,monthly,杭州,西湖,三墩,其它,20人以下,未知,技术,前端开发,Node.js
前端开发工程师（兼职）,8000-15000元,杭州·余杭·仓前,杭州五极网络技术有限公司,民营,20-99人,大专,3-5年,"大屏/可视化项目, GIS/地图项目, 电商项目, CSS, JavaScript",技术-前端开发-Node.js,2026-05-20 17:41:57,8.0,15.0,11.5,12.0,138.0,monthly,杭州,余杭,仓前,民营,20-99人,未知,技术,前端开发,Node.js
H16699岗前端开发（杭州）,1-1.2万,杭州·滨江·西兴,武汉佰钧成技术有限责任公司,民营,1000-9999人,大专,3-5年,"HTML5, CSS, JavaScript, Vue, Flutter, Node.js",技术-前端开发-Node.js,2026-05-20 17:41:57,10.0,12.0,11.0,12.0,132.0,monthly,杭州,滨江,西兴,民营,1000-9999人,未知,技术,前端开发,Node.js
前端开发工程师,8000-12000元,杭州·滨江·长河,杭州领擎机器人有限公司,其它,20-99人,本科,1-3年,"Node.js, uni-app, Webpack, Vue, CSS, HTML5",技术-前端开发-Node.js,2026-05-20 17:41:56,8.0,12.0,10.0,12.0,120.0,monthly,杭州,滨江,长河,其它,20-99人,未知,技术,前端开发,Node.js
软件开发实习生（2027届）,150-200元/天,杭州·拱墅·祥符,浙江浙大网新图灵信息科技有限公司,股份制企业,500-999人,本科,经验不限,"全栈开发, AI",技术-前端开发-Node.js,2026-05-20 17:41:57,3.26,4.35,3.81,12.0,45.67,daily,杭州,拱墅,祥符,股份制企业,500-999人,未知,技术,前端开发,Node.js
PHP高级全栈工程师,1.8-2.8万,杭州·滨江·长河,北京精医和生医药科技有限公司,民营,20-99人,本科,3-5年,全栈开发,技术-前端开发-全栈工程师,2026-05-20 17:41:06,18.0,28.0,23.0,12.0,276.0,monthly,杭州,滨江,长河,民营,20-99人,未知,技术,前端开发,全栈工程师
前端开发/后端开发/全栈工程师,1.5-3万·15薪,杭州·滨江·浦沿,外企德科数字技术有限公司,合资,10000人以上,本科,经验不限,"C语言, Python",技术-前端开发-全栈工程师,2026-05-20 17:41:06,15.0,30.0,22.5,15.0,337.5,monthly,杭州,滨江,浦沿,合资,10000人以上,未知,技术,前端开发,全栈工程师
前端开发/后端开发/全栈工程师,1.4-2.8万·15薪,杭州·滨江·长河,外企德科数字技术有限公司,合资,10000人以上,本科,经验不限,"Python, Java, C, 前端开发, 后端开发, 软件测试, MySQL",技术-前端开发-全栈工程师,2026-05-20 17:41:06,14.0,28.0,21.0,15.0,315.0,monthly,杭州,滨江,长河,合资,10000人以上,未知,技术,前端开发,全栈工程师
全栈工程师,1.6-1.8万,杭州·钱塘·下沙,博彦科技承德有限公司,股份制企业,1000-9999人,本科,5-10年,"前端开发, 后端开发, 架构开发",技术-前端开发-全栈工程师,2026-05-20 17:41:07,16.0,18.0,17.0,12.0,204.0,monthly,杭州,钱塘,下沙,股份制企业,1000-9999人,未知,技术,前端开发,全栈工程师
全栈工程师-吉利-线上面试-双休,1.6-1.7万,杭州·钱塘·下沙,软通动力信息技术(集团)股份有限公司,上市公司,10000人以上,大专,5-10年,"前端开发, 后端开发, 架构开发, JavaScript, Vue, react",技术-前端开发-全栈工程师,2026-05-20 17:41:06,16.0,17.0,16.5,12.0,198.0,monthly,杭州,钱塘,下沙,上市公司,10000人以上,未知,技术,前端开发,全栈工程师
高级全栈工程师,1.6-1.7万,杭州·余杭·仓前,杭州射机狮文化创意有限公司,民营,10000人以上,学历不限,经验不限,"前端开发, 后端开发, 架构开发",技术-前端开发-全栈工程师,2026-05-20 17:41:06,16.0,17.0,16.5,12.0,198.0,monthly,杭州,余杭,仓前,民营,10000人以上,未知,技术,前端开发,全栈工程师
java全栈工程师（五险一金、双休、年假）现场面试！！！,1.5-1.8万,杭州·西湖·古荡,山东华科信息技术有限公司,民营,300-499人,本科,3-5年,"后端开发, 架构开发, 前端开发, JavaScript, Vue, Python",技术-前端开发-全栈工程师,2026-05-20 17:41:06,15.0,18.0,16.5,12.0,198.0,monthly,杭州,西湖,古荡,民营,300-499人,未知,技术,前端开发,全栈工程师
全栈工程师（java+vue）,1.5-1.8万·14薪,杭州·余杭·仓前,浙江中智达科技有限公司,民营,100-299人,本科,3-5年,"Java, Vue, Spring, MySQL, Oracle, 微服务架构, Shell",技术-前端开发-全栈工程师,2026-05-20 17:41:07,15.0,18.0,16.5,14.0,231.0,monthly,杭州,余杭,仓前,民营,100-299人,未知,技术,前端开发,全栈工程师
全栈工程师（AI 平台方向-杭州）,1.4-1.8万,杭州·余杭·仓前,浙江信胜科技股份有限公司,民营,500-999人,本科,3-5年,"前端开发, 后端开发",技术-前端开发-全栈工程师,2026-05-20 17:41:05,14.0,18.0,16.0,12.0,192.0,monthly,杭州,余杭,仓前,民营,500-999人,未知,技术,前端开发,全栈工程师
全栈工程师,1.4-1.8万,杭州·临平·南苑,杭州壹锐科技有限公司,民营,20-99人,本科,5-10年,"前端开发, 后端开发, Vue, JavaScript, Java, react",技术-前端开发-全栈工程师,2026-05-20 17:41:05,14.0,18.0,16.0,12.0,192.0,monthly,杭州,临平,南苑,民营,20-99人,未知,技术,前端开发,全栈工程师
全栈工程师,1.2-2万,杭州·拱墅·米市巷,浙江汇信科技有限公司,其它,100-299人,本科,3-5年,"Java, 后端开发, 前端开发",技术-前端开发-全栈工程师,2026-05-20 17:41:05,12.0,20.0,16.0,12.0,192.0,monthly,杭州,拱墅,米市巷,其它,100-299人,未知,技术,前端开发,全栈工程师
全栈工程师（MES方向杭州）,1.4-1.8万,杭州·余杭·仓前,浙江信胜科技股份有限公司,民营,500-999人,本科,3-5年,,技术-前端开发-全栈工程师,2026-05-20 17:41:06,14.0,18.0,16.0,12.0,192.0,monthly,杭州,余杭,仓前,民营,500-999人,未知,技术,前端开发,全栈工程师
web全栈工程师,1.5-1.6万,杭州·滨江·长河,杭州铂科电子股份有限公司,民营,300-499人,本科,3-5年,"前端开发, 后端开发, Python, Java, MySQL, PostgreSQL",技术-前端开发-全栈工程师,2026-05-20 17:41:05,15.0,16.0,15.5,12.0,186.0,monthly,杭州,滨江,长河,民营,300-499人,未知,技术,前端开发,全栈工程师
中级全栈工程师,1.4-1.6万,杭州·拱墅·石桥,宏恒胜电子科技(淮安)有限公司,外商独资,10000人以上,本科,3-5年,"前端开发, 后端开发, Java, Python, MySQL, 全栈开发",技术-前端开发-全栈工程师,2026-05-20 17:41:07,14.0,16.0,15.0,12.0,180.0,monthly,杭州,拱墅,石桥,外商独资,10000人以上,未知,技术,前端开发,全栈工程师
java全栈工程师,1.2-1.6万,杭州·上城·彭埠,北京云知学科技有限公司,民营,20-99人,本科,3-5年,"Java, 后端开发, Vue",技术-前端开发-全栈工程师,2026-05-20 17:41:06,12.0,16.0,14.0,12.0,168.0,monthly,杭州,上城,彭埠,民营,20-99人,未知,技术,前端开发,全栈工程师
全栈工程师-杭州-外包-银行,1.1-1.6万,杭州·上城·望江,北京银丰新融科技开发有限公司,民营,1000-9999人,本科,3-5年,"前端开发, 后端开发, Vue, JavaScript",技术-前端开发-全栈工程师,2026-05-20 17:41:07,11.0,16.0,13.5,12.0,162.0,monthly,杭州,上城,望江,民营,1000-9999人,未知,技术,前端开发,全栈工程师
前端开发/后端开发/全栈工程师,1-1.5万·14薪,杭州·滨江·长河,外企德科数字技术有限公司,合资,10000人以上,本科,经验不限,"前端开发, 后端开发, Java, C++, MySQL, JavaScript, Vue",技术-前端开发-全栈工程师,2026-05-20 17:41:05,10.0,15.0,12.5,14.0,175.0,monthly,杭州,滨江,长河,合资,10000人以上,未知,技术,前端开发,全栈工程师
全栈工程师,8000-16000元,杭州·长河,杭州金隧智能科技有限公司,20人以下,物联网,本科,1-3年,"前端开发, 后端开发, 架构开发",技术-前端开发-全栈工程师,2026-05-20 17:41:06,8.0,16.0,12.0,12.0,144.0,monthly,杭州,长河,,物联网,20人以下,未知,技术,前端开发,全栈工程师
java全栈工程师,8000-12000元,杭州·滨江·浦沿,济南特利欧信息科技有限公司,股份制企业,20-99人,本科,3-5年,"前端开发, 后端开发, 全栈, Vue, SPRING BOOT",技术-前端开发-全栈工程师,2026-05-20 17:41:06,8.0,12.0,10.0,12.0,120.0,monthly,杭州,滨江,浦沿,股份制企业,20-99人,未知,技术,前端开发,全栈工程师
h5前端开发,1.8-3万,杭州·西湖·西溪,苏州人瑞普惠人力资源服务有限公司,上市公司,1000-9999人,大专,3-5年,"Vue, React, CSS, JavaScript, 移动端H5开发, 前端性能优化",技术-前端开发-前端开发,2026-05-20 17:40:56,18.0,30.0,24.0,12.0,288.0,monthly,杭州,西湖,西溪,上市公司,1000-9999人,未知,技术,前端开发,前端开发
js前端开发工程师,1.6-3万·16薪,杭州·滨江·长河,外企德科数字技术有限公司,合资,10000人以上,本科,经验不限,"ERP项目, 鸿蒙项目, TypeScript, React Native, Unity3D",技术-前端开发-前端开发,2026-05-20 17:40:18,16.0,30.0,23.0,16.0,368.0,monthly,杭州,滨江,长河,合资,10000人以上,未知,技术,前端开发,前端开发
后/前端开发、测试【24/25/无经验也可投】接受java、c＋＋、js不限语言,1.5-3万·14薪,杭州·滨江·长河,外企德科数字技术有限公司,合资,10000人以上,本科,经验不限,"前端开发, 后端开发, JavaScript, C, C++, Java",技术-前端开发-前端开发,2026-05-20 17:40:17,15.0,30.0,22.5,14.0,315.0,monthly,杭州,滨江,长河,合资,10000人以上,未知,技术,前端开发,前端开发
前端开发/后端开发/全栈工程师,1.5-3万·15薪,杭州·滨江·浦沿,外企德科数字技术有限公司,合资,10000人以上,本科,经验不限,"C语言, Python",技术-前端开发-前端开发,2026-05-20 17:40:17,15.0,30.0,22.5,15.0,337.5,monthly,杭州,滨江,浦沿,合资,10000人以上,未知,技术,前端开发,前端开发
java/c++/C/Python/前端开发工程师,1.5-3万·14薪,杭州·滨江·长河,外企德科数字技术有限公司,合资,10000人以上,本科,经验不限,,技术-前端开发-前端开发,2026-05-20 17:40:29,15.0,30.0,22.5,14.0,315.0,monthly,杭州,滨江,长河,合资,10000人以上,未知,技术,前端开发,前端开发
「后/前端开发、测试【24/25/无经验也可投】接受java、c＋＋、js不限语言」,1.5-3万·14薪,杭州·滨江·长河,外企德科数字技术有限公司,合资,10000人以上,本科,经验不限,"Python, C++, C, Spring, MySQL",技术-前端开发-前端开发,2026-05-20 17:40:46,15.0,30.0,22.5,14.0,315.0,monthly,杭州,滨江,长河,合资,10000人以上,未知,技术,前端开发,前端开发
html5前端开发,1.7-2.7万,杭州·滨江·长河,苏州人瑞普惠人力资源服务有限公司,上市公司,20-99人,大专,3-5年,"CSS, JavaScript, Vue, 游戏项目, 电商项目, 大屏/可视化项目",技术-前端开发-前端开发,2026-05-20 17:40:18,17.0,27.0,22.0,12.0,264.0,monthly,杭州,滨江,长河,上市公司,20-99人,未知,技术,前端开发,前端开发
html5前端开发,1.6-2.8万,杭州·西湖·西溪,苏州人瑞普惠人力资源服务有限公司,上市公司,20-99人,大专,3-5年,"Vue, React, CSS, JavaScript, 移动端H5开发, 前端性能优化",技术-前端开发-前端开发,2026-05-20 17:40:18,16.0,28.0,22.0,12.0,264.0,monthly,杭州,西湖,西溪,上市公司,20-99人,未知,技术,前端开发,前端开发
前端开发/后端开发/全栈工程师,1.4-2.8万·15薪,杭州·滨江·长河,外企德科数字技术有限公司,合资,10000人以上,本科,经验不限,"Python, Java, C, 前端开发, 后端开发, 软件测试, MySQL",技术-前端开发-前端开发,2026-05-20 17:40:46,14.0,28.0,21.0,15.0,315.0,monthly,杭州,滨江,长河,合资,10000人以上,未知,技术,前端开发,前端开发
高级前端开发工程师,1.5-2.5万·13薪,杭州·西湖·三墩,正方软件股份有限公司,股份制企业,100-299人,本科,经验不限,"web前端, 移动前端",技术-前端开发-前端开发,2026-05-20 17:40:17,15.0,25.0,20.0,13.0,260.0,monthly,杭州,西湖,三墩,股份制企业,100-299人,未知,技术,前端开发,前端开发
前端开发工程师,1.4-2万,杭州·拱墅·祥符,杭州易美生活服务有限公司,20-99人,家政服务,本科,1-3年,"CSS, JavaScript, TypeScript, React, Redux, Node.js",技术-前端开发-前端开发,2026-05-20 17:40:17,14.0,20.0,17.0,12.0,204.0,monthly,杭州,拱墅,祥符,家政服务,20-99人,未知,技术,前端开发,前端开发
web前端开发工程师,1.2-2万,杭州·西湖·三墩,正方软件股份有限公司,股份制企业,100-299人,本科,3-5年,"大屏/可视化项目, CSS, JavaScript, HTML5, Vue, jQuery",技术-前端开发-前端开发,2026-05-20 17:40:16,12.0,20.0,16.0,12.0,192.0,monthly,杭州,西湖,三墩,股份制企业,100-299人,未知,技术,前端开发,前端开发
前端开发工程师,1.2-2万·14薪,杭州·临平·南苑,杰克科技股份有限公司,民营,1000-9999人,本科,3-5年,"Node.js, CSS, JavaScript, React, Vue, Angular, Three.js",技术-前端开发-前端开发,2026-05-20 17:40:17,12.0,20.0,16.0,14.0,224.0,monthly,杭州,临平,南苑,民营,1000-9999人,未知,技术,前端开发,前端开发
WEB前端开发工程师(RD41),1.3-1.8万,杭州·滨江·西兴,浙江宇视科技有限公司,民营,1000-9999人,本科,1-3年,"JavaScript, Vue, React",技术-前端开发-前端开发,2026-05-20 17:40:16,13.0,18.0,15.5,12.0,186.0,monthly,杭州,滨江,西兴,民营,1000-9999人,未知,技术,前端开发,前端开发
前端开发-双休-线上面试-五险一金,1.5-1.6万,杭州·钱塘·下沙,软通动力信息技术(集团)股份有限公司,上市公司,10000人以上,大专,3-5年,"CSS, HTML5, Vue, React",技术-前端开发-前端开发,2026-05-20 17:40:29,15.0,16.0,15.5,12.0,186.0,monthly,杭州,钱塘,下沙,上市公司,10000人以上,未知,技术,前端开发,前端开发
C/C++/Java/Python/GO/算法/web前端开发,1-2万·14薪,杭州·滨江·长河,外企德科数字技术有限公司,合资,10000人以上,本科,经验不限,"试用期薪资全额发, 周六加班双倍工资, 双休",技术-前端开发-前端开发,2026-05-20 17:40:18,10.0,20.0,15.0,14.0,210.0,monthly,杭州,滨江,长河,合资,10000人以上,未知,技术,前端开发,前端开发
系统前端开发工程师岗,1.4-1.5万·13薪,杭州·滨江·彭埠,杭州众萃人力资源服务有限公司,100-299人,人力资源,学历不限,经验不限,"CSS, GIS/地图项目, 直播视频项目, HTML5",技术-前端开发-前端开发,2026-05-20 17:40:16,14.0,15.0,14.5,13.0,188.5,monthly,杭州,滨江,彭埠,人力资源,100-299人,未知,技术,前端开发,前端开发
前端开发-有背调,1.4-1.5万,杭州·滨江·西兴,软通动力信息技术(集团)股份有限公司,上市公司,10000人以上,本科,5-10年,"Vue, JavaScript, TypeScript, TAILWIND",技术-前端开发-前端开发,2026-05-20 17:40:17,14.0,15.0,14.5,12.0,174.0,monthly,杭州,滨江,西兴,上市公司,10000人以上,未知,技术,前端开发,前端开发
前端开发工程师,1.3-1.5万,杭州·滨江·浦沿,武汉宏元数码科技有限公司,20-99人,软件/IT服务,大专,经验不限,"HTML5, CSS, JavaScript, Vue, React, 前端工程化",技术-前端开发-前端开发,2026-05-20 17:40:16,13.0,15.0,14.0,12.0,168.0,monthly,杭州,滨江,浦沿,软件/IT服务,20-99人,未知,技术,前端开发,前端开发
前端开发工程师,1.3-1.5万,杭州·拱墅·祥符,武汉宏元数码科技有限公司,20-99人,软件/IT服务,大专,经验不限,"HTML5, CSS, JavaScript, Vue, React, 前端工程化",技术-前端开发-前端开发,2026-05-20 17:40:16,13.0,15.0,14.0,12.0,168.0,monthly,杭州,拱墅,祥符,软件/IT服务,20-99人,未知,技术,前端开发,前端开发
前端开发-有背调,1.3-1.4万,杭州·滨江·西兴,软通动力信息技术(集团)股份有限公司,上市公司,10000人以上,本科,3-5年,"React, Vue, TypeScript, JavaScript, 低代码平台",技术-前端开发-前端开发,2026-05-20 17:40:16,13.0,14.0,13.5,12.0,162.0,monthly,杭州,滨江,西兴,上市公司,10000人以上,未知,技术,前端开发,前端开发
前端开发工程师,1.1-1.5万,杭州·滨江·长河,山东华科信息技术有限公司,民营,300-499人,本科,3-5年,"CSS, JavaScript, HTML5, Vue, linux",技术-前端开发-前端开发,2026-05-20 17:40:17,11.0,15.0,13.0,12.0,156.0,monthly,杭州,滨江,长河,民营,300-499人,未知,技术,前端开发,前端开发
web前端开发工程师,1-1.5万,杭州·上城·四季青,南京清研新材料研究院有限公司,民营,20-99人,本科,经验不限,"HTML5, CSS, JavaScript, Vue, React, 大屏/可视化项目",技术-前端开发-前端开发,2026-05-20 17:40:16,10.0,15.0,12.5,12.0,150.0,monthly,杭州,上城,四季青,民营,20-99人,未知,技术,前端开发,前端开发
前端开发/后端开发/全栈工程师,1-1.5万·14薪,杭州·滨江·长河,外企德科数字技术有限公司,合资,10000人以上,本科,经验不限,"前端开发, 后端开发, Java, C++, MySQL, JavaScript, Vue",技术-前端开发-前端开发,2026-05-20 17:40:17,10.0,15.0,12.5,14.0,175.0,monthly,杭州,滨江,长河,合资,10000人以上,未知,技术,前端开发,前端开发
前端开发工程师实习,3000-4000元,杭州·西湖·转塘,杭州隆和羽网络科技有限公司,民营,20-99人,本科,经验不限,"电商项目, ERP项目, JavaScript, HTML5, CSS, Vue",技术-前端开发-前端开发,2026-05-20 17:40:18,3.0,4.0,3.5,12.0,42.0,monthly,杭州,西湖,转塘,民营,20-99人,未知,技术,前端开发,前端开发
数字化产品经理（营、销、服方向，To C）,3-5万·15薪,杭州·滨江·西兴,四川科航人力资源服务有限公司,民营,10000人以上,本科,5-10年,C端产品,技术-后端开发-C/C++,2026-05-20 17:15:37,30.0,50.0,40.0,15.0,600.0,monthly,杭州,滨江,西兴,民营,10000人以上,未知,技术,后端开发,C/C++
java/Python/C/C++/JS/AI算法/软件测试,1.8-3.5万·14薪,杭州·滨江·长河,外企德科数字技术有限公司,合资,10000人以上,本科,经验不限,"C++, Java, 五险一金, 全程线上面试, Python",技术-后端开发-C/C++,2026-05-20 17:15:37,18.0,35.0,26.5,14.0,371.0,monthly,杭州,滨江,长河,合资,10000人以上,未知,技术,后端开发,C/C++
C/C++/Python/JS/C#/JAVA软件开发工程师,1.7-3万·14薪,杭州·滨江·长河,外企德科数字技术有限公司,合资,10000人以上,本科,1-3年,"C语言, Java, Python, 嵌入式开发",技术-后端开发-C/C++,2026-05-20 17:15:39,17.0,30.0,23.5,14.0,329.0,monthly,杭州,滨江,长河,合资,10000人以上,未知,技术,后端开发,C/C++
后端开发工程师（java/web/python/c++/c/go ）,1.5-3万,杭州·滨江·长河,外企德科数字技术有限公司,合资,10000人以上,本科,1-3年,,技术-后端开发-C/C++,2026-05-20 17:15:36,15.0,30.0,22.5,12.0,270.0,monthly,杭州,滨江,长河,合资,10000人以上,未知,技术,后端开发,C/C++
JAVA/C/C++软件开发,1.5-3万·14薪,杭州·滨江·长河,外企德科数字技术有限公司,合资,10000人以上,本科,经验不限,"C语言, C#, Python",技术-后端开发-C/C++,2026-05-20 17:15:41,15.0,30.0,22.5,14.0,315.0,monthly,杭州,滨江,长河,合资,10000人以上,未知,技术,后端开发,C/C++
java/c++/C/Python/前端开发工程师,1.5-3万·14薪,杭州·滨江·长河,外企德科数字技术有限公司,合资,10000人以上,本科,经验不限,,技术-后端开发-C/C++,2026-05-20 17:16:13,15.0,30.0,22.5,14.0,315.0,monthly,杭州,滨江,长河,合资,10000人以上,未知,技术,后端开发,C/C++
C/C++/JAVA/Python/大数据/AI/开发（一二线城市均有岗位需求）,1.5-3万·14薪,杭州·滨江·长河,外企德科数字技术有限公司,合资,10000人以上,本科,经验不限,"C++, Python, C#",技术-后端开发-C/C++,2026-05-20 17:16:15,15.0,30.0,22.5,14.0,315.0,monthly,杭州,滨江,长河,合资,10000人以上,未知,技术,后端开发,C/C++
软件开发工程师（Java/C/C++/python/JS）,1.5-3万,杭州·滨江·长河,外企德科数字技术有限公司,合资,10000人以上,本科,经验不限,"C, C++, Python",技术-后端开发-C/C++,2026-05-20 17:16:17,15.0,30.0,22.5,12.0,270.0,monthly,杭州,滨江,长河,合资,10000人以上,未知,技术,后端开发,C/C++
JAVA/C/C++/PYTHON，开发/测试工程师（25届考公考编考研断档可投递）,1.5-3万·14薪,杭州·滨江·长河,外企德科数字技术有限公司,合资,10000人以上,本科,经验不限,"C++, C, Python",技术-后端开发-C/C++,2026-05-20 17:16:18,15.0,30.0,22.5,14.0,315.0,monthly,杭州,滨江,长河,合资,10000人以上,未知,技术,后端开发,C/C++
JAVA/C++/C/Python 14薪双休 应届生可投,1.5-3万,杭州·上城·湖滨,外企德科数字技术有限公司,合资,10000人以上,本科,经验不限,"C++, Python, JavaScript, Spring, Hibernate, Struts",技术-后端开发-C/C++,2026-05-20 17:16:21,15.0,30.0,22.5,12.0,270.0,monthly,杭州,上城,湖滨,合资,10000人以上,未知,技术,后端开发,C/C++
Java/Python/C/C++/数开/测试/算法/前端岗,1.5-3万·14薪,杭州·滨江·长河,外企德科数字技术有限公司,合资,10000人以上,本科,经验不限,"Python, C++, C, Java, 通信/物联网/自动化, 嵌入式",技术-后端开发-C/C++,2026-05-20 17:16:33,15.0,30.0,22.5,14.0,315.0,monthly,杭州,滨江,长河,合资,10000人以上,未知,技术,后端开发,C/C++
C++/C/Java/Python/GO开发/测试工程师,1.5-3万·14薪,杭州·滨江·长河,外企德科数字技术有限公司,合资,10000人以上,本科,经验不限,"C语言, Java, Python, 图形图像处理, QT开发, Web开发",技术-后端开发-C/C++,2026-05-20 17:16:40,15.0,30.0,22.5,14.0,315.0,monthly,杭州,滨江,长河,合资,10000人以上,未知,技术,后端开发,C/C++
C/C++/Java/JS/Python/Go软件开发【全国有岗位 可接受应届】,1.5-3万·14薪,杭州·滨江·西兴,外企德科数字技术有限公司,合资,10000人以上,本科,经验不限,"C语言, Java, Python",技术-后端开发-C/C++,2026-05-20 17:16:55,15.0,30.0,22.5,14.0,315.0,monthly,杭州,滨江,西兴,合资,10000人以上,未知,技术,后端开发,C/C++
c++/python/java/c/算法/测试,1.5-3万·14薪,杭州·滨江·长河,外企德科数字技术有限公司,合资,10000人以上,本科,经验不限,"C语言, Java, Python",技术-后端开发-C/C++,2026-05-20 17:17:01,15.0,30.0,22.5,14.0,315.0,monthly,杭州,滨江,长河,合资,10000人以上,未知,技术,后端开发,C/C++
Java/C/C++/Python/JS 软件开发测试,1.5-2.8万·14薪,杭州·滨江·长河,外企德科数字技术有限公司,合资,10000人以上,本科,经验不限,"C++, Python, C, Java, JS",技术-后端开发-C/C++,2026-05-20 17:15:32,15.0,28.0,21.5,14.0,301.0,monthly,杭州,滨江,长河,合资,10000人以上,未知,技术,后端开发,C/C++
C/C++开发工程师,1.4-2.8万·14薪,杭州·滨江·长河,外企德科数字技术有限公司,合资,10000人以上,本科,经验不限,"C语言, Qt, MFC, PyTorch",技术-后端开发-C/C++,2026-05-20 17:16:57,14.0,28.0,21.0,14.0,294.0,monthly,杭州,滨江,长河,合资,10000人以上,未知,技术,后端开发,C/C++
C/C++/Python/JS/C#/JAVA软件开发工程师,1.5-2.6万,杭州·滨江·长河,外企德科数字技术有限公司,合资,10000人以上,本科,1-3年,"Java, C语言, Python",技术-后端开发-C/C++,2026-05-20 17:17:03,15.0,26.0,20.5,12.0,246.0,monthly,杭州,滨江,长河,合资,10000人以上,未知,技术,后端开发,C/C++
Java/Python/C/C++/数开/测试/算法/前端岗,1.5-2.4万·14薪,杭州·滨江·长河,外企德科数字技术有限公司,合资,10000人以上,本科,1-3年,"Python, C++, Spring",技术-后端开发-C/C++,2026-05-20 17:15:34,15.0,24.0,19.5,14.0,273.0,monthly,杭州,滨江,长河,合资,10000人以上,未知,技术,后端开发,C/C++
软件开发（C/C++/Java/Python/Go/JS）,1.3-2.6万·14薪,杭州·滨江·长河,外企德科数字技术有限公司,合资,10000人以上,本科,经验不限,"Java, C++, C, Python, GO, JS",技术-后端开发-C/C++,2026-05-20 17:15:58,13.0,26.0,19.5,14.0,273.0,monthly,杭州,滨江,长河,合资,10000人以上,未知,技术,后端开发,C/C++
Python/Java/C++/C软开/软测【14-16薪】,1.2-2.4万·14薪,杭州·滨江·长河,外企德科数字技术有限公司,合资,10000人以上,本科,经验不限,"Java, C++, C",技术-后端开发-C/C++,2026-05-20 17:15:30,12.0,24.0,18.0,14.0,252.0,monthly,杭州,滨江,长河,合资,10000人以上,未知,技术,后端开发,C/C++
cobol/RPG/PRO*C对日开发,1.2-2.4万,杭州·滨江·西兴,杭州优灿科技有限公司,合资,500-999人,学历不限,经验不限,"COBOL, 日语, N1, 对日, RPG, PRO*C",技术-后端开发-C/C++,2026-05-20 17:15:30,12.0,24.0,18.0,12.0,216.0,monthly,杭州,滨江,西兴,合资,500-999人,未知,技术,后端开发,C/C++
对日嵌入式(C/C++),1-2万,杭州·滨江·西兴,杭州优灿科技有限公司,合资,500-999人,学历不限,1-3年,"C语言, 嵌入式开发, 图形图像处理, Linux开发, 图像识别",技术-后端开发-C/C++,2026-05-20 17:15:34,10.0,20.0,15.0,12.0,180.0,monthly,杭州,滨江,西兴,合资,500-999人,未知,技术,后端开发,C/C++
C/C++/Java/Python/GO/算法/web前端开发,1-2万·14薪,杭州·滨江·长河,外企德科数字技术有限公司,合资,10000人以上,本科,经验不限,"试用期薪资全额发, 周六加班双倍工资, 双休",技术-后端开发-C/C++,2026-05-20 17:16:59,10.0,20.0,15.0,14.0,210.0,monthly,杭州,滨江,长河,合资,10000人以上,未知,技术,后端开发,C/C++
C/C++软件开发工程师(AI+)(RD44),1-1.8万,杭州·滨江·西兴,浙江宇视科技有限公司,民营,1000-9999人,本科,经验不限,"C语言, Linux开发, MySQL",技术-后端开发-C/C++,2026-05-20 17:15:35,10.0,18.0,14.0,12.0,168.0,monthly,杭州,滨江,西兴,民营,1000-9999人,未知,技术,后端开发,C/C++
C/C++语言开发程序员,8000-16000元,杭州·滨江·西兴,日通技研(杭州)科技有限公司,民营,20-99人,本科,1-3年,"C语言, 嵌入式开发, QT开发",技术-后端开发-C/C++,2026-05-20 17:15:36,8.0,16.0,12.0,12.0,144.0,monthly,杭州,滨江,西兴,民营,20-99人,未知,技术,后端开发,C/C++
to C 销售,8000-13000元,杭州·钱塘·白杨,杭州翱锐生物科技有限公司,民营,20-99人,本科,3-5年,"地推销售, 城市合伙人",技术-后端开发-C/C++,2026-05-20 17:15:38,8.0,13.0,10.5,12.0,126.0,monthly,杭州,钱塘,白杨,民营,20-99人,未知,技术,后端开发,C/C++
钱塘区招C照货运司机,8000-13000元,杭州·钱塘·义蓬,杭州曜顺供应链有限责任公司,20-99人,货运物流,学历不限,经验不限,"C1驾驶证, 厢式货车, 4米2货车, 短途货运, 同城配送",技术-后端开发-C/C++,2026-05-20 17:15:39,8.0,13.0,10.5,12.0,126.0,monthly,杭州,钱塘,义蓬,货运物流,20-99人,未知,技术,后端开发,C/C++
诚聘普工/操作工 四人间,7000-9000元,杭州·余杭·余杭街道,浙江杰博人力资源股份有限公司,民营,1000-9999人,学历不限,经验不限,"月休四天, 包住, 厂内食堂, 月结",技术-后端开发-C/C++,2026-05-20 17:15:29,7.0,9.0,8.0,12.0,96.0,monthly,杭州,余杭,余杭街道,民营,1000-9999人,未知,技术,后端开发,C/C++
电商分公司-C店业务,6000-10000元,杭州·上城·笕桥,中粮国际(北京)有限公司北京销售分公司,外商独资,100-299人,大专,1-3年,"淘宝/天猫, 京东, 拼多多",技术-后端开发-C/C++,2026-05-20 17:15:32,6.0,10.0,8.0,12.0,96.0,monthly,杭州,上城,笕桥,外商独资,100-299人,未知,技术,后端开发,C/C++
急招普工/操作工 包吃,7000-9000元,杭州·余杭·仓前,浙江杰博人力资源股份有限公司,民营,1000-9999人,学历不限,经验不限,"月休四天, 包住, 厂内食堂, 月结",技术-后端开发-C/C++,2026-05-20 17:15:33,7.0,9.0,8.0,12.0,96.0,monthly,杭州,余杭,仓前,民营,1000-9999人,未知,技术,后端开发,C/C++
诚招普工/操作工 月入8000（包住）,7000-8000元,杭州·余杭·仓前,浙江杰博人力资源股份有限公司,民营,1000-9999人,学历不限,经验不限,"包住, 长白班, 月休四天, 月结, 组装工, 检验员",技术-后端开发-C/C++,2026-05-20 17:15:31,7.0,8.0,7.5,12.0,90.0,monthly,杭州,余杭,仓前,民营,1000-9999人,未知,技术,后端开发,C/C++
C照货运司机,6000-9000元,杭州·钱塘·白杨,南京鑫驿达物联科技有限公司,民营,20-99人,学历不限,经验不限,"B2驾驶证, C1驾驶证, C2驾驶证, 4米2货车, 长途货运",技术-后端开发-C/C++,2026-05-20 17:15:40,6.0,9.0,7.5,12.0,90.0,monthly,杭州,钱塘,白杨,民营,20-99人,未知,技术,后端开发,C/C++
C/C++（大厂项目+线上面试）,面议,杭州·滨江·长河,中软国际,上市公司,10000人以上,本科,1-3年,"C++, C语言",技术-后端开发-C/C++,2026-05-20 17:15:38,,,,,,negotiable,杭州,滨江,长河,上市公司,10000人以上,未知,技术,后端开发,C/C++
嵌入式软件开发工程师（golang软件开发方向）,2-3万,杭州·滨江·西兴,烟台睿创微纳技术股份有限公司,民营,1000-9999人,本科,1-3年,,技术-后端开发-Golang,2026-05-20 17:17:16,20.0,30.0,25.0,12.0,300.0,monthly,杭州,滨江,西兴,民营,1000-9999人,未知,技术,后端开发,Golang
资深Python开发工程师,1.8-3万,杭州·西湖·三墩,云途(杭州)智能科技有限公司,民营,20-99人,本科,5-10年,"MySQL, Redis, Flask, Django, Python, CloudStack, AI",技术-后端开发-Golang,2026-05-20 17:17:21,18.0,30.0,24.0,12.0,288.0,monthly,杭州,西湖,三墩,民营,20-99人,未知,技术,后端开发,Golang
Go开发组长 (MJ000622),1.8-2.8万·14薪,杭州·滨江·长河,易思维,上市公司,500-999人,本科,3-5年,"Golang, K8s, 微服务",技术-后端开发-Golang,2026-05-20 17:17:25,18.0,28.0,23.0,14.0,322.0,monthly,杭州,滨江,长河,上市公司,500-999人,未知,技术,后端开发,Golang
软件开发/软件测试（接受25届无经验+导师带教）,1.5-3万·14薪,杭州·滨江·长河,外企德科数字技术有限公司,合资,10000人以上,本科,经验不限,"Java, C++, Python, Spring, MySQL, 数据结构, 算法",技术-后端开发-Golang,2026-05-20 17:17:18,15.0,30.0,22.5,14.0,315.0,monthly,杭州,滨江,长河,合资,10000人以上,未知,技术,后端开发,Golang
杭州 Golang,2-2.2万·13薪,杭州·上城·四季青,菁沐人力资源服务(沧州)有限公司,民营,300-499人,大专,1-3年,,技术-后端开发-Golang,2026-05-20 17:17:14,20.0,22.0,21.0,13.0,273.0,monthly,杭州,上城,四季青,民营,300-499人,未知,技术,后端开发,Golang
杭州 JAVA工程师,2-2.2万·13薪,杭州·上城·四季青,菁沐人力资源服务(沧州)有限公司,民营,20人以下,大专,1-3年,JavaScript,技术-后端开发-Golang,2026-05-20 17:17:26,20.0,22.0,21.0,13.0,273.0,monthly,杭州,上城,四季青,民营,20人以下,未知,技术,后端开发,Golang
Python/Java/C++/C软开/软测【14-16薪】,1.2-2.4万·14薪,杭州·滨江·长河,外企德科数字技术有限公司,合资,10000人以上,本科,经验不限,"Java, C++, C",技术-后端开发-Golang,2026-05-20 17:17:26,12.0,24.0,18.0,14.0,252.0,monthly,杭州,滨江,长河,合资,10000人以上,未知,技术,后端开发,Golang
Golang开发工程师（AI平台开发）,1.7-1.8万,杭州·余杭·仓前,大连蓝海时代信息技术有限公司,股份制企业,500-999人,本科,1-3年,"GO, AI项目",技术-后端开发-Golang,2026-05-20 17:17:15,17.0,18.0,17.5,12.0,210.0,monthly,杭州,余杭,仓前,股份制企业,500-999人,未知,技术,后端开发,Golang
golang开发（包三餐）,1.5-2万,杭州·余杭·仓前,科锐尔人力资源服务(苏州)有限公司,上市公司,1000-9999人,本科,3-5年,"Redis, SQL, MySQL, GO",技术-后端开发-Golang,2026-05-20 17:17:17,15.0,20.0,17.5,12.0,210.0,monthly,杭州,余杭,仓前,上市公司,1000-9999人,未知,技术,后端开发,Golang
海信 后台工程师,1.5-2万,杭州·滨江·长河,重庆原点厚望科技有限公司,其它,20-99人,本科,3-5年,"GO, Python, MySQL, Redis, git, linux",技术-后端开发-Golang,2026-05-20 17:17:20,15.0,20.0,17.5,12.0,210.0,monthly,杭州,滨江,长河,其它,20-99人,未知,技术,后端开发,Golang
Agent开发工程师,1.6-1.7万,杭州·西湖·转塘,软通动力信息技术(集团)股份有限公司,上市公司,10000人以上,本科,经验不限,"Java, AI AGENT架构设计, 大语言模型原理, AGENT框架开发",技术-后端开发-Golang,2026-05-20 17:17:23,16.0,17.0,16.5,12.0,198.0,monthly,杭州,西湖,转塘,上市公司,10000人以上,未知,技术,后端开发,Golang
开发工程师,1.4-1.6万,杭州·余杭·仓前,外企德科,合资,10000人以上,本科,1-3年,"JavaScript, MySQL",技术-后端开发-Golang,2026-05-20 17:17:20,14.0,16.0,15.0,12.0,180.0,monthly,杭州,余杭,仓前,合资,10000人以上,未知,技术,后端开发,Golang
Java后端开发工程师-双休-快手,1.4-1.6万,杭州·余杭·仓前,外企德科,合资,10000人以上,本科,3-5年,"JavaScript, MySQL, Mybatis",技术-后端开发-Golang,2026-05-20 17:17:25,14.0,16.0,15.0,12.0,180.0,monthly,杭州,余杭,仓前,合资,10000人以上,未知,技术,后端开发,Golang
golang开发,1.3-1.5万,杭州·西湖·三墩,武汉佰钧成技术有限责任公司,民营,1000-9999人,大专,1-3年,,技术-后端开发-Golang,2026-05-20 17:17:18,13.0,15.0,14.0,12.0,168.0,monthly,杭州,西湖,三墩,民营,1000-9999人,未知,技术,后端开发,Golang
中高级Java开发工程师,1-1.8万,杭州·余杭·仓前,正元智慧集团股份有限公司,上市公司,1000-9999人,本科,5-10年,"JavaScript, Spring, Mybatis, Struts, MySQL, Oracle",技术-后端开发-Golang,2026-05-20 17:17:19,10.0,18.0,14.0,12.0,168.0,monthly,杭州,余杭,仓前,上市公司,1000-9999人,未知,技术,后端开发,Golang
H89287岗 golang开发,1.3-1.4万,杭州·西湖·三墩,武汉佰钧成技术有限责任公司,民营,1000-9999人,大专,1-3年,AI项目,技术-后端开发-Golang,2026-05-20 17:17:15,13.0,14.0,13.5,12.0,162.0,monthly,杭州,西湖,三墩,民营,1000-9999人,未知,技术,后端开发,Golang
H89287岗golang,1.3-1.4万,杭州·西湖·三墩,武汉佰钧成技术有限责任公司,民营,1000-9999人,大专,1-3年,AI项目,技术-后端开发-Golang,2026-05-20 17:17:16,13.0,14.0,13.5,12.0,162.0,monthly,杭州,西湖,三墩,民营,1000-9999人,未知,技术,后端开发,Golang
java软件开发工程师,1.3-1.4万,杭州·拱墅·祥符,武汉宏元数码科技有限公司,20-99人,软件/IT服务,大专,经验不限,"Spring, Mybatis, MySQL, JAVA后端开发, 接口开发联调",技术-后端开发-Golang,2026-05-20 17:17:22,13.0,14.0,13.5,12.0,162.0,monthly,杭州,拱墅,祥符,软件/IT服务,20-99人,未知,技术,后端开发,Golang
java软件开发工程师,1.3-1.4万,杭州·滨江·浦沿,武汉宏元数码科技有限公司,20-99人,软件/IT服务,大专,经验不限,"Spring, Mybatis, MySQL, JAVA后端开发, 接口开发联调",技术-后端开发-Golang,2026-05-20 17:17:24,13.0,14.0,13.5,12.0,162.0,monthly,杭州,滨江,浦沿,软件/IT服务,20-99人,未知,技术,后端开发,Golang
java开发工程师,6000-9000元,杭州·西湖·三墩,郑州迪维勒普科技有限公司,股份制企业,100-299人,本科,1-3年,"Spring, MySQL, Redis, Dubbo, WEBGIS",技术-后端开发-Golang,2026-05-20 17:17:23,6.0,9.0,7.5,12.0,90.0,monthly,杭州,西湖,三墩,股份制企业,100-299人,未知,技术,后端开发,Golang
【急招】Java开发工程师,1.6-3万,杭州·滨江·长河,外企德科数字技术有限公司,合资,10000人以上,本科,经验不限,"C, JavaScript, Python",技术-后端开发-Java,2026-05-20 17:12:17,16.0,30.0,23.0,12.0,276.0,monthly,杭州,滨江,长河,合资,10000人以上,未知,技术,后端开发,Java
Java,1.6-3万·16薪,杭州·滨江·长河,外企德科数字技术有限公司,合资,10000人以上,本科,经验不限,"JavaScript, C++, Spring, Shiro, MongoDB",技术-后端开发-Java,2026-05-20 17:13:06,16.0,30.0,23.0,16.0,368.0,monthly,杭州,滨江,长河,合资,10000人以上,未知,技术,后端开发,Java
Java开发（双休）,1.5-3万,杭州·滨江·长河,外企德科,合资,1000-9999人,本科,3-5年,,技术-后端开发-Java,2026-05-20 17:12:16,15.0,30.0,22.5,12.0,270.0,monthly,杭州,滨江,长河,合资,1000-9999人,未知,技术,后端开发,Java
Java开发工程师,1.5-3万·14薪,杭州·滨江·长河,外企德科数字技术有限公司,合资,10000人以上,本科,经验不限,"JavaScript, Spring",技术-后端开发-Java,2026-05-20 17:12:17,15.0,30.0,22.5,14.0,315.0,monthly,杭州,滨江,长河,合资,10000人以上,未知,技术,后端开发,Java
JAVA/C/C++/PYTHON，开发/测试工程师（25届考公考编考研断档可投递）,1.5-3万·14薪,杭州·滨江·长河,外企德科数字技术有限公司,合资,10000人以上,本科,经验不限,"C++, C, Python",技术-后端开发-Java,2026-05-20 17:12:26,15.0,30.0,22.5,14.0,315.0,monthly,杭州,滨江,长河,合资,10000人以上,未知,技术,后端开发,Java
C/C++/JAVA/Python/大数据/AI/开发（一二线城市均有岗位需求）,1.5-3万·14薪,杭州·滨江·长河,外企德科数字技术有限公司,合资,10000人以上,本科,经验不限,"C++, Python, C#",技术-后端开发-Java,2026-05-20 17:12:27,15.0,30.0,22.5,14.0,315.0,monthly,杭州,滨江,长河,合资,10000人以上,未知,技术,后端开发,Java
软件开发工程师（Java/C/C++/python/JS）,1.5-3万,杭州·滨江·长河,外企德科数字技术有限公司,合资,10000人以上,本科,经验不限,"C, C++, Python",技术-后端开发-Java,2026-05-20 17:12:29,15.0,30.0,22.5,12.0,270.0,monthly,杭州,滨江,长河,合资,10000人以上,未知,技术,后端开发,Java
Java/C++/Python/JS(六险一金+双休),1.5-3万,杭州·滨江·长河,外企德科数字技术有限公司,合资,10000人以上,本科,1-3年,"PyTorch, TensorFlow, Python, Java",技术-后端开发-Java,2026-05-20 17:12:31,15.0,30.0,22.5,12.0,270.0,monthly,杭州,滨江,长河,合资,10000人以上,未知,技术,后端开发,Java
后/前端开发、测试【24/25/无经验也可投】接受java、c＋＋、js不限语言,1.5-3万·14薪,杭州·滨江·长河,外企德科数字技术有限公司,合资,10000人以上,本科,经验不限,"前端开发, 后端开发, JavaScript, C, C++, Java",技术-后端开发-Java,2026-05-20 17:12:46,15.0,30.0,22.5,14.0,315.0,monthly,杭州,滨江,长河,合资,10000人以上,未知,技术,后端开发,Java
研发工程师（Java/C++/Python/JS+全国可安排+福利待遇好）,1.5-3万·14薪,杭州·滨江·长河,外企德科数字技术有限公司,合资,10000人以上,本科,经验不限,"深度学习, Python, C++, Java, PyTorch, TensorFlow",技术-后端开发-Java,2026-05-20 17:13:08,15.0,30.0,22.5,14.0,315.0,monthly,杭州,滨江,长河,合资,10000人以上,未知,技术,后端开发,Java
月薪15-35k/java/c++/python后端开发/,1.5-3万·14薪,杭州·滨江·长河,外企德科数字技术有限公司,合资,10000人以上,本科,经验不限,"JavaScript, Python, C++, Spring, MySQL",技术-后端开发-Java,2026-05-20 17:13:11,15.0,30.0,22.5,14.0,315.0,monthly,杭州,滨江,长河,合资,10000人以上,未知,技术,后端开发,Java
Java/C/C++/Python/JS 软件开发测试,1.5-2.8万·14薪,杭州·滨江·长河,外企德科数字技术有限公司,合资,10000人以上,本科,经验不限,"C++, Python, C, Java, JS",技术-后端开发-Java,2026-05-20 17:12:16,15.0,28.0,21.5,14.0,301.0,monthly,杭州,滨江,长河,合资,10000人以上,未知,技术,后端开发,Java
杭州 JAVA工程师,2-2.2万·13薪,杭州·上城·四季青,菁沐人力资源服务(沧州)有限公司,民营,20人以下,大专,1-3年,JavaScript,技术-后端开发-Java,2026-05-20 17:12:16,20.0,22.0,21.0,13.0,273.0,monthly,杭州,上城,四季青,民营,20人以下,未知,技术,后端开发,Java
初级java开发-26届无经验可投（双休/线上面试）,1.4-2.8万·14薪,杭州·滨江·长河,外企德科数字技术有限公司,合资,10000人以上,本科,经验不限,"JavaScript, Spring, MySQL",技术-后端开发-Java,2026-05-20 17:12:16,14.0,28.0,21.0,14.0,294.0,monthly,杭州,滨江,长河,合资,10000人以上,未知,技术,后端开发,Java
JAVA,1.7-2.5万·15薪,杭州·滨江·西兴,外企德科,合资,1000-9999人,本科,1-3年,Java,技术-后端开发-Java,2026-05-20 17:12:17,17.0,25.0,21.0,15.0,315.0,monthly,杭州,滨江,西兴,合资,1000-9999人,未知,技术,后端开发,Java
Java开发,1.5-2.5万,杭州·余杭·五常,外企德科,合资,1000-9999人,本科,3-5年,Java,技术-后端开发-Java,2026-05-20 17:12:49,15.0,25.0,20.0,12.0,240.0,monthly,杭州,余杭,五常,合资,1000-9999人,未知,技术,后端开发,Java
Python/Java/C++/C软开/软测【14-16薪】,1.2-2.4万·14薪,杭州·滨江·长河,外企德科数字技术有限公司,合资,10000人以上,本科,经验不限,"Java, C++, C",技术-后端开发-Java,2026-05-20 17:12:16,12.0,24.0,18.0,14.0,252.0,monthly,杭州,滨江,长河,合资,10000人以上,未知,技术,后端开发,Java
Java研发工程师,1.7-1.8万,杭州·余杭·仓前,外企德科,合资,10000人以上,本科,1-3年,"JavaScript, SPRING BOOT, MySQL, API, AI AGENT, RAG",技术-后端开发-Java,2026-05-20 17:12:47,17.0,18.0,17.5,12.0,210.0,monthly,杭州,余杭,仓前,合资,10000人以上,未知,技术,后端开发,Java
JAVA开发（银行驻场）,1.5-1.9万,杭州·萧山·盈丰,江苏鑫源融信软件科技有限公司,民营,100-299人,本科,5-10年,,技术-后端开发-Java,2026-05-20 17:12:31,15.0,19.0,17.0,12.0,204.0,monthly,杭州,萧山,盈丰,民营,100-299人,未知,技术,后端开发,Java
java软件开发工程师,1.5-1.6万,杭州·余杭·五常,外企德科,合资,10000人以上,学历不限,1-3年,"网络编程, WEB开发, HTML, CSS, JavaScript, Hibernate",技术-后端开发-Java,2026-05-20 17:12:17,15.0,16.0,15.5,12.0,186.0,monthly,杭州,余杭,五常,合资,10000人以上,未知,技术,后端开发,Java
Java后端开发工程师-双休-快手,1.4-1.6万,杭州·余杭·仓前,外企德科,合资,10000人以上,本科,3-5年,"JavaScript, MySQL, Mybatis",技术-后端开发-Java,2026-05-20 17:12:15,14.0,16.0,15.0,12.0,180.0,monthly,杭州,余杭,仓前,合资,10000人以上,未知,技术,后端开发,Java
java开发工程师-电商方向,1.4-1.6万,杭州·余杭·仓前,外企德科,合资,10000人以上,本科,1-3年,"JavaScript, Spring, MySQL",技术-后端开发-Java,2026-05-20 17:12:16,14.0,16.0,15.0,12.0,180.0,monthly,杭州,余杭,仓前,合资,10000人以上,未知,技术,后端开发,Java
java软件开发工程师,1.4-1.5万,杭州·滨江·长河,外企德科数字技术有限公司,合资,10000人以上,本科,经验不限,"JavaScript, Python, C++",技术-后端开发-Java,2026-05-20 17:13:09,14.0,15.0,14.5,12.0,174.0,monthly,杭州,滨江,长河,合资,10000人以上,未知,技术,后端开发,Java
中高级Java开发工程师,1-1.8万,杭州·余杭·仓前,正元智慧集团股份有限公司,上市公司,1000-9999人,本科,5-10年,"JavaScript, Spring, Mybatis, Struts, MySQL, Oracle",技术-后端开发-Java,2026-05-20 17:12:15,10.0,18.0,14.0,12.0,168.0,monthly,杭州,余杭,仓前,上市公司,1000-9999人,未知,技术,后端开发,Java
java软件开发工程师,1.3-1.4万,杭州·滨江·浦沿,武汉宏元数码科技有限公司,20-99人,软件/IT服务,大专,经验不限,"Spring, Mybatis, MySQL, JAVA后端开发, 接口开发联调",技术-后端开发-Java,2026-05-20 17:12:15,13.0,14.0,13.5,12.0,162.0,monthly,杭州,滨江,浦沿,软件/IT服务,20-99人,未知,技术,后端开发,Java
java软件开发工程师,1.3-1.4万,杭州·拱墅·祥符,武汉宏元数码科技有限公司,20-99人,软件/IT服务,大专,经验不限,"Spring, Mybatis, MySQL, JAVA后端开发, 接口开发联调",技术-后端开发-Java,2026-05-20 17:12:15,13.0,14.0,13.5,12.0,162.0,monthly,杭州,拱墅,祥符,软件/IT服务,20-99人,未知,技术,后端开发,Java
Java中级开发工程师（金融大数据）,1.2-1.5万,杭州·西湖·三墩,东华软件股份公司,上市公司,1000-9999人,本科,3-5年,"Spring, MySQL, Oracle, 3年以上",技术-后端开发-Java,2026-05-20 17:12:17,12.0,15.0,13.5,12.0,162.0,monthly,杭州,西湖,三墩,上市公司,1000-9999人,未知,技术,后端开发,Java
Java开发（全额公积金）,1-1.4万,杭州·余杭·五常,深圳市法本信息技术股份有限公司,上市公司,1000-9999人,本科,3-5年,"Java, Spring",技术-后端开发-Java,2026-05-20 17:12:16,10.0,14.0,12.0,12.0,144.0,monthly,杭州,余杭,五常,上市公司,1000-9999人,未知,技术,后端开发,Java
Java开发工程师,8000-16000元·13薪,杭州·上城·凯旋,浙江邮电工程,国企,1000-9999人,本科,3-5年,"node.js, Java, SPRINGBOOT, PostgreSQL",技术-后端开发-Java,2026-05-20 17:12:16,8.0,16.0,12.0,13.0,156.0,monthly,杭州,上城,凯旋,国企,1000-9999人,未知,技术,后端开发,Java
java研发工程师,8000-12000元,杭州·西湖·古荡,天津市渤海新能科技有限公司,民营,300-499人,本科,3-5年,"后端开发, Java",技术-后端开发-Java,2026-05-20 17:12:16,8.0,12.0,10.0,12.0,120.0,monthly,杭州,西湖,古荡,民营,300-499人,未知,技术,后端开发,Java
java开发工程师,6000-9000元,杭州·西湖·三墩,郑州迪维勒普科技有限公司,股份制企业,100-299人,本科,1-3年,"Spring, MySQL, Redis, Dubbo, WEBGIS",技术-后端开发-Java,2026-05-20 17:12:15,6.0,9.0,7.5,12.0,90.0,monthly,杭州,西湖,三墩,股份制企业,100-299人,未知,技术,后端开发,Java
Java开发工程师（驻场银行）,面议,杭州·西湖·留下,东华软件股份公司,上市公司,1000-9999人,本科,3-5年,"JavaScript, Spring, MySQL",技术-后端开发-Java,2026-05-20 17:12:16,,,,,,negotiable,杭州,西湖,留下,上市公司,1000-9999人,未知,技术,后端开发,Java
技术经理（base宁波）,3-6万,杭州·余杭·仓前,宁波渠成集团有限公司,民营,500-999人,本科,5-10年,全栈开发,技术-后端开发-PHP,2026-05-20 17:18:37,30.0,60.0,45.0,12.0,540.0,monthly,杭州,余杭,仓前,民营,500-999人,未知,技术,后端开发,PHP
技术经理,3-6万,杭州·余杭·仓前,宁波渠成集团有限公司,民营,500-999人,本科,5-10年,全栈开发,技术-后端开发-PHP,2026-05-20 17:18:37,30.0,60.0,45.0,12.0,540.0,monthly,杭州,余杭,仓前,民营,500-999人,未知,技术,后端开发,PHP
研发项目经理/总监,2-4万,杭州·萧山·宁围,浙江益思特生物科技有限公司,20-99人,生物/制药,博士,经验不限,"前端开发, 全栈开发",技术-后端开发-PHP,2026-05-20 17:18:37,20.0,40.0,30.0,12.0,360.0,monthly,杭州,萧山,宁围,生物/制药,20-99人,未知,技术,后端开发,PHP
PHP高级全栈工程师,1.8-2.8万,杭州·滨江·长河,北京精医和生医药科技有限公司,民营,20-99人,本科,3-5年,全栈开发,技术-后端开发-PHP,2026-05-20 17:18:36,18.0,28.0,23.0,12.0,276.0,monthly,杭州,滨江,长河,民营,20-99人,未知,技术,后端开发,PHP
高级前端工程师,1.6-3万,杭州·上城·彭埠,浙江中国轻纺城网络有限公司,国企,100-299人,本科,3-5年,低代码平台框架经验,技术-后端开发-PHP,2026-05-20 17:18:38,16.0,30.0,23.0,12.0,276.0,monthly,杭州,上城,彭埠,国企,100-299人,未知,技术,后端开发,PHP
软件开发工程师（福利待遇好 经验不限 考公考验失败均可投）,1.5-2.9万·14薪,杭州·滨江·长河,外企德科数字技术有限公司,合资,10000人以上,本科,经验不限,"C++, C#, PHP",技术-后端开发-PHP,2026-05-20 17:18:37,15.0,29.0,22.0,14.0,308.0,monthly,杭州,滨江,长河,合资,10000人以上,未知,技术,后端开发,PHP
前端开发工程师,1.4-2万,杭州·拱墅·祥符,杭州易美生活服务有限公司,20-99人,家政服务,本科,1-3年,"CSS, JavaScript, TypeScript, React, Redux, Node.js",技术-后端开发-PHP,2026-05-20 17:18:37,14.0,20.0,17.0,12.0,204.0,monthly,杭州,拱墅,祥符,家政服务,20-99人,未知,技术,后端开发,PHP
web前端开发工程师,1.2-2万,杭州·西湖·三墩,正方软件股份有限公司,股份制企业,100-299人,本科,3-5年,"大屏/可视化项目, CSS, JavaScript, HTML5, Vue, jQuery",技术-后端开发-PHP,2026-05-20 17:18:36,12.0,20.0,16.0,12.0,192.0,monthly,杭州,西湖,三墩,股份制企业,100-299人,未知,技术,后端开发,PHP
WEB前端开发工程师(RD41),1.3-1.8万,杭州·滨江·西兴,浙江宇视科技有限公司,民营,1000-9999人,本科,1-3年,"JavaScript, Vue, React",技术-后端开发-PHP,2026-05-20 17:18:36,13.0,18.0,15.5,12.0,186.0,monthly,杭州,滨江,西兴,民营,1000-9999人,未知,技术,后端开发,PHP
系统前端开发工程师岗,1.4-1.7万,杭州·滨江·彭埠,杭州众萃人力资源服务有限公司,100-299人,人力资源,高中,经验不限,"HTML5, TypeScript, ERP项目, 游戏项目, jQuery",技术-后端开发-PHP,2026-05-20 17:18:37,14.0,17.0,15.5,12.0,186.0,monthly,杭州,滨江,彭埠,人力资源,100-299人,未知,技术,后端开发,PHP
前端开发-有背调,1.4-1.5万,杭州·滨江·西兴,软通动力信息技术(集团)股份有限公司,上市公司,10000人以上,本科,5-10年,"Vue, JavaScript, TypeScript, TAILWIND",技术-后端开发-PHP,2026-05-20 17:18:37,14.0,15.0,14.5,12.0,174.0,monthly,杭州,滨江,西兴,上市公司,10000人以上,未知,技术,后端开发,PHP
前端开发工程师,1.3-1.5万,杭州·滨江·浦沿,武汉宏元数码科技有限公司,20-99人,软件/IT服务,大专,经验不限,"HTML5, CSS, JavaScript, Vue, React, 前端工程化",技术-后端开发-PHP,2026-05-20 17:18:36,13.0,15.0,14.0,12.0,168.0,monthly,杭州,滨江,浦沿,软件/IT服务,20-99人,未知,技术,后端开发,PHP
前端开发工程师,1.3-1.5万,杭州·拱墅·祥符,武汉宏元数码科技有限公司,20-99人,软件/IT服务,大专,经验不限,"HTML5, CSS, JavaScript, Vue, React, 前端工程化",技术-后端开发-PHP,2026-05-20 17:18:36,13.0,15.0,14.0,12.0,168.0,monthly,杭州,拱墅,祥符,软件/IT服务,20-99人,未知,技术,后端开发,PHP
前端开发-有背调,1.3-1.4万,杭州·滨江·西兴,软通动力信息技术(集团)股份有限公司,上市公司,10000人以上,本科,3-5年,"React, Vue, TypeScript, JavaScript, 低代码平台",技术-后端开发-PHP,2026-05-20 17:18:36,13.0,14.0,13.5,12.0,162.0,monthly,杭州,滨江,西兴,上市公司,10000人以上,未知,技术,后端开发,PHP
前端开发工程师,1.1-1.5万,杭州·滨江·长河,山东华科信息技术有限公司,民营,300-499人,本科,3-5年,"CSS, JavaScript, HTML5, Vue, linux",技术-后端开发-PHP,2026-05-20 17:18:37,11.0,15.0,13.0,12.0,156.0,monthly,杭州,滨江,长河,民营,300-499人,未知,技术,后端开发,PHP
web前端开发工程师,1-1.5万,杭州·上城·四季青,南京清研新材料研究院有限公司,民营,20-99人,本科,经验不限,"HTML5, CSS, JavaScript, Vue, React, 大屏/可视化项目",技术-后端开发-PHP,2026-05-20 17:18:36,10.0,15.0,12.5,12.0,150.0,monthly,杭州,上城,四季青,民营,20-99人,未知,技术,后端开发,PHP
技术经理——base杭州,1-1.5万,杭州·余杭·五常,优讯时代,合资,100-299人,大专,3-5年,"Java, Python, JavaScript, SQL, 多线程, 后端开发",技术-后端开发-PHP,2026-05-20 17:18:37,10.0,15.0,12.5,12.0,150.0,monthly,杭州,余杭,五常,合资,100-299人,未知,技术,后端开发,PHP
前端工程师,8000-16000元,杭州·上城·南星,北京电力自动化设备有限公司,国企,100-299人,本科,1-3年,"Vue, React, JavaScript, web前端, 多端开发, 小程序开发",技术-后端开发-PHP,2026-05-20 17:18:38,8.0,16.0,12.0,12.0,144.0,monthly,杭州,上城,南星,国企,100-299人,未知,技术,后端开发,PHP
php全栈工程师,8000-15000元,杭州·滨江·西兴,杭州雷欧数联科技有限公司,民营,20-99人,大专,1-3年,"小程序开发, 全栈开发, ThinkPHP",技术-后端开发-PHP,2026-05-20 17:18:36,8.0,15.0,11.5,12.0,138.0,monthly,杭州,滨江,西兴,民营,20-99人,未知,技术,后端开发,PHP
研发负责人-修养堂,8000-10000元,杭州·淳安·千岛湖,修正药业集团,民营,10000人以上,硕士,5-10年,,技术-后端开发-PHP,2026-05-20 17:18:37,8.0,10.0,9.0,12.0,108.0,monthly,杭州,淳安,千岛湖,民营,10000人以上,未知,技术,后端开发,PHP
Java/C/C++/Python/js前端,1.8-3.5万·14薪,杭州·滨江·长河,外企德科数字技术有限公司,合资,10000人以上,学历不限,经验不限,"JavaScript, Python, C++",技术-后端开发-Python,2026-05-20 17:13:51,18.0,35.0,26.5,14.0,371.0,monthly,杭州,滨江,长河,合资,10000人以上,未知,技术,后端开发,Python
资深Python开发工程师,1.8-3万,杭州·西湖·三墩,云途(杭州)智能科技有限公司,民营,20-99人,本科,5-10年,"MySQL, Redis, Flask, Django, Python, CloudStack, AI",技术-后端开发-Python,2026-05-20 17:13:42,18.0,30.0,24.0,12.0,288.0,monthly,杭州,西湖,三墩,民营,20-99人,未知,技术,后端开发,Python
Python开发工程师,1.5-3万,杭州·萧山·盈丰,某大型公司,其它,500-999人,本科,3-5年,Python,技术-后端开发-Python,2026-05-20 17:13:44,15.0,30.0,22.5,12.0,270.0,monthly,杭州,萧山,盈丰,其它,500-999人,未知,技术,后端开发,Python
C/C++/Python/JS/C#/JAVA软件开发工程师,1.5-3万·14薪,杭州·滨江·长河,外企德科数字技术有限公司,合资,10000人以上,本科,1-3年,"C语言, Java, Python",技术-后端开发-Python,2026-05-20 17:13:45,15.0,30.0,22.5,14.0,315.0,monthly,杭州,滨江,长河,合资,10000人以上,未知,技术,后端开发,Python
JAVA/JS/C/C++/Python/go/测试,1.5-3万·14薪,杭州·滨江·长河,外企德科数字技术有限公司,合资,10000人以上,本科,经验不限,"JavaScript, Python, C++",技术-后端开发-Python,2026-05-20 17:13:47,15.0,30.0,22.5,14.0,315.0,monthly,杭州,滨江,长河,合资,10000人以上,未知,技术,后端开发,Python
JAVA/C++/C/Python 14薪双休 应届生可投,1.5-3万·14薪,杭州·滨江·长河,外企德科数字技术有限公司,合资,10000人以上,本科,经验不限,"JavaScript, Python, C++",技术-后端开发-Python,2026-05-20 17:13:53,15.0,30.0,22.5,14.0,315.0,monthly,杭州,滨江,长河,合资,10000人以上,未知,技术,后端开发,Python
Python开发工程师-语言不限（双休六险一金，导师带教）,1.5-3万·14薪,杭州·滨江·长河,科锐尔人力资源服务(苏州)有限公司,上市公司,1000-9999人,本科,经验不限,"Java, C++, C, MySQL",技术-后端开发-Python,2026-05-20 17:13:54,15.0,30.0,22.5,14.0,315.0,monthly,杭州,滨江,长河,上市公司,1000-9999人,未知,技术,后端开发,Python
研发工程师（Java/C++/Python/JS+全国可安排+福利待遇好）,1.5-3万·14薪,杭州·滨江·长河,外企德科数字技术有限公司,合资,10000人以上,本科,经验不限,"深度学习, Python, C++, Java, PyTorch, TensorFlow",技术-后端开发-Python,2026-05-20 17:14:07,15.0,30.0,22.5,14.0,315.0,monthly,杭州,滨江,长河,合资,10000人以上,未知,技术,后端开发,Python
月薪15-35k/java/c++/python后端开发/,1.5-3万·14薪,杭州·滨江·长河,外企德科数字技术有限公司,合资,10000人以上,本科,经验不限,"JavaScript, Python, C++, Spring, MySQL",技术-后端开发-Python,2026-05-20 17:14:08,15.0,30.0,22.5,14.0,315.0,monthly,杭州,滨江,长河,合资,10000人以上,未知,技术,后端开发,Python
Java/C/C++/Python/前端/测试（接受应届）,1.5-3万·14薪,杭州·滨江·长河,外企德科数字技术有限公司,合资,10000人以上,本科,经验不限,"C++, Python, Spring",技术-后端开发-Python,2026-05-20 17:14:10,15.0,30.0,22.5,14.0,315.0,monthly,杭州,滨江,长河,合资,10000人以上,未知,技术,后端开发,Python
月薪15-35k/java/c++/python后端开发/算法/测试,1.5-3万·14薪,杭州·滨江·长河,外企德科数字技术有限公司,合资,10000人以上,本科,经验不限,"Java, C++, C",技术-后端开发-Python,2026-05-20 17:14:12,15.0,30.0,22.5,14.0,315.0,monthly,杭州,滨江,长河,合资,10000人以上,未知,技术,后端开发,Python
python后端开发工程师,1.5-3万·14薪,杭州·滨江·长河,外企德科数字技术有限公司,合资,10000人以上,本科,经验不限,"Java, C++",技术-后端开发-Python,2026-05-20 17:14:32,15.0,30.0,22.5,14.0,315.0,monthly,杭州,滨江,长河,合资,10000人以上,未知,技术,后端开发,Python
后端开发工程师（java/web/python/c++/c/go ）,1.5-3万,杭州·滨江·长河,外企德科数字技术有限公司,合资,10000人以上,本科,1-3年,,技术-后端开发-Python,2026-05-20 17:14:54,15.0,30.0,22.5,12.0,270.0,monthly,杭州,滨江,长河,合资,10000人以上,未知,技术,后端开发,Python
Java/C/C++/Python/JS 软件开发测试,1.5-2.8万·14薪,杭州·滨江·长河,外企德科数字技术有限公司,合资,10000人以上,本科,经验不限,"C++, Python, C, Java, JS",技术-后端开发-Python,2026-05-20 17:14:34,15.0,28.0,21.5,14.0,301.0,monthly,杭州,滨江,长河,合资,10000人以上,未知,技术,后端开发,Python
C/C++/Python/JS/C#/JAVA软件开发工程师,1.5-2.6万,杭州·滨江·长河,外企德科数字技术有限公司,合资,10000人以上,本科,1-3年,"Java, C语言, Python",技术-后端开发-Python,2026-05-20 17:14:14,15.0,26.0,20.5,12.0,246.0,monthly,杭州,滨江,长河,合资,10000人以上,未知,技术,后端开发,Python
Java/Python/C/C++/数开/测试/算法/前端岗,1.5-2.4万·14薪,杭州·滨江·长河,外企德科数字技术有限公司,合资,10000人以上,本科,1-3年,"Python, C++, Spring",技术-后端开发-Python,2026-05-20 17:14:53,15.0,24.0,19.5,14.0,273.0,monthly,杭州,滨江,长河,合资,10000人以上,未知,技术,后端开发,Python
高薪Java/c++/python全额社保/双休16薪,1.3-2.6万·16薪,杭州·滨江·长河,外企德科数字技术有限公司,合资,10000人以上,本科,经验不限,"Python, C++, C, Spring, Hibernate, Struts",技术-后端开发-Python,2026-05-20 17:14:57,13.0,26.0,19.5,16.0,312.0,monthly,杭州,滨江,长河,合资,10000人以上,未知,技术,后端开发,Python
Java/C/C++/Python/GO/JS,1.3-2.6万·14薪,杭州·滨江·长河,外企德科数字技术有限公司,合资,10000人以上,本科,经验不限,"JavaScript, Python, C++, Spring, MySQL, Struts",技术-后端开发-Python,2026-05-20 17:15:18,13.0,26.0,19.5,14.0,273.0,monthly,杭州,滨江,长河,合资,10000人以上,未知,技术,后端开发,Python
C/C++/C#/python/算法工程师/java,1.3-2.5万·14薪,杭州·滨江·长河,外企德科数字技术有限公司,合资,10000人以上,本科,经验不限,"大模型算法, 深度学习, 图像算法, ViT, CLIP, VGGNet",技术-后端开发-Python,2026-05-20 17:13:49,13.0,25.0,19.0,14.0,266.0,monthly,杭州,滨江,长河,合资,10000人以上,未知,技术,后端开发,Python
Python/Java/C++/C软开/软测【14-16薪】,1.2-2.4万·14薪,杭州·滨江·长河,外企德科数字技术有限公司,合资,10000人以上,本科,经验不限,"Java, C++, C",技术-后端开发-Python,2026-05-20 17:13:43,12.0,24.0,18.0,14.0,252.0,monthly,杭州,滨江,长河,合资,10000人以上,未知,技术,后端开发,Python
杭州Python开发工程师（三餐/双休）,1.5-2.1万,杭州·余杭·仓前,软通动力信息技术(集团)股份有限公司,上市公司,10000人以上,本科,1-3年,"Shell, Django, MySQL, MongoDB, Sql",技术-后端开发-Python,2026-05-20 17:13:54,15.0,21.0,18.0,12.0,216.0,monthly,杭州,余杭,仓前,上市公司,10000人以上,未知,技术,后端开发,Python
python爬虫开发工程师,1-1.5万,杭州·滨江·长河,浙江金瑞税务师事务所有限公司,民营,20-99人,本科,3-5年,"Python, 爬虫开发, 数据采集",技术-后端开发-Python,2026-05-20 17:13:46,10.0,15.0,12.5,12.0,150.0,monthly,杭州,滨江,长河,民营,20-99人,未知,技术,后端开发,Python
python软件工程师,1-1.5万,杭州·西湖·蒋村,博彦科技承德有限公司,股份制企业,1000-9999人,本科,1-3年,Python,技术-后端开发-Python,2026-05-20 17:13:47,10.0,15.0,12.5,12.0,150.0,monthly,杭州,西湖,蒋村,股份制企业,1000-9999人,未知,技术,后端开发,Python
python自动化测试,1-1.5万,杭州·西湖·蒋村,博彦科技承德有限公司,股份制企业,1000-9999人,本科,1-3年,"Python, 测试开发",技术-后端开发-Python,2026-05-20 17:13:50,10.0,15.0,12.5,12.0,150.0,monthly,杭州,西湖,蒋村,股份制企业,1000-9999人,未知,技术,后端开发,Python
python自动化测试工程师,1-1.3万,杭州·滨江·长河,软通动力信息技术(集团)股份有限公司,上市公司,10000人以上,本科,3-5年,"Python, 通信协议、CAN/CANFD, Linux, PYTHON自动化脚本开发",技术-后端开发-Python,2026-05-20 17:13:48,10.0,13.0,11.5,12.0,138.0,monthly,杭州,滨江,长河,上市公司,10000人以上,未知,技术,后端开发,Python
Python/Java智能体开发,8000-13000元,杭州·滨江·长河,软通动力信息技术(集团)股份有限公司,上市公司,10000人以上,本科,1-3年,智能体,技术-后端开发-Python,2026-05-20 17:13:46,8.0,13.0,10.5,12.0,126.0,monthly,杭州,滨江,长河,上市公司,10000人以上,未知,技术,后端开发,Python
python 测试,9000-11000元,杭州·滨江·长河,软通动力信息技术(集团)股份有限公司,上市公司,10000人以上,本科,1-3年,"Python, 接口自动化测试, UI自动化测试",技术-后端开发-Python,2026-05-20 17:13:53,9.0,11.0,10.0,12.0,120.0,monthly,杭州,滨江,长河,上市公司,10000人以上,未知,技术,后端开发,Python
python自动化测试工程师-线上面试-杭州,9000-10000元,杭州·滨江·长河,软通动力信息技术(集团)股份有限公司,上市公司,10000人以上,本科,1-3年,"Python, Linux, 接口自动化测试, 移动端自动化测试",技术-后端开发-Python,2026-05-20 17:13:43,9.0,10.0,9.5,12.0,114.0,monthly,杭州,滨江,长河,上市公司,10000人以上,未知,技术,后端开发,Python
AI python,7000-12000元,杭州·滨江·长河,软通动力信息技术(集团)股份有限公司,上市公司,10000人以上,本科,1-3年,AI AGENT,技术-后端开发-Python,2026-05-20 17:13:45,7.0,12.0,9.5,12.0,114.0,monthly,杭州,滨江,长河,上市公司,10000人以上,未知,技术,后端开发,Python
python自动化测试工程师（线上面试-双休-离岸项目）,9000-10000元,杭州·滨江·长河,软通动力信息技术(集团)股份有限公司,上市公司,10000人以上,本科,1-3年,"Python, Linux, MySQL, 测试开发, UI自动化测试",技术-后端开发-Python,2026-05-20 17:13:51,9.0,10.0,9.5,12.0,114.0,monthly,杭州,滨江,长河,上市公司,10000人以上,未知,技术,后端开发,Python
Python工程师(线上兼职),2000-4000元,杭州·余杭·余杭街道,河南九页科技有限公司,民营,20-99人,本科,经验不限,"Java, Python, MATLAB, Django, MySQL, 深度学习",技术-后端开发-Python,2026-05-20 17:13:52,2.0,4.0,3.0,12.0,36.0,monthly,杭州,余杭,余杭街道,民营,20-99人,未知,技术,后端开发,Python
数据挖掘与算法工程师,2.5-3万,杭州·西湖·西溪,交通运输通信信息集团有限公司,国企,1000-9999人,本科,3-5年,"分类算法, 预测分析",技术-数据-数据挖掘,2026-05-20 18:05:09,25.0,30.0,27.5,12.0,330.0,monthly,杭州,西湖,西溪,国企,1000-9999人,未知,技术,数据,数据挖掘
IT-数据挖掘算法工程师,2-3.5万,杭州·滨江·西兴,杭州海康威视数字技术股份有限公司,上市公司,10000人以上,本科,3-5年,,技术-数据-数据挖掘,2026-05-20 18:05:09,20.0,35.0,27.5,12.0,330.0,monthly,杭州,滨江,西兴,上市公司,10000人以上,未知,技术,数据,数据挖掘
数据管理部-大模型应用开发岗(J11513),1.5-3万,杭州·上城·四季青,浙江民泰商业银行,民营,1000-9999人,本科,1-3年,"数据挖掘, 数据建模",技术-数据-数据挖掘,2026-05-20 18:05:38,15.0,30.0,22.5,12.0,270.0,monthly,杭州,上城,四季青,民营,1000-9999人,未知,技术,数据,数据挖掘
etl数据开发,1.8-2.6万,杭州·滨江·长河,苏州人瑞普惠人力资源服务有限公司,上市公司,1000-9999人,大专,3-5年,"Kettle, DataStage, Informatica, Python, SQL, 数据清洗",技术-数据-数据挖掘,2026-05-20 18:05:38,18.0,26.0,22.0,12.0,264.0,monthly,杭州,滨江,长河,上市公司,1000-9999人,未知,技术,数据,数据挖掘
数据分析/BI开发,1.3-2.6万·15薪,杭州·上城·湖滨,浙江省公众信息产业有限公司杭州市分公司,国企,20-99人,本科,3-5年,"数据治理, 数据挖掘",技术-数据-数据挖掘,2026-05-20 18:05:10,13.0,26.0,19.5,15.0,292.5,monthly,杭州,上城,湖滨,国企,20-99人,未知,技术,数据,数据挖掘
数据开发工程师,1.7-2.2万,杭州·余杭·仓前,杭州可靠护理用品股份有限公司,上市公司,500-999人,本科,3-5年,Sql,技术-数据-数据挖掘,2026-05-20 18:05:48,17.0,22.0,19.5,12.0,234.0,monthly,杭州,余杭,仓前,上市公司,500-999人,未知,技术,数据,数据挖掘
数据分析,1.8-1.9万,杭州·滨江·西兴,博彦科技承德有限公司,股份制企业,1000-9999人,大专,5-10年,"Sql, hive, Quick BI, 数据仓库, FineBI",技术-数据-数据挖掘,2026-05-20 18:05:11,18.0,19.0,18.5,12.0,222.0,monthly,杭州,滨江,西兴,股份制企业,1000-9999人,未知,技术,数据,数据挖掘
政企数据架构师,1.2-2.1万,杭州·萧山·城厢,浙江省公众信息产业有限公司杭州市分公司,国企,20-99人,本科,3-5年,"数据治理, 大数据开发",技术-数据-数据挖掘,2026-05-20 18:05:10,12.0,21.0,16.5,12.0,198.0,monthly,杭州,萧山,城厢,国企,20-99人,未知,技术,数据,数据挖掘
数据分析师,1.3-2万,杭州·拱墅·祥符,上海两桥人力资源管理有限公司,民营,20-99人,本科,3-5年,"数据治理, 数据挖掘, 日语",技术-数据-数据挖掘,2026-05-20 18:05:10,13.0,20.0,16.5,12.0,198.0,monthly,杭州,拱墅,祥符,民营,20-99人,未知,技术,数据,数据挖掘
数据分析师-财务业务-有背调,1.4-1.5万,杭州·滨江·西兴,软通动力信息技术(集团)股份有限公司,上市公司,10000人以上,大专,5-10年,"Sql, BI工具",技术-数据-数据挖掘,2026-05-20 18:05:48,14.0,15.0,14.5,12.0,174.0,monthly,杭州,滨江,西兴,上市公司,10000人以上,未知,技术,数据,数据挖掘
数据分析师,1.2-1.5万,杭州·萧山·北干,芜湖东昊网络科技有限公司,其它,300-499人,本科,1-3年,"数据建模, Sql, Python, 财务数据分析, 电商行业经验",技术-数据-数据挖掘,2026-05-20 18:05:09,12.0,15.0,13.5,12.0,162.0,monthly,杭州,萧山,北干,其它,300-499人,未知,技术,数据,数据挖掘
中级保险数据开发-六险1金,1.2-1.5万,杭州·拱墅·湖墅,深圳万科祥盈管理服务有限公司北京分公司,其它,1000-9999人,本科,1-3年,"ETL, 数据库开发, Sql, Hadoop",技术-数据-数据挖掘,2026-05-20 18:05:09,12.0,15.0,13.5,12.0,162.0,monthly,杭州,拱墅,湖墅,其它,1000-9999人,未知,技术,数据,数据挖掘
数据分析师早九晚五+下午茶,1.2-1.3万,杭州·拱墅·天水,广州中诚汇才人力资源有限公司,20-99人,人力资源,本科,经验不限,"Sql, Python, BI工具, 数据建模, 报表开发, 人力资源数据分析",技术-数据-数据挖掘,2026-05-20 18:05:10,12.0,13.0,12.5,12.0,150.0,monthly,杭州,拱墅,天水,人力资源,20-99人,未知,技术,数据,数据挖掘
数据分析助理,1.1-1.2万,杭州·拱墅·上塘,杭州正麒传媒有限公司,100-299人,互联网电商,学历不限,1-3年,"R语言, Python, 数据清洗, 数据可视化, 沟通能力",技术-数据-数据挖掘,2026-05-20 18:05:10,11.0,12.0,11.5,12.0,138.0,monthly,杭州,拱墅,上塘,互联网电商,100-299人,未知,技术,数据,数据挖掘
数据分析师,8000-15000元·13薪,杭州·西湖·翠苑,沪上灵犀科技(上海)有限公司,20-99人,软件/IT服务,本科,经验不限,"Sql, 数据挖掘, 数据治理, 数据建模",技术-数据-数据挖掘,2026-05-20 18:05:20,8.0,15.0,11.5,13.0,149.5,monthly,杭州,西湖,翠苑,软件/IT服务,20-99人,未知,技术,数据,数据挖掘
BI数据开发工程师,1-1.2万,杭州·滨江·长河,杭州民生健康药业股份有限公司,500-999人,生物/制药,本科,1-3年,"Python, SQL, FineBI, Kettle, Hadoop, Hive, Flink",技术-数据-数据挖掘,2026-05-20 18:05:09,10.0,12.0,11.0,12.0,132.0,monthly,杭州,滨江,长河,生物/制药,500-999人,未知,技术,数据,数据挖掘
数据运营,8000-13000元·13薪,杭州·滨江·西兴,杭州湘葵科技有限公司,20-99人,软件/IT服务,大专,1-3年,"数据采集, 数据监控, 数据挖掘算法设计, 大数据处理经验",技术-数据-数据挖掘,2026-05-20 18:05:09,8.0,13.0,10.5,13.0,136.5,monthly,杭州,滨江,西兴,软件/IT服务,20-99人,未知,技术,数据,数据挖掘
高级数据分析师,8000-12000元,杭州·西湖·西溪,浙江深大智能科技有限公司,民营,500-999人,大专,5-10年,"电商数据运营, 销售数据运营, 经营数据分析",技术-数据-数据挖掘,2026-05-20 18:05:10,8.0,12.0,10.0,12.0,120.0,monthly,杭州,西湖,西溪,民营,500-999人,未知,技术,数据,数据挖掘
数据工程师,8000-10000元,杭州·滨江·西兴,外服(浙江)企业服务有限公司,国企,100-299人,本科,1-3年,"SAP, PAL, OA, 数据管理, 维护产品BOM, 订单业务",技术-数据-数据挖掘,2026-05-20 18:05:09,8.0,10.0,9.0,12.0,108.0,monthly,杭州,滨江,西兴,国企,100-299人,未知,技术,数据,数据挖掘
数据工程师,8000-10000元,杭州·滨江·西兴,上海杰艾企业管理咨询有限公司,外商独资,500-999人,本科,1-3年,B0M,技术-数据-数据挖掘,2026-05-20 18:05:10,8.0,10.0,9.0,12.0,108.0,monthly,杭州,滨江,西兴,外商独资,500-999人,未知,技术,数据,数据挖掘
数据运营,7000-9000元,杭州·西湖·西溪,浙江深大智能科技有限公司,民营,500-999人,本科,3-5年,,技术-数据-数据挖掘,2026-05-20 18:05:20,7.0,9.0,8.0,12.0,96.0,monthly,杭州,西湖,西溪,民营,500-999人,未知,技术,数据,数据挖掘
数据分析员（实习）,5000-10000元,杭州·上城·四季青,仙琚制药,上市公司,1000-9999人,本科,经验不限,"Python, 报表开发",技术-数据-数据挖掘,2026-05-20 18:05:10,5.0,10.0,7.5,12.0,90.0,monthly,杭州,上城,四季青,上市公司,1000-9999人,未知,技术,数据,数据挖掘
数据统计员,7000-8000元,杭州·滨江·长河,杭州铂科电子股份有限公司,民营,300-499人,大专,经验不限,报表开发,技术-数据-数据挖掘,2026-05-20 18:05:10,7.0,8.0,7.5,12.0,90.0,monthly,杭州,滨江,长河,民营,300-499人,未知,技术,数据,数据挖掘
数据专员,6000-7000元·13薪,杭州·上城·四季青,浙江寰领医药科技有限公司,民营,300-499人,本科,经验不限,销售数据运营,技术-数据-数据挖掘,2026-05-20 18:05:09,6.0,7.0,6.5,13.0,84.5,monthly,杭州,上城,四季青,民营,300-499人,未知,技术,数据,数据挖掘
早九晚六数据清洗专员,4000-5000元,杭州·滨江·长河,浙江爱才人力资源股份有限公司,民营,300-499人,大专,1-3年,,技术-数据-数据挖掘,2026-05-20 18:05:09,4.0,5.0,4.5,12.0,54.0,monthly,杭州,滨江,长河,民营,300-499人,未知,技术,数据,数据挖掘
数据开发,4000-5000元,杭州·余杭·良渚,杭州五丰联合肉类有限公司,国企,500-999人,本科,经验不限,"数据库开发, 数据中台开发, Java, C语言, C++",技术-数据-数据挖掘,2026-05-20 18:05:10,4.0,5.0,4.5,12.0,54.0,monthly,杭州,余杭,良渚,国企,500-999人,未知,技术,数据,数据挖掘
社会招聘]通用软件开发/测试工程师,2-4万·14薪,杭州·滨江·长河,外企德科数字技术有限公司,合资,10000人以上,本科,经验不限,"C语言, Java, Python, Web开发, 嵌入式开发, 音视频开发",技术-测试-测试工程师,2026-05-20 18:12:49,20.0,40.0,30.0,14.0,420.0,monthly,杭州,滨江,长河,合资,10000人以上,未知,技术,测试,测试工程师
软件开发/软件测试工程师,1.8-3万·14薪,杭州·滨江·长河,科锐尔人力资源服务(苏州)有限公司,上市公司,1000-9999人,本科,经验不限,"Java, Python, C/C++, 测试",技术-测试-测试工程师,2026-05-20 18:12:28,18.0,30.0,24.0,14.0,336.0,monthly,杭州,滨江,长河,上市公司,1000-9999人,未知,技术,测试,测试工程师
软件开发/软件测试工程师，25届可投,1.5-3万·14薪,杭州·滨江·长河,外企德科数字技术有限公司,合资,10000人以上,本科,经验不限,"Java, Python, C/C++, Golang",技术-测试-测试工程师,2026-05-20 18:12:39,15.0,30.0,22.5,14.0,315.0,monthly,杭州,滨江,长河,合资,10000人以上,未知,技术,测试,测试工程师
C++/C/Java/Python/GO开发/测试工程师,1.5-3万·14薪,杭州·滨江·长河,外企德科数字技术有限公司,合资,10000人以上,本科,经验不限,"C语言, Java, Python, 图形图像处理, QT开发, Web开发",技术-测试-测试工程师,2026-05-20 18:12:49,15.0,30.0,22.5,14.0,315.0,monthly,杭州,滨江,长河,合资,10000人以上,未知,技术,测试,测试工程师
Java/C/C++/python/测试工程师,1.3-2.6万·14薪,杭州·滨江·长河,外企德科数字技术有限公司,合资,10000人以上,本科,经验不限,"Java, Python, C/C++",技术-测试-测试工程师,2026-05-20 18:13:10,13.0,26.0,19.5,14.0,273.0,monthly,杭州,滨江,长河,合资,10000人以上,未知,技术,测试,测试工程师
整车强度测试工程师,1.2-2.4万,杭州·萧山·新街,正齐动力科技(杭州)有限公司,外商独资,100-299人,本科,3-5年,零部件测试,技术-测试-测试工程师,2026-05-20 18:12:28,12.0,24.0,18.0,12.0,216.0,monthly,杭州,萧山,新街,外商独资,100-299人,未知,技术,测试,测试工程师
软件测试工程师,1.2-2.4万,杭州·滨江·长河,外企德科数字技术有限公司,合资,10000人以上,本科,经验不限,"自动化测试, 性能测试, Python, 功能测试",技术-测试-测试工程师,2026-05-20 18:12:29,12.0,24.0,18.0,12.0,216.0,monthly,杭州,滨江,长河,合资,10000人以上,未知,技术,测试,测试工程师
软件开发/测试工程师，线上面试 接受无经验,1.2-2.4万,杭州·滨江·长河,外企德科数字技术有限公司,合资,10000人以上,本科,1-3年,"Java, Python, C/C++",技术-测试-测试工程师,2026-05-20 18:12:59,12.0,24.0,18.0,12.0,216.0,monthly,杭州,滨江,长河,合资,10000人以上,未知,技术,测试,测试工程师
测试工程师,1.5-2万,杭州·滨江·长河,重庆原点厚望科技有限公司,其它,20-99人,本科,1-3年,"软件测试, 功能测试, 系统测试, Java, Javascript, Python",技术-测试-测试工程师,2026-05-20 18:12:27,15.0,20.0,17.5,12.0,210.0,monthly,杭州,滨江,长河,其它,20-99人,未知,技术,测试,测试工程师
海信 测试工程师,1.5-2万,杭州·滨江·长河,重庆原点厚望科技有限公司,其它,20-99人,本科,1-3年,"智能终端设备, APP, 后端平台",技术-测试-测试工程师,2026-05-20 18:12:27,15.0,20.0,17.5,12.0,210.0,monthly,杭州,滨江,长河,其它,20-99人,未知,技术,测试,测试工程师
软件测试工程师,1.4-2.1万·14薪,杭州·滨江·长河,外企德科数字技术有限公司,合资,10000人以上,本科,1-3年,,技术-测试-测试工程师,2026-05-20 18:12:28,14.0,21.0,17.5,14.0,245.0,monthly,杭州,滨江,长河,合资,10000人以上,未知,技术,测试,测试工程师
软件测试工程师,1.3-1.6万,杭州·滨江·彭埠,杭州众萃人力资源服务有限公司,100-299人,人力资源,学历不限,经验不限,"通信测试, 安全测试",技术-测试-测试工程师,2026-05-20 18:12:27,13.0,16.0,14.5,12.0,174.0,monthly,杭州,滨江,彭埠,人力资源,100-299人,未知,技术,测试,测试工程师
可靠性测试工程师,1.1-1.8万,杭州·滨江·长河,软通动力信息技术(集团)股份有限公司,上市公司,10000人以上,本科,3-5年,"环境监测, 振动测试, 电气负荷, 汽车质量管理",技术-测试-测试工程师,2026-05-20 18:12:28,11.0,18.0,14.5,12.0,174.0,monthly,杭州,滨江,长河,上市公司,10000人以上,未知,技术,测试,测试工程师
系统自动化测试工程师,1.2-1.4万,杭州·滨江·彭埠,杭州众萃人力资源服务有限公司,100-299人,人力资源,学历不限,经验不限,"自动化测试, 禅道",技术-测试-测试工程师,2026-05-20 18:12:27,12.0,14.0,13.0,12.0,156.0,monthly,杭州,滨江,彭埠,人力资源,100-299人,未知,技术,测试,测试工程师
软件测试工程师,1.2-1.4万,杭州·滨江·浦沿,武汉宏元数码科技有限公司,20-99人,软件/IT服务,大专,经验不限,"功能测试, 自动化测试, Selenium, Appium, 测试方案制定",技术-测试-测试工程师,2026-05-20 18:12:27,12.0,14.0,13.0,12.0,156.0,monthly,杭州,滨江,浦沿,软件/IT服务,20-99人,未知,技术,测试,测试工程师
软件测试工程师,1.2-1.4万,杭州·拱墅·祥符,武汉宏元数码科技有限公司,20-99人,软件/IT服务,大专,经验不限,"功能测试, 自动化测试, Selenium, Appium, 测试方案制定",技术-测试-测试工程师,2026-05-20 18:12:28,12.0,14.0,13.0,12.0,156.0,monthly,杭州,拱墅,祥符,软件/IT服务,20-99人,未知,技术,测试,测试工程师
初级软件测试工程师,9000-15000元·13薪,杭州·西湖·留下,澳美信息技术(天津)有限公司,民营,20-99人,本科,1-3年,"功能测试, 自动化测试, 性能测试, Python, Postman",技术-测试-测试工程师,2026-05-20 18:12:27,9.0,15.0,12.0,13.0,156.0,monthly,杭州,西湖,留下,民营,20-99人,未知,技术,测试,测试工程师
硬件测试工程师（测试认证-杭州）,8000-15000元,杭州·钱塘·河庄,麦格米特,上市公司,1000-9999人,本科,3-5年,"功能测试, 可靠性测试, 安规测试, 硬件测试",技术-测试-测试工程师,2026-05-20 18:12:27,8.0,15.0,11.5,12.0,138.0,monthly,杭州,钱塘,河庄,上市公司,1000-9999人,未知,技术,测试,测试工程师
高级测试工程师,1-1.2万,杭州·余杭·五常,外企德科,合资,10000人以上,本科,1-3年,"软件测试, 系统测试, 性能测试",技术-测试-测试工程师,2026-05-20 18:12:28,10.0,12.0,11.0,12.0,132.0,monthly,杭州,余杭,五常,合资,10000人以上,未知,技术,测试,测试工程师
工艺/制程工程师/测试工程师,7000-14000元,杭州·临平·东湖,杭州科汀光学技术有限公司,股份制企业,300-499人,本科,经验不限,"工艺设计, 新品导入（NPI）, 工艺改良",技术-测试-测试工程师,2026-05-20 18:12:28,7.0,14.0,10.5,12.0,126.0,monthly,杭州,临平,东湖,股份制企业,300-499人,未知,技术,测试,测试工程师
python自动化测试工程师-线上面试-杭州,9000-10000元,杭州·滨江·长河,软通动力信息技术(集团)股份有限公司,上市公司,10000人以上,本科,1-3年,"Python, Linux, 接口自动化测试, 移动端自动化测试",技术-测试-测试工程师,2026-05-20 18:12:27,9.0,10.0,9.5,12.0,114.0,monthly,杭州,滨江,长河,上市公司,10000人以上,未知,技术,测试,测试工程师
网络设备测试工程师,8000-11000元,杭州·滨江·长河,软通动力信息技术(集团)股份有限公司,上市公司,10000人以上,本科,1-3年,"移动通信测试, 数通测试, 无线测试, 功能测试, 性能测试",技术-测试-测试工程师,2026-05-20 18:12:28,8.0,11.0,9.5,12.0,114.0,monthly,杭州,滨江,长河,上市公司,10000人以上,未知,技术,测试,测试工程师
服务器硬件信号测试工程师,8000-11000元·13薪,杭州·滨江·长河,软通动力信息技术(集团)股份有限公司,上市公司,10000人以上,本科,1-3年,"信号测试, 电源测试, 主板测试, 可靠性测试, 功耗测试",技术-测试-测试工程师,2026-05-20 18:12:28,8.0,11.0,9.5,13.0,123.5,monthly,杭州,滨江,长河,上市公司,10000人以上,未知,技术,测试,测试工程师
服务器测试工程师,7000-10000元,杭州·滨江·长河,北京中利恒优科技有限公司,民营,300-499人,大专,1-3年,"自动化测试, 软件测试, Java, Python, C++",技术-测试-测试工程师,2026-05-20 18:12:29,7.0,10.0,8.5,12.0,102.0,monthly,杭州,滨江,长河,民营,300-499人,未知,技术,测试,测试工程师
助理测试工程师,7000-8000元·13薪,杭州·滨江·浦沿,杭州铂科电子股份有限公司,民营,300-499人,本科,经验不限,"电源产品测试, 硬件测试",技术-测试-测试工程师,2026-05-20 18:12:29,7.0,8.0,7.5,13.0,97.5,monthly,杭州,滨江,浦沿,民营,300-499人,未知,技术,测试,测试工程师
java/Python/C/C++/JS/AI算法/软件测试,1.8-3.5万·14薪,杭州·滨江·长河,外企德科数字技术有限公司,合资,10000人以上,本科,经验不限,"C++, Java, 五险一金, 全程线上面试, Python",技术-测试-软件测试,2026-05-20 18:13:21,18.0,35.0,26.5,14.0,371.0,monthly,杭州,滨江,长河,合资,10000人以上,未知,技术,测试,软件测试
软件开发/软件测试工程师,1.8-3万·14薪,杭州·滨江·长河,科锐尔人力资源服务(苏州)有限公司,上市公司,1000-9999人,本科,经验不限,"Java, Python, C/C++, 测试",技术-测试-软件测试,2026-05-20 18:13:20,18.0,30.0,24.0,14.0,336.0,monthly,杭州,滨江,长河,上市公司,1000-9999人,未知,技术,测试,软件测试
软件开发/软件测试（接受25届无经验+导师带教）,1.5-3万·14薪,杭州·滨江·长河,外企德科数字技术有限公司,合资,10000人以上,本科,经验不限,"Java, C++, Python, Spring, MySQL, 数据结构, 算法",技术-测试-软件测试,2026-05-20 18:13:20,15.0,30.0,22.5,14.0,315.0,monthly,杭州,滨江,长河,合资,10000人以上,未知,技术,测试,软件测试
软件开发/软件测试（接受0经验 14薪 考研考公gap）,1.5-3万·14薪,杭州·滨江·长河,科锐尔人力资源服务(苏州)有限公司,上市公司,10000人以上,本科,经验不限,,技术-测试-软件测试,2026-05-20 18:13:21,15.0,30.0,22.5,14.0,315.0,monthly,杭州,滨江,长河,上市公司,10000人以上,未知,技术,测试,软件测试
软件开发/软件测试工程师，25届可投,1.5-3万·14薪,杭州·滨江·长河,外企德科数字技术有限公司,合资,10000人以上,本科,经验不限,"Java, Python, C/C++, Golang",技术-测试-软件测试,2026-05-20 18:13:21,15.0,30.0,22.5,14.0,315.0,monthly,杭州,滨江,长河,合资,10000人以上,未知,技术,测试,软件测试
软件开发&软件测试（应届生可投）,1.5-3万·14薪,杭州·滨江·西兴,科锐尔人力资源服务(苏州)有限公司,上市公司,1000-9999人,本科,经验不限,"Java, Python, C/C++, 软件测试, 自动化测试",技术-测试-软件测试,2026-05-20 18:13:22,15.0,30.0,22.5,14.0,315.0,monthly,杭州,滨江,西兴,上市公司,1000-9999人,未知,技术,测试,软件测试
软件开发工程师（前端/后端/软件测试）,1.2-2.4万·14薪,杭州·滨江·长河,外企德科数字技术有限公司,合资,10000人以上,本科,经验不限,"C++, Python, C",技术-测试-软件测试,2026-05-20 18:13:21,12.0,24.0,18.0,14.0,252.0,monthly,杭州,滨江,长河,合资,10000人以上,未知,技术,测试,软件测试
软件测试工程师,1.2-2.4万,杭州·滨江·长河,外企德科数字技术有限公司,合资,10000人以上,本科,经验不限,"自动化测试, 性能测试, Python, 功能测试",技术-测试-软件测试,2026-05-20 18:13:21,12.0,24.0,18.0,12.0,216.0,monthly,杭州,滨江,长河,合资,10000人以上,未知,技术,测试,软件测试
软件测试/开发/gis/运维/算法,1.2-2.4万·14薪,杭州·滨江·长河,外企德科数字技术有限公司,合资,10000人以上,本科,经验不限,"Java, Python, C/C++",技术-测试-软件测试,2026-05-20 18:13:22,12.0,24.0,18.0,14.0,252.0,monthly,杭州,滨江,长河,合资,10000人以上,未知,技术,测试,软件测试
软件测试工程师,1.4-2.1万·14薪,杭州·滨江·长河,外企德科数字技术有限公司,合资,10000人以上,本科,1-3年,,技术-测试-软件测试,2026-05-20 18:13:42,14.0,21.0,17.5,14.0,245.0,monthly,杭州,滨江,长河,合资,10000人以上,未知,技术,测试,软件测试
软件测试工程师,1.3-1.6万,杭州·滨江·彭埠,杭州众萃人力资源服务有限公司,100-299人,人力资源,学历不限,经验不限,"通信测试, 安全测试",技术-测试-软件测试,2026-05-20 18:13:20,13.0,16.0,14.5,12.0,174.0,monthly,杭州,滨江,彭埠,人力资源,100-299人,未知,技术,测试,软件测试
软件测试工程师,1.3-1.5万,杭州·萧山·盈丰,宁波智翔劳务派遣有限公司,100-299人,人力资源,大专,经验不限,"功能测试, 自动化测试, Python, Java, Selenium, Postman",技术-测试-软件测试,2026-05-20 18:13:22,13.0,15.0,14.0,12.0,168.0,monthly,杭州,萧山,盈丰,人力资源,100-299人,未知,技术,测试,软件测试
软件测试工程师,1.2-1.4万,杭州·滨江·浦沿,武汉宏元数码科技有限公司,20-99人,软件/IT服务,大专,经验不限,"功能测试, 自动化测试, Selenium, Appium, 测试方案制定",技术-测试-软件测试,2026-05-20 18:13:20,12.0,14.0,13.0,12.0,156.0,monthly,杭州,滨江,浦沿,软件/IT服务,20-99人,未知,技术,测试,软件测试
软件测试工程师,1.2-1.4万,杭州·拱墅·祥符,武汉宏元数码科技有限公司,20-99人,软件/IT服务,大专,经验不限,"功能测试, 自动化测试, Selenium, Appium, 测试方案制定",技术-测试-软件测试,2026-05-20 18:13:21,12.0,14.0,13.0,12.0,156.0,monthly,杭州,拱墅,祥符,软件/IT服务,20-99人,未知,技术,测试,软件测试
软件测试工程师(AI+)(RD07),1-1.5万,杭州·滨江·西兴,浙江宇视科技有限公司,民营,1000-9999人,本科,1-3年,"Python, 功能测试",技术-测试-软件测试,2026-05-20 18:13:22,10.0,15.0,12.5,12.0,150.0,monthly,杭州,滨江,西兴,民营,1000-9999人,未知,技术,测试,软件测试
初级软件测试工程师,9000-15000元·13薪,杭州·西湖·留下,澳美信息技术(天津)有限公司,民营,20-99人,本科,1-3年,"功能测试, 自动化测试, 性能测试, Python, Postman",技术-测试-软件测试,2026-05-20 18:13:20,9.0,15.0,12.0,13.0,156.0,monthly,杭州,西湖,留下,民营,20-99人,未知,技术,测试,软件测试
软件测试开发工程师,1-1.3万,杭州·滨江·西兴,上海杰艾企业管理咨询有限公司,外商独资,500-999人,本科,1-3年,"Python, WEB",技术-测试-软件测试,2026-05-20 18:13:20,10.0,13.0,11.5,12.0,138.0,monthly,杭州,滨江,西兴,外商独资,500-999人,未知,技术,测试,软件测试
软件测试,9000-12000元,杭州·东新,杭州啦哩网络科技有限公司,20人以下,产业互联网平台,大专,经验不限,"功能测试, 自动化测试, Python",技术-测试-软件测试,2026-05-20 18:13:21,9.0,12.0,10.5,12.0,126.0,monthly,杭州,东新,,产业互联网平台,20人以下,未知,技术,测试,软件测试
软件测试,6000-11000元,杭州·拱墅·小河,杭州啦哩网络科技有限公司,20人以下,产业互联网平台,本科,1-3年,"功能测试, 系统测试",技术-测试-软件测试,2026-05-20 18:13:21,6.0,11.0,8.5,12.0,102.0,monthly,杭州,拱墅,小河,产业互联网平台,20人以下,未知,技术,测试,软件测试
软件测试助理工程师(RD41),7000-10000元,杭州·滨江·西兴,浙江宇视科技有限公司,民营,1000-9999人,本科,经验不限,"功能测试, 自动化测试, 系统测试",技术-测试-软件测试,2026-05-20 18:13:21,7.0,10.0,8.5,12.0,102.0,monthly,杭州,滨江,西兴,民营,1000-9999人,未知,技术,测试,软件测试
软件测试实习生（需线下面试-26 27届可投递）,180-190元/天,杭州·滨江·长河,软通动力信息技术(集团)股份有限公司,上市公司,10000人以上,本科,经验不限,"系统测试, 性能测试, 功能测试, Java, Postman, JIRA",技术-测试-软件测试,2026-05-20 18:13:21,3.92,4.13,4.02,12.0,48.28,daily,杭州,滨江,长河,上市公司,10000人以上,未知,技术,测试,软件测试
嵌入式硬件工程师,2-3.5万·13薪,杭州·拱墅·祥符,杭州路帆海工机器人科技有限公司,民营,100-299人,本科,5-10年,"单片机, ARM处理器, DSP",电子/通信/半导体-硬件开发-嵌入式硬件,2026-05-20 18:36:03,20.0,35.0,27.5,13.0,357.5,monthly,杭州,拱墅,祥符,民营,100-299人,未知,电子/通信/半导体,硬件开发,嵌入式硬件
奇瑞芜湖-嵌入式测试/算法测试/硬件测试/自动化测试,2-3万,杭州·余杭·仓前,智联猎头,其它,10000人以上,本科,5-10年,无,电子/通信/半导体-硬件开发-嵌入式硬件,2026-05-20 18:36:04,20.0,30.0,25.0,12.0,300.0,monthly,杭州,余杭,仓前,其它,10000人以上,未知,电子/通信/半导体,硬件开发,嵌入式硬件
嵌入式软件开发工程师（硬件多媒体方向）,2-3万,杭州·滨江·西兴,烟台睿创微纳技术股份有限公司,民营,1000-9999人,本科,1-3年,,电子/通信/半导体-硬件开发-嵌入式硬件,2026-05-20 18:36:04,20.0,30.0,25.0,12.0,300.0,monthly,杭州,滨江,西兴,民营,1000-9999人,未知,电子/通信/半导体,硬件开发,嵌入式硬件
嵌入式软件/硬件高级专家,2-2.8万·20薪,杭州·钱塘·前进,顾家家居,合资,10000人以上,本科,10年以上,"单片机, 蓝牙, 无刷电机, STM32",电子/通信/半导体-硬件开发-嵌入式硬件,2026-05-20 18:36:05,20.0,28.0,24.0,20.0,480.0,monthly,杭州,钱塘,前进,合资,10000人以上,未知,电子/通信/半导体,硬件开发,嵌入式硬件
嵌入式硬件工程师,1.8-2.8万,杭州·上城·九堡,无锡坦程物联网股份有限公司,股份制企业,20-99人,本科,5-10年,"毫米波雷达, 汽车电子",电子/通信/半导体-硬件开发-嵌入式硬件,2026-05-20 18:36:04,18.0,28.0,23.0,12.0,276.0,monthly,杭州,上城,九堡,股份制企业,20-99人,未知,电子/通信/半导体,硬件开发,嵌入式硬件
嵌入式硬件工程师,1.5-2.7万·15薪,杭州·钱塘·前进,顾家家居,合资,10000人以上,本科,5-10年,"单片机, PCB EDA, STM32, 智能家电",电子/通信/半导体-硬件开发-嵌入式硬件,2026-05-20 18:36:04,15.0,27.0,21.0,15.0,315.0,monthly,杭州,钱塘,前进,合资,10000人以上,未知,电子/通信/半导体,硬件开发,嵌入式硬件
嵌入式硬件工程师,1.5-2.2万,杭州·上城·南星,杭州易洋消防科技有限公司,民营,100-299人,本科,5-10年,,电子/通信/半导体-硬件开发-嵌入式硬件,2026-05-20 18:36:03,15.0,22.0,18.5,12.0,222.0,monthly,杭州,上城,南星,民营,100-299人,未知,电子/通信/半导体,硬件开发,嵌入式硬件
嵌入式硬件工程师,1.5-2万,杭州·富阳,杭州纬光生物技术有限公司,民营,20-99人,本科,3-5年,"ARM处理器, 32位单片机, C语言, Shell",电子/通信/半导体-硬件开发-嵌入式硬件,2026-05-20 18:36:04,15.0,20.0,17.5,12.0,210.0,monthly,杭州,富阳,,民营,20-99人,未知,电子/通信/半导体,硬件开发,嵌入式硬件
嵌入式硬件工程师,1.2-2万·14薪,杭州·钱塘·白杨,山东煜鑫工程安装有限公司,股份制企业,1000-9999人,本科,3-5年,,电子/通信/半导体-硬件开发-嵌入式硬件,2026-05-20 18:36:04,12.0,20.0,16.0,14.0,224.0,monthly,杭州,钱塘,白杨,股份制企业,1000-9999人,未知,电子/通信/半导体,硬件开发,嵌入式硬件
嵌入式硬件工程师,1.5-1.6万,杭州·余杭·五常,杭州仪控科技有限公司,民营,20-99人,本科,3-5年,,电子/通信/半导体-硬件开发-嵌入式硬件,2026-05-20 18:36:04,15.0,16.0,15.5,12.0,186.0,monthly,杭州,余杭,五常,民营,20-99人,未知,电子/通信/半导体,硬件开发,嵌入式硬件
嵌入式硬件开发工程师,1.1-1.5万,杭州·西湖·三墩,杭州取新智能科技有限公司,20人以下,物联网,本科,3-5年,"PCB设计, 元器件选型, 硬件工程师",电子/通信/半导体-硬件开发-嵌入式硬件,2026-05-20 18:36:03,11.0,15.0,13.0,12.0,156.0,monthly,杭州,西湖,三墩,物联网,20人以下,未知,电子/通信/半导体,硬件开发,嵌入式硬件
嵌入式硬件工程师,1-1.5万,杭州·桐庐·城南,浙江祺跃科技有限公司,其它,20-99人,本科,3-5年,,电子/通信/半导体-硬件开发-嵌入式硬件,2026-05-20 18:36:03,10.0,15.0,12.5,12.0,150.0,monthly,杭州,桐庐,城南,其它,20-99人,未知,电子/通信/半导体,硬件开发,嵌入式硬件
嵌入式硬件工程师,8000-16000元·13薪,杭州·西湖·三墩,杭州湖微科技有限公司,民营,20-99人,大专,1-3年,"单片机, 电路设计, 嵌入式硬件开发, 原理图设计, C语言",电子/通信/半导体-硬件开发-嵌入式硬件,2026-05-20 18:36:03,8.0,16.0,12.0,13.0,156.0,monthly,杭州,西湖,三墩,民营,20-99人,未知,电子/通信/半导体,硬件开发,嵌入式硬件
测试工程师（偏嵌入式、硬件类）,1-1.3万,杭州·滨江·西兴,上海杰艾企业管理咨询有限公司,外商独资,500-999人,本科,1-3年,"自动化测试, 视觉产品, 嵌入式硬件",电子/通信/半导体-硬件开发-嵌入式硬件,2026-05-20 18:36:03,10.0,13.0,11.5,12.0,138.0,monthly,杭州,滨江,西兴,外商独资,500-999人,未知,电子/通信/半导体,硬件开发,嵌入式硬件
测试工程师-嵌入式、硬件测试-知名公司,1-1.3万,杭州·滨江·西兴,上海杰艾企业管理咨询有限公司,外商独资,500-999人,本科,3-5年,"硬件测试, 嵌入式",电子/通信/半导体-硬件开发-嵌入式硬件,2026-05-20 18:36:04,10.0,13.0,11.5,12.0,138.0,monthly,杭州,滨江,西兴,外商独资,500-999人,未知,电子/通信/半导体,硬件开发,嵌入式硬件
测试工程师（偏硬件、嵌入式）,1-1.3万,杭州·滨江·西兴,上海杰艾企业管理咨询有限公司,外商独资,500-999人,本科,1-3年,"嵌入式, 相机测试, 相机",电子/通信/半导体-硬件开发-嵌入式硬件,2026-05-20 18:36:04,10.0,13.0,11.5,12.0,138.0,monthly,杭州,滨江,西兴,外商独资,500-999人,未知,电子/通信/半导体,硬件开发,嵌入式硬件
嵌入式硬件工程师,7000-14000元,杭州·临平·东湖,杭州骢稷科技有限公司,民营,20人以下,大专,1-3年,"嵌入式硬件开发, PCB设计, 电路设计, 单片机开发, ARM开发",电子/通信/半导体-硬件开发-嵌入式硬件,2026-05-20 18:36:04,7.0,14.0,10.5,12.0,126.0,monthly,杭州,临平,东湖,民营,20人以下,未知,电子/通信/半导体,硬件开发,嵌入式硬件
嵌入式硬件工程师（地铁口 五险一金）,8000-12000元,杭州·上城·小营,杭州寰悦科技有限公司,其它,20-99人,大专,1-3年,"ARM处理器, DSP, FPGA, 嵌入式系统设计, 项目管理",电子/通信/半导体-硬件开发-嵌入式硬件,2026-05-20 18:36:04,8.0,12.0,10.0,12.0,120.0,monthly,杭州,上城,小营,其它,20-99人,未知,电子/通信/半导体,硬件开发,嵌入式硬件
硬件工程师（大小周，13薪）,8000-10000元·13薪,杭州·上城·九堡,浙江陆恒环境科技有限公司,民营,100-299人,本科,1-3年,技术支持,电子/通信/半导体-硬件开发-嵌入式硬件,2026-05-20 18:36:05,8.0,10.0,9.0,13.0,117.0,monthly,杭州,上城,九堡,民营,100-299人,未知,电子/通信/半导体,硬件开发,嵌入式硬件
嵌入式硬件工程师,120-200元/天,杭州·钱塘·白杨,宁波英孚机器人有限公司,20人以下,工业自动化/机器人,本科,经验不限,"机械臂, 关节模组",电子/通信/半导体-硬件开发-嵌入式硬件,2026-05-20 18:36:03,2.61,4.35,3.48,12.0,41.76,daily,杭州,钱塘,白杨,工业自动化/机器人,20人以下,未知,电子/通信/半导体,硬件开发,嵌入式硬件
PCS硬件工程师（电控研究院）,2-4万,杭州·余杭·五常,浙江南都电源动力股份有限公司,其它,500-999人,本科,3-5年,"设计, PCB设计, ARM研发, DSP研发",电子/通信/半导体-硬件开发-硬件工程师,2026-05-20 18:36:54,20.0,40.0,30.0,12.0,360.0,monthly,杭州,余杭,五常,其它,500-999人,未知,电子/通信/半导体,硬件开发,硬件工程师
资深硬件工程师,1.8-3.5万·13薪,杭州·滨江·长河,台州皓星智能科技有限公司,民营,100-299人,本科,5-10年,,电子/通信/半导体-硬件开发-硬件工程师,2026-05-20 18:36:53,18.0,35.0,26.5,13.0,344.5,monthly,杭州,滨江,长河,民营,100-299人,未知,电子/通信/半导体,硬件开发,硬件工程师
高级硬件工程师,1.8-3万,杭州·余杭·五常,杭州固恒能源科技有限公司,民营,20-99人,本科,5-10年,"设计, 研发, 电路设计, PCB设计, 电力电子产品, 汽车电子产品",电子/通信/半导体-硬件开发-硬件工程师,2026-05-20 18:36:53,18.0,30.0,24.0,12.0,288.0,monthly,杭州,余杭,五常,民营,20-99人,未知,电子/通信/半导体,硬件开发,硬件工程师
光模块硬件工程师-未来产业技术研究院/光电融合团队(J10464),1.6-3万,杭州·萧山·宁围,浙江大学杭州国际科创中心,事业单位,500-999人,硕士,10年以上,设计,电子/通信/半导体-硬件开发-硬件工程师,2026-05-20 18:36:53,16.0,30.0,23.0,12.0,276.0,monthly,杭州,萧山,宁围,事业单位,500-999人,未知,电子/通信/半导体,硬件开发,硬件工程师
单板硬件工程师,1.5-3万·14薪,杭州·萧山·城厢,紫光华智,民营,500-999人,本科,1-3年,,电子/通信/半导体-硬件开发-硬件工程师,2026-05-20 18:36:53,15.0,30.0,22.5,14.0,315.0,monthly,杭州,萧山,城厢,民营,500-999人,未知,电子/通信/半导体,硬件开发,硬件工程师
硬件工程师,1.6-2.5万,杭州·余杭·良渚,杭州安旭生物科技股份有限公司,上市公司,500-999人,本科,3-5年,"设计, 硬件测试, 医疗仪器开发, 跨部门协作, 供应链管理",电子/通信/半导体-硬件开发-硬件工程师,2026-05-20 18:36:54,16.0,25.0,20.5,12.0,246.0,monthly,杭州,余杭,良渚,上市公司,500-999人,未知,电子/通信/半导体,硬件开发,硬件工程师
电子硬件工程师,1.5-2.5万,杭州·钱塘·白杨,永正传感(杭州)有限公司,外商独资,100-299人,本科,5-10年,设计,电子/通信/半导体-硬件开发-硬件工程师,2026-05-20 18:36:53,15.0,25.0,20.0,12.0,240.0,monthly,杭州,钱塘,白杨,外商独资,100-299人,未知,电子/通信/半导体,硬件开发,硬件工程师
硬件工程师,1-2万,杭州·钱塘·下沙,上海量欣科技有限公司,民营,20-99人,本科,3-5年,硬件工程师,电子/通信/半导体-硬件开发-硬件工程师,2026-05-20 18:36:54,10.0,20.0,15.0,12.0,180.0,monthly,杭州,钱塘,下沙,民营,20-99人,未知,电子/通信/半导体,硬件开发,硬件工程师
高级硬件工程师,1-2万,杭州·滨江·长河,杭州煦达新能源科技有限公司,100-299人,电力/水利/热力/燃气,本科,3-5年,"电源, 逆变器",电子/通信/半导体-硬件开发-硬件工程师,2026-05-20 18:36:54,10.0,20.0,15.0,12.0,180.0,monthly,杭州,滨江,长河,电力/水利/热力/燃气,100-299人,未知,电子/通信/半导体,硬件开发,硬件工程师
硬件工程师（机器人方向）,9000-18000元,杭州·西湖·三墩,浙江商达公用集团有限公司,国企,100-299人,本科,3-5年,"机器人设计, 机器人外观设计, 机器人电气设计, 机器人系统设计",电子/通信/半导体-硬件开发-硬件工程师,2026-05-20 18:36:54,9.0,18.0,13.5,12.0,162.0,monthly,杭州,西湖,三墩,国企,100-299人,未知,电子/通信/半导体,硬件开发,硬件工程师
嵌入式硬件工程师,1-1.5万,杭州·桐庐·城南,浙江祺跃科技有限公司,其它,20-99人,本科,3-5年,,电子/通信/半导体-硬件开发-硬件工程师,2026-05-20 18:36:53,10.0,15.0,12.5,12.0,150.0,monthly,杭州,桐庐,城南,其它,20-99人,未知,电子/通信/半导体,硬件开发,硬件工程师
硬件工程师,1-1.5万·14薪,杭州·滨江·西兴,正泰仪表,民营,1000-9999人,本科,3-5年,"PCB设计, 硬件设计, 原理图设计, 硬件测试, 器件选型",电子/通信/半导体-硬件开发-硬件工程师,2026-05-20 18:36:54,10.0,15.0,12.5,14.0,175.0,monthly,杭州,滨江,西兴,民营,1000-9999人,未知,电子/通信/半导体,硬件开发,硬件工程师
嵌入式硬件工程师,8000-16000元·13薪,杭州·西湖·三墩,杭州湖微科技有限公司,民营,20-99人,大专,1-3年,"单片机, 电路设计, 嵌入式硬件开发, 原理图设计, C语言",电子/通信/半导体-硬件开发-硬件工程师,2026-05-20 18:36:53,8.0,16.0,12.0,13.0,156.0,monthly,杭州,西湖,三墩,民营,20-99人,未知,电子/通信/半导体,硬件开发,硬件工程师
硬件工程师(职位编号：13),8000-12000元·13薪,杭州,杭州智源电子有限公司,民营,100-299人,本科,1-3年,"嵌入式硬件开发, 智能家居, 物联网产品",电子/通信/半导体-硬件开发-硬件工程师,2026-05-20 18:36:54,8.0,12.0,10.0,13.0,130.0,monthly,杭州,未知,,民营,100-299人,未知,电子/通信/半导体,硬件开发,硬件工程师
硬件工程师,8000-11000元,杭州·拱墅·祥符,武汉宏元数码科技有限公司,20-99人,软件/IT服务,大专,经验不限,"技术支持, 硬件运维管理, 硬件选型采购, 软硬件协同优化",电子/通信/半导体-硬件开发-硬件工程师,2026-05-20 18:36:53,8.0,11.0,9.5,12.0,114.0,monthly,杭州,拱墅,祥符,软件/IT服务,20-99人,未知,电子/通信/半导体,硬件开发,硬件工程师
硬件工程师,8000-11000元,杭州·滨江·浦沿,武汉宏元数码科技有限公司,20-99人,软件/IT服务,大专,经验不限,"技术支持, 硬件运维管理, 硬件选型采购, 软硬件协同优化",电子/通信/半导体-硬件开发-硬件工程师,2026-05-20 18:36:53,8.0,11.0,9.5,12.0,114.0,monthly,杭州,滨江,浦沿,软件/IT服务,20-99人,未知,电子/通信/半导体,硬件开发,硬件工程师
pcb硬件工程师,8000-11000元·14薪,杭州·西湖·三墩,集智股份,股份制企业,300-499人,本科,1-3年,"硬件测试, 单片机, PCB设计",电子/通信/半导体-硬件开发-硬件工程师,2026-05-20 18:36:53,8.0,11.0,9.5,14.0,133.0,monthly,杭州,西湖,三墩,股份制企业,300-499人,未知,电子/通信/半导体,硬件开发,硬件工程师
硬件工程师（大小周，13薪）,8000-10000元·13薪,杭州·上城·九堡,浙江陆恒环境科技有限公司,民营,100-299人,本科,1-3年,技术支持,电子/通信/半导体-硬件开发-硬件工程师,2026-05-20 18:36:53,8.0,10.0,9.0,13.0,117.0,monthly,杭州,上城,九堡,民营,100-299人,未知,电子/通信/半导体,硬件开发,硬件工程师
硬件工程师（初级）,8000-10000元,杭州·西湖·三墩,杭州晟行科技有限公司,民营,20-99人,本科,经验不限,"设计, 硬件测试, 技术支持, ARM研发, PCB设计, EMC设计",电子/通信/半导体-硬件开发-硬件工程师,2026-05-20 18:36:54,8.0,10.0,9.0,12.0,108.0,monthly,杭州,西湖,三墩,民营,20-99人,未知,电子/通信/半导体,硬件开发,硬件工程师
硬件工程师（双休+线上面）,7000-10000元,杭州·滨江·长河,软通动力信息技术(集团)股份有限公司,上市公司,10000人以上,本科,1-3年,"硬件测试, PCB, 硬件开发, 单板",电子/通信/半导体-硬件开发-硬件工程师,2026-05-20 18:36:54,7.0,10.0,8.5,12.0,102.0,monthly,杭州,滨江,长河,上市公司,10000人以上,未知,电子/通信/半导体,硬件开发,硬件工程师
通信工程项目经理,8000-16000元,杭州·西湖·三墩,中婺企集团有限公司,民营,100-299人,大专,5-10年,"通信项目管理, 移动通信",电子/通信/半导体-通信-数据通信工程师,2026-05-20 18:25:59,8.0,16.0,12.0,12.0,144.0,monthly,杭州,西湖,三墩,民营,100-299人,未知,电子/通信/半导体,通信,数据通信工程师
通信工程技术员,8000-12000元,杭州·西湖·翠苑,杭州博创电子工程有限公司,20人以下,工程施工,本科,3-5年,"本地网工程, 线路工程",电子/通信/半导体-通信-数据通信工程师,2026-05-20 18:25:59,8.0,12.0,10.0,12.0,120.0,monthly,杭州,西湖,翠苑,工程施工,20人以下,未知,电子/通信/半导体,通信,数据通信工程师
技术架构师 (MJ004945),2-3万,杭州·西湖·三墩,迪安诊断技术集团股份有限公司,上市公司,10000人以上,本科,5-10年,"Java, Python, 微服务架构, Vue, React, Spring, Mybatis",电子/通信/半导体-通信-通信技术工程师,2026-05-20 18:24:30,20.0,30.0,25.0,12.0,300.0,monthly,杭州,西湖,三墩,上市公司,10000人以上,未知,电子/通信/半导体,通信,通信技术工程师
电化学研发技术员（中高级）,1.4-1.8万,杭州·临安·青山湖,艾康生物技术（杭州）有限公司,外商独资,1000-9999人,硕士,3-5年,"电化学, 生物传感器, CGMS, 连续血糖监测",电子/通信/半导体-通信-通信技术工程师,2026-05-20 18:24:30,14.0,18.0,16.0,12.0,192.0,monthly,杭州,临安,青山湖,外商独资,1000-9999人,未知,电子/通信/半导体,通信,通信技术工程师
结构技术工程师,1.2-1.5万·15薪,杭州·钱塘·白杨,浙江可胜技术股份有限公司,民营,300-499人,本科,5-10年,混凝土结构,电子/通信/半导体-通信-通信技术工程师,2026-05-20 18:24:30,12.0,15.0,13.5,15.0,202.5,monthly,杭州,钱塘,白杨,民营,300-499人,未知,电子/通信/半导体,通信,通信技术工程师
CAE技术支持工程师,1.2-1.5万,杭州·上城·彭埠,赛玛特传动技术(北京)有限公司,外商独资,20-99人,硕士,1-3年,"结构仿真, NVH仿真, 力学仿真",电子/通信/半导体-通信-通信技术工程师,2026-05-20 18:24:30,12.0,15.0,13.5,12.0,162.0,monthly,杭州,上城,彭埠,外商独资,20-99人,未知,电子/通信/半导体,通信,通信技术工程师
高级技术工程师（ISCS、BAS、通信）,1-1.5万,杭州·滨江·长河,浙江中控信息产业股份有限公司,民营,1000-9999人,本科,3-5年,"轨道交通设计, 控制系统, 通信系统, 监控系统, 消防系统, 地铁",电子/通信/半导体-通信-通信技术工程师,2026-05-20 18:24:29,10.0,15.0,12.5,12.0,150.0,monthly,杭州,滨江,长河,民营,1000-9999人,未知,电子/通信/半导体,通信,通信技术工程师
海康汽车电子-产品技术支持-国内-杭州,1-1.5万,杭州·滨江·西兴,杭州海康威视数字技术股份有限公司,上市公司,10000人以上,本科,3-5年,,电子/通信/半导体-通信-通信技术工程师,2026-05-20 18:24:30,10.0,15.0,12.5,12.0,150.0,monthly,杭州,滨江,西兴,上市公司,10000人以上,未知,电子/通信/半导体,通信,通信技术工程师
诚聘电镀工,1-1.5万·13薪,杭州·临平·东湖,杭州科汀光学技术有限公司,股份制企业,300-499人,硕士,经验不限,镀膜工艺,电子/通信/半导体-通信-通信技术工程师,2026-05-20 18:24:40,10.0,15.0,12.5,13.0,162.5,monthly,杭州,临平,东湖,股份制企业,300-499人,未知,电子/通信/半导体,通信,通信技术工程师
检测实验室技术负责人,9000-15000元,杭州·临安·锦北,浙江锐翱检测技术服务有限公司,民营,20人以下,大专,10年以上,,电子/通信/半导体-通信-通信技术工程师,2026-05-20 18:24:30,9.0,15.0,12.0,12.0,144.0,monthly,杭州,临安,锦北,民营,20人以下,未知,电子/通信/半导体,通信,通信技术工程师
工程技术工程师,1-1.3万,杭州·西湖·古荡,山东华科信息技术有限公司,民营,300-499人,本科,1-3年,"电力运维, 电工进网作业许可证（低压）, 电工进网作业许可证（高压）",电子/通信/半导体-通信-通信技术工程师,2026-05-20 18:24:29,10.0,13.0,11.5,12.0,138.0,monthly,杭州,西湖,古荡,民营,300-499人,未知,电子/通信/半导体,通信,通信技术工程师
工程技术工程师（有证可免笔试）,8000-13000元,杭州·西湖·古荡,山东华科信息技术有限公司,民营,300-499人,本科,1-3年,"变电站, 高压、低压证",电子/通信/半导体-通信-通信技术工程师,2026-05-20 18:24:29,8.0,13.0,10.5,12.0,126.0,monthly,杭州,西湖,古荡,民营,300-499人,未知,电子/通信/半导体,通信,通信技术工程师
技术文档工程师,9000-12000元,杭州·滨江·长河,软通动力信息技术(集团)股份有限公司,上市公司,10000人以上,本科,1-3年,"资料管理, 技术文档, 资料",电子/通信/半导体-通信-通信技术工程师,2026-05-20 18:24:29,9.0,12.0,10.5,12.0,126.0,monthly,杭州,滨江,长河,上市公司,10000人以上,未知,电子/通信/半导体,通信,通信技术工程师
快诊调试技术员,8000-12000元,杭州·西湖·三墩,艾康生物技术（杭州）有限公司,外商独资,1000-9999人,本科,5-10年,"IVD, 调试技术, CE认证, FDA认证, ISO13485, 快诊",电子/通信/半导体-通信-通信技术工程师,2026-05-20 18:24:30,8.0,12.0,10.0,12.0,120.0,monthly,杭州,西湖,三墩,外商独资,1000-9999人,未知,电子/通信/半导体,通信,通信技术工程师
FAE现场技术支持-杭州,7000-12000元,杭州·滨江·长河,外企德科数字技术有限公司,合资,10000人以上,本科,1-3年,"Linux, C++, C语言",电子/通信/半导体-通信-通信技术工程师,2026-05-20 18:24:29,7.0,12.0,9.5,12.0,114.0,monthly,杭州,滨江,长河,合资,10000人以上,未知,电子/通信/半导体,通信,通信技术工程师
通信技术工程师（地铁口 五险一金）,8000-10000元,杭州·萧山·城厢,杭州寰悦科技有限公司,其它,20-99人,大专,1-3年,"无线通信, 研发, 系统级项目经验, 硬件调试与故障定位",电子/通信/半导体-通信-通信技术工程师,2026-05-20 18:24:29,8.0,10.0,9.0,12.0,108.0,monthly,杭州,萧山,城厢,其它,20-99人,未知,电子/通信/半导体,通信,通信技术工程师
通信技术工程师,7000-10000元,杭州·滨江·长河,北京中利恒优科技有限公司,民营,300-499人,大专,3-5年,"运维, 无线通信, 移动通信, 数据通信",电子/通信/半导体-通信-通信技术工程师,2026-05-20 18:24:28,7.0,10.0,8.5,12.0,102.0,monthly,杭州,滨江,长河,民营,300-499人,未知,电子/通信/半导体,通信,通信技术工程师
急招~初级技术开发（线上面试+反应快+易面过）,6000-10000元,杭州·上城·九堡,武汉焱亿昌信息技术有限公司,20-99人,软件/IT服务,本科,3-5年,"Sql, Python, Java, 数据仓库, 数据库开发, 数据治理",电子/通信/半导体-通信-通信技术工程师,2026-05-20 18:24:29,6.0,10.0,8.0,12.0,96.0,monthly,杭州,上城,九堡,软件/IT服务,20-99人,未知,电子/通信/半导体,通信,通信技术工程师
工艺技术员,7000-9000元,杭州·萧山·益农,浙江希瑞新材料技术有限公司,民营,300-499人,大专,1-3年,"涂布工艺, 表面处理工艺, 工艺改良",电子/通信/半导体-通信-通信技术工程师,2026-05-20 18:24:29,7.0,9.0,8.0,12.0,96.0,monthly,杭州,萧山,益农,民营,300-499人,未知,电子/通信/半导体,通信,通信技术工程师
诚聘CNC/数控操作-月入9000（步行10分钟内-空调）,7000-9000元,杭州·拱墅·康桥,杭州天桴光电技术有限公司,民营,100-299人,学历不限,经验不限,车床设备,电子/通信/半导体-通信-通信技术工程师,2026-05-20 18:24:30,7.0,9.0,8.0,12.0,96.0,monthly,杭州,拱墅,康桥,民营,100-299人,未知,电子/通信/半导体,通信,通信技术工程师
水产养殖技术专员/驻场技术员,6000-10000元,杭州·西湖·三墩,杭州尚亚赛生物技术有限公司,民营,20-99人,大专,经验不限,"水产, 鱼类, 虾类, 水产养殖, 技术专员",电子/通信/半导体-通信-通信技术工程师,2026-05-20 18:24:40,6.0,10.0,8.0,12.0,96.0,monthly,杭州,西湖,三墩,民营,20-99人,未知,电子/通信/半导体,通信,通信技术工程师
诚聘技工 五险一金,5000-6000元,杭州·拱墅·小河,杭州杰创电器技术有限公司,民营,20人以下,大专,1-3年,"五险一金, 法定节假日休",电子/通信/半导体-通信-通信技术工程师,2026-05-20 18:24:29,5.0,6.0,5.5,12.0,66.0,monthly,杭州,拱墅,小河,民营,20人以下,未知,电子/通信/半导体,通信,通信技术工程师
配制技术员,5000-6000元,杭州·钱塘·白杨,杭州澳亚生物技术股份有限公司,民营,300-499人,大专,经验不限,"生产技术, GMP认证",电子/通信/半导体-通信-通信技术工程师,2026-05-20 18:24:29,5.0,6.0,5.5,12.0,66.0,monthly,杭州,钱塘,白杨,民营,300-499人,未知,电子/通信/半导体,通信,通信技术工程师
无人机通信工程师,1.2-1.8万,杭州·上城·九堡,河南源达智能科技有限公司,民营,100-299人,本科,3-5年,"无人机研发, 无人机控制算法, 无人机飞控系统, 无人机控制系统",电子/通信/半导体-通信-通信研发工程师,2026-05-20 18:25:16,12.0,18.0,15.0,12.0,180.0,monthly,杭州,上城,九堡,民营,100-299人,未知,电子/通信/半导体,通信,通信研发工程师
通信技术负责人（台州/杭州-轨道交通）,1-1.5万,杭州·滨江·长河,浙江中控信息产业股份有限公司,民营,1000-9999人,本科,3-5年,"专用通信, 地铁, 公安通信",电子/通信/半导体-通信-通信研发工程师,2026-05-20 18:25:16,10.0,15.0,12.5,12.0,150.0,monthly,杭州,滨江,长河,民营,1000-9999人,未知,电子/通信/半导体,通信,通信研发工程师
数通售后工程师,8000-15000元·14薪,杭州·滨江·长河,杭州亮通网络工程有限公司,民营,100-299人,大专,1-3年,"HCIE, 蓝牙/Wi-Fi, 数据通信",电子/通信/半导体-通信-通信研发工程师,2026-05-20 18:25:16,8.0,15.0,11.5,14.0,161.0,monthly,杭州,滨江,长河,民营,100-299人,未知,电子/通信/半导体,通信,通信研发工程师
通信工程技术员,8000-12000元,杭州·西湖·翠苑,杭州博创电子工程有限公司,20人以下,工程施工,本科,3-5年,"本地网工程, 线路工程",电子/通信/半导体-通信-通信研发工程师,2026-05-20 18:25:16,8.0,12.0,10.0,12.0,120.0,monthly,杭州,西湖,翠苑,工程施工,20人以下,未知,电子/通信/半导体,通信,通信研发工程师
通信技术工程师（地铁口 五险一金）,8000-10000元,杭州·萧山·城厢,杭州寰悦科技有限公司,其它,20-99人,大专,1-3年,"无线通信, 研发, 系统级项目经验, 硬件调试与故障定位",电子/通信/半导体-通信-通信研发工程师,2026-05-20 18:25:16,8.0,10.0,9.0,12.0,108.0,monthly,杭州,萧山,城厢,其它,20-99人,未知,电子/通信/半导体,通信,通信研发工程师
通信技术工程师,7000-10000元,杭州·滨江·长河,北京中利恒优科技有限公司,民营,300-499人,大专,3-5年,"运维, 无线通信, 移动通信, 数据通信",电子/通信/半导体-通信-通信研发工程师,2026-05-20 18:25:16,7.0,10.0,8.5,12.0,102.0,monthly,杭州,滨江,长河,民营,300-499人,未知,电子/通信/半导体,通信,通信研发工程师
深信服技术专岗,7000-9000元·14薪,杭州·拱墅·祥符,浙江浙大网新图灵信息科技有限公司,股份制企业,500-999人,大专,3-5年,"运维, 硬件/设备运维, 深信服, 云计算",电子/通信/半导体-通信-通信研发工程师,2026-05-20 18:25:16,7.0,9.0,8.0,14.0,112.0,monthly,杭州,拱墅,祥符,股份制企业,500-999人,未知,电子/通信/半导体,通信,通信研发工程师
无线通信工程师,4000-8000元,杭州·滨江·西兴,深圳市知瑾羽贸易实业有限公司,20-99人,软件/IT服务,大专,1-3年,"蓝牙/Wi-Fi, 通信算法",电子/通信/半导体-通信-通信研发工程师,2026-05-20 18:25:16,4.0,8.0,6.0,12.0,72.0,monthly,杭州,滨江,西兴,软件/IT服务,20-99人,未知,电子/通信/半导体,通信,通信研发工程师
通信实习生,100-150元/天,杭州·滨江·长河,浙江友华数智方舟科技有限公司,民营,1000-9999人,大专,经验不限,移动通信,电子/通信/半导体-通信-通信研发工程师,2026-05-20 18:25:16,2.17,3.26,2.72,12.0,32.62,daily,杭州,滨江,长河,民营,1000-9999人,未知,电子/通信/半导体,通信,通信研发工程师
通信设计师,面议,杭州·上城·彭埠,江苏基久网络科技有限公司南京分公司,民营,1000-9999人,大专,1-3年,"无线通信, 数据通信, 电力通信",电子/通信/半导体-通信-通信研发工程师,2026-05-20 18:25:16,,,,,,negotiable,杭州,上城,彭埠,民营,1000-9999人,未知,电子/通信/半导体,通信,通信研发工程师
ai产品经理,2-3万·14薪,深圳·坪山·坪山街道,中建钢构股份有限公司,国企,1000-9999人,本科,3-5年,,产品-互联网产品经理-AI产品经理,2026-05-20 18:47:13,20.0,30.0,25.0,14.0,350.0,monthly,深圳,坪山,坪山街道,国企,1000-9999人,未知,产品,互联网产品经理,AI产品经理
ai产品经理,1.6-3万·13薪,深圳·南山·南山,机械之家,民营,300-499人,本科,5-10年,保险电销团队,产品-互联网产品经理-AI产品经理,2026-05-20 18:47:15,16.0,30.0,23.0,13.0,299.0,monthly,深圳,南山,南山,民营,300-499人,未知,产品,互联网产品经理,AI产品经理
AI产品经理,1.5-3万,深圳·福田·梅林,小雨伞保险经纪有限公司,民营,500-999人,本科,3-5年,AICODING,产品-互联网产品经理-AI产品经理,2026-05-20 18:47:13,15.0,30.0,22.5,12.0,270.0,monthly,深圳,福田,梅林,民营,500-999人,未知,产品,互联网产品经理,AI产品经理
高级ai产品经理,1.5-3万,深圳·福田·福田街道,天津建设发展集团股份公司,股份制企业,100-299人,本科,3-5年,,产品-互联网产品经理-AI产品经理,2026-05-20 18:47:13,15.0,30.0,22.5,12.0,270.0,monthly,深圳,福田,福田街道,股份制企业,100-299人,未知,产品,互联网产品经理,AI产品经理
ai产品经理（百万薪酬诚聘英才）,1.5-3万,深圳·南山·桃源,深圳市睿盟创新生物科技有限公司,民营,20-99人,本科,经验不限,"大模型, 知识图谱, 智能问答, NLP, 智能医疗",产品-互联网产品经理-AI产品经理,2026-05-20 18:47:14,15.0,30.0,22.5,12.0,270.0,monthly,深圳,南山,桃源,民营,20-99人,未知,产品,互联网产品经理,AI产品经理
ai产品经理,2-2.5万,深圳·龙华·龙华,能信安科技,股份制企业,100-299人,本科,3-5年,大模型,产品-互联网产品经理-AI产品经理,2026-05-20 18:47:14,20.0,25.0,22.5,12.0,270.0,monthly,深圳,龙华,龙华,股份制企业,100-299人,未知,产品,互联网产品经理,AI产品经理
AI产品经理,1.5-3万,深圳·宝安·航城,深圳轻喜到家科技有限公司,民营,10000人以上,本科,3-5年,"大模型, 智能客服, 推荐",产品-互联网产品经理-AI产品经理,2026-05-20 18:47:15,15.0,30.0,22.5,12.0,270.0,monthly,深圳,宝安,航城,民营,10000人以上,未知,产品,互联网产品经理,AI产品经理
ai产品经理,1.8-2.5万,深圳·福田·福田街道,京北方,民营,10000人以上,本科,5-10年,"NLP, 大模型, 推荐, 知识图谱, AI产品经理",产品-互联网产品经理-AI产品经理,2026-05-20 18:47:14,18.0,25.0,21.5,12.0,258.0,monthly,深圳,福田,福田街道,民营,10000人以上,未知,产品,互联网产品经理,AI产品经理
AI产品经理-中山机会,1.8-2.4万,深圳·南山·桃源,深圳建广数字科技有限公司青岛分公司,民营,20人以下,本科,5-10年,"大模型, NLP, 智能家居, 智能穿戴, 中山大厂项目, 远程面试",产品-互联网产品经理-AI产品经理,2026-05-20 18:47:15,18.0,24.0,21.0,12.0,252.0,monthly,深圳,南山,桃源,民营,20人以下,未知,产品,互联网产品经理,AI产品经理
保险AI产品经理,1.5-2.5万,深圳·南山·粤海,乐橙保险代理有限公司,港澳台公司,100-299人,本科,1-3年,,产品-互联网产品经理-AI产品经理,2026-05-20 18:47:14,15.0,25.0,20.0,12.0,240.0,monthly,深圳,南山,粤海,港澳台公司,100-299人,未知,产品,互联网产品经理,AI产品经理
AI产品经理（保险方向）,1.5-2.5万,深圳·南山·粤海,乐橙保险代理有限公司,港澳台公司,100-299人,大专,3-5年,,产品-互联网产品经理-AI产品经理,2026-05-20 18:47:14,15.0,25.0,20.0,12.0,240.0,monthly,深圳,南山,粤海,港澳台公司,100-299人,未知,产品,互联网产品经理,AI产品经理
ai产品经理,1.6-2.3万,深圳·龙岗·坂田,货拉拉,民营,10000人以上,本科,3-5年,,产品-互联网产品经理-AI产品经理,2026-05-20 18:47:14,16.0,23.0,19.5,12.0,234.0,monthly,深圳,龙岗,坂田,民营,10000人以上,未知,产品,互联网产品经理,AI产品经理
ai产品经理,1.6-2万,深圳·福田·莲花,彩讯科技股份有限公司,上市公司,1000-9999人,本科,3-5年,"B端, 智能体",产品-互联网产品经理-AI产品经理,2026-05-20 18:47:14,16.0,20.0,18.0,12.0,216.0,monthly,深圳,福田,莲花,上市公司,1000-9999人,未知,产品,互联网产品经理,AI产品经理
ai产品经理,1.5-1.7万,深圳·福田·福田街道,深圳市法本信息技术股份有限公司,上市公司,1000-9999人,本科,5-10年,"NLP, 大模型",产品-互联网产品经理-AI产品经理,2026-05-20 18:47:14,15.0,17.0,16.0,12.0,192.0,monthly,深圳,福田,福田街道,上市公司,1000-9999人,未知,产品,互联网产品经理,AI产品经理
AI产品经理,1.2-2万,深圳·南山·粤海,深圳迅策科技股份有限公司,上市公司,500-999人,本科,3-5年,AI产品经理,产品-互联网产品经理-AI产品经理,2026-05-20 18:47:15,12.0,20.0,16.0,12.0,192.0,monthly,深圳,南山,粤海,上市公司,500-999人,未知,产品,互联网产品经理,AI产品经理
AI产品经理-薪资18k以内-双休六险一金-头部企业,1.1-1.8万,深圳·龙岗·坂田,郑州联创优聘信息科技有限公司,民营,20-99人,本科,3-5年,"大模型, AGENT",产品-互联网产品经理-AI产品经理,2026-05-20 18:47:14,11.0,18.0,14.5,12.0,174.0,monthly,深圳,龙岗,坂田,民营,20-99人,未知,产品,互联网产品经理,AI产品经理
AI 产品经理,1-1.5万,深圳·福田·福田街道,广信通信,国企,1000-9999人,本科,3-5年,"大模型, 智能客服, 智能语音",产品-互联网产品经理-AI产品经理,2026-05-20 18:47:14,10.0,15.0,12.5,12.0,150.0,monthly,深圳,福田,福田街道,国企,1000-9999人,未知,产品,互联网产品经理,AI产品经理
AI产品经理-头部大厂-双休六险一金-18k以内,1-1.4万,深圳·龙岗·坂田,郑州联创优聘信息科技有限公司,民营,20-99人,本科,1-3年,"AI AGENT, 国内外电商、APP AI能力建设, 营销服2C/2B产品",产品-互联网产品经理-AI产品经理,2026-05-20 18:47:14,10.0,14.0,12.0,12.0,144.0,monthly,深圳,龙岗,坂田,民营,20-99人,未知,产品,互联网产品经理,AI产品经理
AI产品经理/月薪10K+/一档社保/双休,8000-14000元·13薪,深圳·南山·南山,深圳市芯聚网络科技有限公司,民营,100-299人,本科,1-3年,"智能语音, 大模型, AI产品",产品-互联网产品经理-AI产品经理,2026-05-20 18:47:13,8.0,14.0,11.0,13.0,143.0,monthly,深圳,南山,南山,民营,100-299人,未知,产品,互联网产品经理,AI产品经理
AI产品经理,7000-14000元,深圳·南山·粤海,鹏劳人力,国企,100-299人,本科,1-3年,,产品-互联网产品经理-AI产品经理,2026-05-20 18:47:14,7.0,14.0,10.5,12.0,126.0,monthly,深圳,南山,粤海,国企,100-299人,未知,产品,互联网产品经理,AI产品经理
电商产品经理,2-3.5万·13薪,深圳·龙岗·坂田,深圳市泽锦实业有限公司,民营,100-299人,大专,3-5年,"海外产品, 跨境产品, 商业产品, 市场调研, 产品规划, 需求分析",产品-互联网产品经理-电商产品经理,2026-05-20 18:46:23,20.0,35.0,27.5,13.0,357.5,monthly,深圳,龙岗,坂田,民营,100-299人,未知,产品,互联网产品经理,电商产品经理
亚马逊/跨境电商产品经理（吸尘器、洗地机等环境类健康电器方向）,2-3万,深圳·龙岗·平湖,河南寰中网络科技有限公司,股份制企业,100-299人,大专,3-5年,"海外产品, 吸尘器, 洗地机, 空气净化器, 亚马逊, 电动拖把",产品-互联网产品经理-电商产品经理,2026-05-20 18:46:23,20.0,30.0,25.0,12.0,300.0,monthly,深圳,龙岗,平湖,股份制企业,100-299人,未知,产品,互联网产品经理,电商产品经理
产品开发经理,2-3万,深圳·龙华·龙华,深圳市艾姆诗电商股份有限公司,民营,500-999人,大专,5-10年,"产品经理, 亚马逊产品开发, 大件",产品-互联网产品经理-电商产品经理,2026-05-20 18:46:24,20.0,30.0,25.0,12.0,300.0,monthly,深圳,龙华,龙华,民营,500-999人,未知,产品,互联网产品经理,电商产品经理
跨境电商产品经理（园林、电动工具方向）,1.8-2.8万,深圳·龙华·民治,浙江亚特电器股份有限公司,民营,1000-9999人,大专,3-5年,"TO C, 园林工具, 电动工具",产品-互联网产品经理-电商产品经理,2026-05-20 18:46:23,18.0,28.0,23.0,12.0,276.0,monthly,深圳,龙华,民治,民营,1000-9999人,未知,产品,互联网产品经理,电商产品经理
产品经理（家具/电商）,1.5-3万·14薪,深圳·龙岗·坂田,临沂昂晟电子商务有限公司,民营,500-999人,本科,3-5年,"直播产品, 市场调研, TO C",产品-互联网产品经理-电商产品经理,2026-05-20 18:46:24,15.0,30.0,22.5,14.0,315.0,monthly,深圳,龙岗,坂田,民营,500-999人,未知,产品,互联网产品经理,电商产品经理
跨境电商产品经理,1.8-2.5万,深圳·龙华·民治,深圳市比苛科技有限公司,民营,300-499人,本科,5-10年,"海外产品, 市场调研, 产品规划, 需求分析, 项目管理, 数据分析",产品-互联网产品经理-电商产品经理,2026-05-20 18:46:24,18.0,25.0,21.5,12.0,258.0,monthly,深圳,龙华,民治,民营,300-499人,未知,产品,互联网产品经理,电商产品经理
电商产品经理,2-2.2万,深圳·宝安·航城,深圳市向明科技有限公司,民营,20人以下,大专,5-10年,,产品-互联网产品经理-电商产品经理,2026-05-20 18:46:23,20.0,22.0,21.0,12.0,252.0,monthly,深圳,宝安,航城,民营,20人以下,未知,产品,互联网产品经理,电商产品经理
产品经理（线上面试＋电商）,2-2.2万,深圳·南山·西丽,深圳市法本信息技术股份有限公司,上市公司,1000-9999人,大专,5-10年,"TO C, Axure, 电商",产品-互联网产品经理-电商产品经理,2026-05-20 18:46:24,20.0,22.0,21.0,12.0,252.0,monthly,深圳,南山,西丽,上市公司,1000-9999人,未知,产品,互联网产品经理,电商产品经理
电商产品经理,1.5-2.5万,深圳·龙岗·坂田,长春智可及贸易有限公司,100-299人,互联网电商,本科,经验不限,,产品-互联网产品经理-电商产品经理,2026-05-20 18:46:23,15.0,25.0,20.0,12.0,240.0,monthly,深圳,龙岗,坂田,互联网电商,100-299人,未知,产品,互联网产品经理,电商产品经理
跨境电商产品经理（短期半年）,1.5-2.5万,深圳·龙华·大浪,大连君彩科技有限公司,民营,20-99人,大专,5-10年,"Axure, TO B, OMS, WMS, TMS, 跨境电商",产品-互联网产品经理-电商产品经理,2026-05-20 18:46:23,15.0,25.0,20.0,12.0,240.0,monthly,深圳,龙华,大浪,民营,20-99人,未知,产品,互联网产品经理,电商产品经理
跨境物流高级产品经理,1.5-2.5万,深圳·龙岗·坂田,深圳市京华达跨境电商物流有限公司,民营,20-99人,学历不限,3-5年,"跨境物流, 物流线路开发",产品-互联网产品经理-电商产品经理,2026-05-20 18:46:24,15.0,25.0,20.0,12.0,240.0,monthly,深圳,龙岗,坂田,民营,20-99人,未知,产品,互联网产品经理,电商产品经理
跨境电商产品经理,1.5-2万,深圳·龙华·龙华,深圳市恒博国际发展有限公司,民营,10000人以上,大专,3-5年,"海外产品, 产品规划",产品-互联网产品经理-电商产品经理,2026-05-20 18:46:23,15.0,20.0,17.5,12.0,210.0,monthly,深圳,龙华,龙华,民营,10000人以上,未知,产品,互联网产品经理,电商产品经理
跨境电商产品经理,1.2-2万,深圳·南山·桃源,深圳市粤宁空间设计有限公司,20-99人,装饰装修,大专,3-5年,,产品-互联网产品经理-电商产品经理,2026-05-20 18:46:23,12.0,20.0,16.0,12.0,192.0,monthly,深圳,南山,桃源,装饰装修,20-99人,未知,产品,互联网产品经理,电商产品经理
产品经理（跨境电商）,1.2-1.8万,深圳·龙岗·平湖,深圳市莫比未来创新技术有限公司,20-99人,互联网电商,本科,3-5年,"户外代步车, 滑板车, 市场调研, 产品规划, 需求分析",产品-互联网产品经理-电商产品经理,2026-05-20 18:46:24,12.0,18.0,15.0,12.0,180.0,monthly,深圳,龙岗,平湖,互联网电商,20-99人,未知,产品,互联网产品经理,电商产品经理
计算机周边产品经理-跨境电商方向,1-2万,深圳·龙华·龙华,沈阳逐世贸易有限公司,民营,20-99人,本科,3-5年,"消费电子, 跨境电商, 产品经理, 硬件产品经理, 3C数码",产品-互联网产品经理-电商产品经理,2026-05-20 18:46:24,10.0,20.0,15.0,12.0,180.0,monthly,深圳,龙华,龙华,民营,20-99人,未知,产品,互联网产品经理,电商产品经理
跨境电商产品经理 （小家电）,1-1.8万,深圳·宝安·福永,深圳市君领创电子科技有限公司,民营,20人以下,本科,3-5年,,产品-互联网产品经理-电商产品经理,2026-05-20 18:46:24,10.0,18.0,14.0,12.0,168.0,monthly,深圳,宝安,福永,民营,20人以下,未知,产品,互联网产品经理,电商产品经理
跨境电商产品经理,1-1.5万·13薪,深圳·宝安·西乡,深圳派瑞医疗股份有限公司,股份制企业,100-299人,本科,1-3年,"跨境电商, 口腔医疗, 市场调研, 需求分析",产品-互联网产品经理-电商产品经理,2026-05-20 18:46:23,10.0,15.0,12.5,13.0,162.5,monthly,深圳,宝安,西乡,股份制企业,100-299人,未知,产品,互联网产品经理,电商产品经理
产品经理（数码）,1-1.5万·13薪,深圳·南山·粤海,四川长虹佳华信息产品有限责任公司,国企,1000-9999人,大专,3-5年,"渠道管理, 数码",产品-互联网产品经理-电商产品经理,2026-05-20 18:46:24,10.0,15.0,12.5,13.0,162.5,monthly,深圳,南山,粤海,国企,1000-9999人,未知,产品,互联网产品经理,电商产品经理
跨境电商产品经理,8000-10000元,深圳·龙岗·平湖,深圳市晶凯斯科技有限公司,民营,20-99人,本科,1-3年,"市场调研, 产品规划, 需求分析, 项目管理, 产品/版本迭代",产品-互联网产品经理-电商产品经理,2026-05-20 18:46:23,8.0,10.0,9.0,12.0,108.0,monthly,深圳,龙岗,平湖,民营,20-99人,未知,产品,互联网产品经理,电商产品经理
亚马逊跨境电商产品经理,150-200元/天,深圳·罗湖·笋岗,深圳市久阶网络科技有限公司,民营,20人以下,本科,经验不限,"商业产品, 市场调研, 产品规划, 产品设计",产品-互联网产品经理-电商产品经理,2026-05-20 18:46:24,3.26,4.35,3.81,12.0,45.67,daily,深圳,罗湖,笋岗,民营,20人以下,未知,产品,互联网产品经理,电商产品经理
高级软件产品经理,2-4万,深圳·南山·粤海,深圳市永达电子信息股份有限公司,民营,100-299人,本科,5-10年,"B端产品, 敏捷开发, 产品规划",产品-互联网产品经理-软件产品经理,2026-05-20 18:45:35,20.0,40.0,30.0,12.0,360.0,monthly,深圳,南山,粤海,民营,100-299人,未知,产品,互联网产品经理,软件产品经理
软件产品经理,1.8-3.5万,深圳·南山·粤海,深圳市先创数字技术有限公司,民营,100-299人,本科,5-10年,"大数据平台, 低代码平台",产品-互联网产品经理-软件产品经理,2026-05-20 18:45:35,18.0,35.0,26.5,12.0,318.0,monthly,深圳,南山,粤海,民营,100-299人,未知,产品,互联网产品经理,软件产品经理
软件产品经理（英语口语流利）,1.6-2.8万,深圳·南山·西丽,深圳诺博医疗科技有限公司,民营,300-499人,本科,5-10年,"HIS系统, B端产品, 物联网, 智慧医疗",产品-互联网产品经理-软件产品经理,2026-05-20 18:45:36,16.0,28.0,22.0,12.0,264.0,monthly,深圳,南山,西丽,民营,300-499人,未知,产品,互联网产品经理,软件产品经理
软件产品经理（中高级）,1.5-2.8万,深圳·南山·西丽,深圳诺博医疗科技有限公司,民营,300-499人,本科,5-10年,"ERP系统, HIS系统, B端产品, PC端产品, 物联网, 智慧医疗",产品-互联网产品经理-软件产品经理,2026-05-20 18:45:36,15.0,28.0,21.5,12.0,258.0,monthly,深圳,南山,西丽,民营,300-499人,未知,产品,互联网产品经理,软件产品经理
高级软件产品经理,1.5-2.8万,深圳·南山·西丽,深圳诺博医疗科技有限公司,民营,300-499人,本科,5-10年,"B端产品, HIS系统, SPD",产品-互联网产品经理-软件产品经理,2026-05-20 18:45:37,15.0,28.0,21.5,12.0,258.0,monthly,深圳,南山,西丽,民营,300-499人,未知,产品,互联网产品经理,软件产品经理
软件产品经理,1.5-2万·13薪,深圳·龙岗·龙城,山东同人数据智能有限公司,民营,20-99人,本科,1-3年,"B端产品, 存储相关",产品-互联网产品经理-软件产品经理,2026-05-20 18:45:36,15.0,20.0,17.5,13.0,227.5,monthly,深圳,龙岗,龙城,民营,20-99人,未知,产品,互联网产品经理,软件产品经理
（北京/深圳/广州）资产管理系统产品经理-运营方向,1.5-2万,深圳·龙岗·南湾,东华软件股份公司,上市公司,1000-9999人,本科,5-10年,资产管理运营,产品-互联网产品经理-软件产品经理,2026-05-20 18:45:36,15.0,20.0,17.5,12.0,210.0,monthly,深圳,龙岗,南湾,上市公司,1000-9999人,未知,产品,互联网产品经理,软件产品经理
产品经理,1.5-2万,深圳·南山·粤海,深圳市思源计算机软件股份有限公司,上市公司,100-299人,本科,5-10年,,产品-互联网产品经理-软件产品经理,2026-05-20 18:45:37,15.0,20.0,17.5,12.0,210.0,monthly,深圳,南山,粤海,上市公司,100-299人,未知,产品,互联网产品经理,软件产品经理
软件产品经理,1.4-1.7万,深圳·福田·莲花,深圳市法本信息技术股份有限公司,上市公司,1000-9999人,本科,3-5年,"CRM系统, ERP系统, 交通出行产品, 运输",产品-互联网产品经理-软件产品经理,2026-05-20 18:45:36,14.0,17.0,15.5,12.0,186.0,monthly,深圳,福田,莲花,上市公司,1000-9999人,未知,产品,互联网产品经理,软件产品经理
软件产品经理,1.2-1.8万,深圳·龙岗·坂田,深圳市犀云科技有限公司,民营,100-299人,本科,3-5年,物联网,产品-互联网产品经理-软件产品经理,2026-05-20 18:45:35,12.0,18.0,15.0,12.0,180.0,monthly,深圳,龙岗,坂田,民营,100-299人,未知,产品,互联网产品经理,软件产品经理
金融产品经理,1.4-1.6万,深圳·福田·福田街道,深圳市紫川软件有限公司,民营,500-999人,本科,3-5年,前中后台流程,产品-互联网产品经理-软件产品经理,2026-05-20 18:45:37,14.0,16.0,15.0,12.0,180.0,monthly,深圳,福田,福田街道,民营,500-999人,未知,产品,互联网产品经理,软件产品经理
产品经理,1.3-1.7万,深圳·福田·福田街道,深圳市紫川软件有限公司,民营,500-999人,本科,3-5年,信贷,产品-互联网产品经理-软件产品经理,2026-05-20 18:45:37,13.0,17.0,15.0,12.0,180.0,monthly,深圳,福田,福田街道,民营,500-999人,未知,产品,互联网产品经理,软件产品经理
中级产品经理,1.3-1.6万,深圳·福田·沙头,深圳易宝软件有限公司,上市公司,1000-9999人,本科,5-10年,"智慧服务, 智慧城市",产品-互联网产品经理-软件产品经理,2026-05-20 18:45:37,13.0,16.0,14.5,12.0,174.0,monthly,深圳,福田,沙头,上市公司,1000-9999人,未知,产品,互联网产品经理,软件产品经理
ERP软件产品经理,1-1.8万,深圳·南山·粤海,青岛汇信互联技术有限公司,民营,20-99人,本科,3-5年,"CRM系统, ERP系统, B端产品",产品-互联网产品经理-软件产品经理,2026-05-20 18:45:35,10.0,18.0,14.0,12.0,168.0,monthly,深圳,南山,粤海,民营,20-99人,未知,产品,互联网产品经理,软件产品经理
产品经理（G端产品+国企外包+长期项目）,1-1.6万,深圳·福田·沙头,深圳易宝软件有限公司,上市公司,1000-9999人,本科,3-5年,"G端产品, 智慧城市, 智慧社区, 智慧园区, 数字孪生, GIS产品",产品-互联网产品经理-软件产品经理,2026-05-20 18:45:36,10.0,16.0,13.0,12.0,156.0,monthly,深圳,福田,沙头,上市公司,1000-9999人,未知,产品,互联网产品经理,软件产品经理
软件产品经理（B端. IoT/工业数字化/智慧城市方向）,1-1.5万,深圳·龙岗·南湾,深圳市讯鹏科技有限公司,民营,100-299人,本科,1-3年,"MES系统, B端产品, 智慧城市",产品-互联网产品经理-软件产品经理,2026-05-20 18:45:35,10.0,15.0,12.5,12.0,150.0,monthly,深圳,龙岗,南湾,民营,100-299人,未知,产品,互联网产品经理,软件产品经理
软件开发产品经理,1-1.5万,深圳·光明·光明街道,深圳市大光网络科技有限公司,民营,20-99人,学历不限,3-5年,"产品设计, 项目管理, 需求分析, 产品规划, 用户研究, Axure",产品-互联网产品经理-软件产品经理,2026-05-20 18:45:36,10.0,15.0,12.5,12.0,150.0,monthly,深圳,光明,光明街道,民营,20-99人,未知,产品,互联网产品经理,软件产品经理
产品经理（数码）,1-1.5万·13薪,深圳·南山·粤海,四川长虹佳华信息产品有限责任公司,国企,1000-9999人,大专,3-5年,"渠道管理, 数码",产品-互联网产品经理-软件产品经理,2026-05-20 18:45:37,10.0,15.0,12.5,13.0,162.5,monthly,深圳,南山,粤海,国企,1000-9999人,未知,产品,互联网产品经理,软件产品经理
软件产品经理,6000-12000元,深圳·龙华·福城,中农华牧集团股份有限公司,股份制企业,100-299人,本科,1-3年,"PC端产品, 移动端产品, 前台产品, 后台产品, 小程序产品",产品-互联网产品经理-软件产品经理,2026-05-20 18:45:36,6.0,12.0,9.0,12.0,108.0,monthly,深圳,龙华,福城,股份制企业,100-299人,未知,产品,互联网产品经理,软件产品经理
软件产品经理,面议,深圳·宝安·福海,江苏基久网络科技有限公司南京分公司,民营,1000-9999人,本科,3-5年,"B端产品, C端产品, 移动端产品, PC端产品",产品-互联网产品经理-软件产品经理,2026-05-20 18:45:36,,,,,,negotiable,深圳,宝安,福海,民营,1000-9999人,未知,产品,互联网产品经理,软件产品经理
机器人学习工程师,3-6万,深圳·南山·粤海,深圳市杰普特光电股份有限公司,上市公司,1000-9999人,博士,1-3年,"模型训练, 跨模态学习",技术-人工智能/算法-机器学习,2026-05-20 17:53:27,30.0,60.0,45.0,12.0,540.0,monthly,深圳,南山,粤海,上市公司,1000-9999人,未知,技术,人工智能/算法,机器学习
量子机器学习算法工程师,3-5万,深圳·福田·福保,深圳量旋科技有限公司,合资,100-299人,硕士,3-5年,,技术-人工智能/算法-机器学习,2026-05-20 17:53:27,30.0,50.0,40.0,12.0,480.0,monthly,深圳,福田,福保,合资,100-299人,未知,技术,人工智能/算法,机器学习
算法工程师（机器学习-数值优化）,2.5-5万,深圳·宝安·福海,大族数控,上市公司,1000-9999人,本科,3-5年,"机器视觉, 图像算法",技术-人工智能/算法-机器学习,2026-05-20 17:53:26,25.0,50.0,37.5,12.0,450.0,monthly,深圳,宝安,福海,上市公司,1000-9999人,未知,技术,人工智能/算法,机器学习
AI应用开发工程师（传统模型/机器学习）,1.8-3.5万,深圳·宝安·西乡,重庆旱獭信息技术有限公司,民营,20-99人,本科,3-5年,"图像算法, Python, 机器学习, 多模态算法, 深度学习",技术-人工智能/算法-机器学习,2026-05-20 17:53:27,18.0,35.0,26.5,12.0,318.0,monthly,深圳,宝安,西乡,民营,20-99人,未知,技术,人工智能/算法,机器学习
NLP/CV/语音/深度学习/算法岗（接受应届+考研失败）,1.8-3.5万·16薪,深圳·龙岗·坂田,外企德科数字技术有限公司,合资,10000人以上,本科,经验不限,"Java, Python, C++, C语言, 主题模型, PyTorch",技术-人工智能/算法-机器学习,2026-05-20 17:53:27,18.0,35.0,26.5,16.0,424.0,monthly,深圳,龙岗,坂田,合资,10000人以上,未知,技术,人工智能/算法,机器学习
LLM/机器学习工程师,2-3万,深圳·南山·南山,外企德科,合资,100-299人,本科,3-5年,"大模型, AGENT",技术-人工智能/算法-机器学习,2026-05-20 17:53:26,20.0,30.0,25.0,12.0,300.0,monthly,深圳,南山,南山,合资,100-299人,未知,技术,人工智能/算法,机器学习
机器视觉软件工程师,2-3万,深圳·光明·光明街道,深圳翱诺科技有限公司,民营,20-99人,本科,3-5年,"OpenCV, HALCON, Python, C++, 工业视觉系统开发",技术-人工智能/算法-机器学习,2026-05-20 17:53:27,20.0,30.0,25.0,12.0,300.0,monthly,深圳,光明,光明街道,民营,20-99人,未知,技术,人工智能/算法,机器学习
机器视觉工程师,1.5-3万·14薪,深圳·宝安·新桥,深圳市波若波罗科技有限公司,民营,20-99人,本科,3-5年,"VisionPro, CCD, Transformer, Python, OpenCV",技术-人工智能/算法-机器学习,2026-05-20 17:53:28,15.0,30.0,22.5,14.0,315.0,monthly,深圳,宝安,新桥,民营,20-99人,未知,技术,人工智能/算法,机器学习
测试\开发\ai\JS\机器学习\接受无经验\双休,1.4-2.8万,深圳·龙岗·坂田,外企德科数字技术有限公司,合资,10000人以上,本科,经验不限,"Python, Java, C/C++",技术-人工智能/算法-机器学习,2026-05-20 17:53:26,14.0,28.0,21.0,12.0,252.0,monthly,深圳,龙岗,坂田,合资,10000人以上,未知,技术,人工智能/算法,机器学习
算法工程师（机器学习、深度学习、自然语言、机器视觉、图像算法、AI算法等）,1.4-2.1万·14薪,深圳·龙岗·坂田,外企德科数字技术有限公司,合资,10000人以上,本科,1-3年,"深度学习, 机器学习, 图像算法",技术-人工智能/算法-机器学习,2026-05-20 17:53:26,14.0,21.0,17.5,14.0,245.0,monthly,深圳,龙岗,坂田,合资,10000人以上,未知,技术,人工智能/算法,机器学习
视觉调试机器,1.5-2万,深圳·龙华·福城,中航现代人力资源(深圳)有限公司,民营,1000-9999人,大专,3-5年,,技术-人工智能/算法-机器学习,2026-05-20 17:53:28,15.0,20.0,17.5,12.0,210.0,monthly,深圳,龙华,福城,民营,1000-9999人,未知,技术,人工智能/算法,机器学习
高级售前机器视觉工程师（新能源方向）,1.2-2万,深圳·光明·凤凰,北京阿丘机器人科技有限公司,合资,300-499人,本科,3-5年,图像识别产品,技术-人工智能/算法-机器学习,2026-05-20 17:53:27,12.0,20.0,16.0,12.0,192.0,monthly,深圳,光明,凤凰,合资,300-499人,未知,技术,人工智能/算法,机器学习
机器视觉工程师,1.1-2万·13薪,深圳·龙华·福城,成都利视通光电科技有限公司,民营,300-499人,大专,3-5年,"C#, 工业缺陷检测, VisionPro",技术-人工智能/算法-机器学习,2026-05-20 17:53:27,11.0,20.0,15.5,13.0,201.5,monthly,深圳,龙华,福城,民营,300-499人,未知,技术,人工智能/算法,机器学习
机器视觉工程师,1-2万,深圳·龙华·福城,深圳市瑞杰自动化技术服务有限公司,民营,1000-9999人,大专,3-5年,"C#, 视觉开发, VisionPro, 视觉图像算法, 图像识别产品",技术-人工智能/算法-机器学习,2026-05-20 17:53:28,10.0,20.0,15.0,12.0,180.0,monthly,深圳,龙华,福城,民营,1000-9999人,未知,技术,人工智能/算法,机器学习
算法工程师（大模型、机器学习/深度学习、Python）,1.2-1.6万,深圳·龙岗·坂田,软通动力信息技术(集团)股份有限公司,上市公司,10000人以上,本科,3-5年,"深度学习, 机器学习, 大模型算法, 运筹优化, 时间序列",技术-人工智能/算法-机器学习,2026-05-20 17:53:26,12.0,16.0,14.0,12.0,168.0,monthly,深圳,龙岗,坂田,上市公司,10000人以上,未知,技术,人工智能/算法,机器学习
算法工程师（本科，理工科--大模型、机器学习/深度学习、Python）,1-1.5万,深圳·龙岗·坂田,软通动力信息技术(集团)股份有限公司,上市公司,10000人以上,本科,1-3年,"深度学习, 机器学习, 大模型算法, 大模型, 运筹优化, 时间序列",技术-人工智能/算法-机器学习,2026-05-20 17:53:27,10.0,15.0,12.5,12.0,150.0,monthly,深圳,龙岗,坂田,上市公司,10000人以上,未知,技术,人工智能/算法,机器学习
A机器学习算法助理工程师,8000-16000元,深圳·龙华·民治,深圳市浩锦益智文化科技有限公司,500-999人,文化艺术/娱乐,本科,经验不限,"Python, 机器学习应用, 技术创新, 团队合作",技术-人工智能/算法-机器学习,2026-05-20 17:53:27,8.0,16.0,12.0,12.0,144.0,monthly,深圳,龙华,民治,文化艺术/娱乐,500-999人,未知,技术,人工智能/算法,机器学习
机器学习算法实习生（控制算法）-世界500强外企正编,180-200元/天,深圳·南山·粤海,智联猎头,其它,10000人以上,硕士,经验不限,"自然语言处理, 机器视觉",技术-人工智能/算法-机器学习,2026-05-20 17:53:27,3.92,4.35,4.13,12.0,49.59,daily,深圳,南山,粤海,其它,10000人以上,未知,技术,人工智能/算法,机器学习
机器学习算法实习生（控制算法）,170-180元/天,深圳·南山·粤海,四川新南泰企业管理咨询有限公司,民营,100-299人,硕士,经验不限,"机器学习, 外企",技术-人工智能/算法-机器学习,2026-05-20 17:53:27,3.7,3.92,3.81,12.0,45.67,daily,深圳,南山,粤海,民营,100-299人,未知,技术,人工智能/算法,机器学习
无人车业务部-机器学习算法专家,面议,深圳,北京三快在线科技有限公司,上市公司,10000人以上,硕士,1-3年,,技术-人工智能/算法-机器学习,2026-05-20 17:53:26,,,,,,negotiable,深圳,未知,,上市公司,10000人以上,未知,技术,人工智能/算法,机器学习
深度学习算法专家,4-6万,深圳·南山·西丽,东莞市摩视自动化科技有限公司,股份制企业,20-99人,博士,1-3年,机器视觉,技术-人工智能/算法-深度学习,2026-05-20 17:54:13,40.0,60.0,50.0,12.0,600.0,monthly,深圳,南山,西丽,股份制企业,20-99人,未知,技术,人工智能/算法,深度学习
AI/深度学习算法博士,4-6万,深圳·南山·西丽,东莞市摩视自动化科技有限公司,股份制企业,20-99人,博士,1-3年,机器视觉,技术-人工智能/算法-深度学习,2026-05-20 17:54:13,40.0,60.0,50.0,12.0,600.0,monthly,深圳,南山,西丽,股份制企业,20-99人,未知,技术,人工智能/算法,深度学习
机器人学习工程师,3-6万,深圳·南山·粤海,深圳市杰普特光电股份有限公司,上市公司,1000-9999人,博士,1-3年,"模型训练, 跨模态学习",技术-人工智能/算法-深度学习,2026-05-20 17:54:14,30.0,60.0,45.0,12.0,540.0,monthly,深圳,南山,粤海,上市公司,1000-9999人,未知,技术,人工智能/算法,深度学习
算法工程师（机器学习-数值优化）,2.5-5万,深圳·宝安·福海,大族数控,上市公司,1000-9999人,本科,3-5年,"机器视觉, 图像算法",技术-人工智能/算法-深度学习,2026-05-20 17:54:14,25.0,50.0,37.5,12.0,450.0,monthly,深圳,宝安,福海,上市公司,1000-9999人,未知,技术,人工智能/算法,深度学习
深度学习算法工程师,2.5-4.5万,深圳·南山·西丽,深圳市普渡科技股份有限公司,其它,500-999人,硕士,5-10年,"Python, C++, TensorFlow",技术-人工智能/算法-深度学习,2026-05-20 17:54:13,25.0,45.0,35.0,12.0,420.0,monthly,深圳,南山,西丽,其它,500-999人,未知,技术,人工智能/算法,深度学习
高级深度学习算法工程师,2.5-4万,深圳·福田·福保,深圳鲲云信息科技有限公司,民营,100-299人,硕士,5-10年,"机器视觉, 图像算法, 人工神经网络, Transformer, TensorFlow",技术-人工智能/算法-深度学习,2026-05-20 17:54:13,25.0,40.0,32.5,12.0,390.0,monthly,深圳,福田,福保,民营,100-299人,未知,技术,人工智能/算法,深度学习
深度强化学习算法工程师,2-4万,深圳·龙岗·龙城,安徽外联信息科技有限公司,民营,100-299人,本科,5-10年,"机器视觉, Python, C++, PyTorch",技术-人工智能/算法-深度学习,2026-05-20 17:54:14,20.0,40.0,30.0,12.0,360.0,monthly,深圳,龙岗,龙城,民营,100-299人,未知,技术,人工智能/算法,深度学习
机器人强化学习工程师,2-4万·14薪,深圳·南山·桃源,广东天机智能系统有限公司,股份制企业,100-299人,硕士,经验不限,,技术-人工智能/算法-深度学习,2026-05-20 17:54:14,20.0,40.0,30.0,14.0,420.0,monthly,深圳,南山,桃源,股份制企业,100-299人,未知,技术,人工智能/算法,深度学习
NLP/CV/语音/深度学习/算法岗（接受应届+考研失败）,1.8-3.5万·16薪,深圳·龙岗·坂田,外企德科数字技术有限公司,合资,10000人以上,本科,经验不限,"Java, Python, C++, C语言, 主题模型, PyTorch",技术-人工智能/算法-深度学习,2026-05-20 17:54:13,18.0,35.0,26.5,16.0,424.0,monthly,深圳,龙岗,坂田,合资,10000人以上,未知,技术,人工智能/算法,深度学习
LLM/机器学习工程师,2-3万,深圳·南山·南山,外企德科,合资,100-299人,本科,3-5年,"大模型, AGENT",技术-人工智能/算法-深度学习,2026-05-20 17:54:14,20.0,30.0,25.0,12.0,300.0,monthly,深圳,南山,南山,合资,100-299人,未知,技术,人工智能/算法,深度学习
深度学习视觉算法工程师,1.5-3万,深圳·宝安·石岩,恩斯迈电子（深圳）有限公司,外商独资,1000-9999人,本科,1-3年,"PyTorch, TensorFlow, Caffe, 深度学习",技术-人工智能/算法-深度学习,2026-05-20 17:54:13,15.0,30.0,22.5,12.0,270.0,monthly,深圳,宝安,石岩,外商独资,1000-9999人,未知,技术,人工智能/算法,深度学习
强化学习算法工程师,1.5-3万·14薪,深圳·宝安·石岩,深圳市一博科技股份有限公司,股份制企业,1000-9999人,本科,1-3年,"C++, PyTorch, Java, TensorFlow, Q-LEARNING",技术-人工智能/算法-深度学习,2026-05-20 17:54:14,15.0,30.0,22.5,14.0,315.0,monthly,深圳,宝安,石岩,股份制企业,1000-9999人,未知,技术,人工智能/算法,深度学习
算法工程师（机器学习、深度学习、自然语言、机器视觉、图像算法、AI算法等）,1.4-2.1万·14薪,深圳·龙岗·坂田,外企德科数字技术有限公司,合资,10000人以上,本科,1-3年,"深度学习, 机器学习, 图像算法",技术-人工智能/算法-深度学习,2026-05-20 17:54:13,14.0,21.0,17.5,14.0,245.0,monthly,深圳,龙岗,坂田,合资,10000人以上,未知,技术,人工智能/算法,深度学习
深度学习图像处理算法工程师,1-2万,深圳·南山·西丽,深圳市华汉伟业科技有限公司,民营,300-499人,本科,经验不限,"图像处理, C++, Python, CNN, TensorFlow, 深度学习算法",技术-人工智能/算法-深度学习,2026-05-20 17:54:13,10.0,20.0,15.0,12.0,180.0,monthly,深圳,南山,西丽,民营,300-499人,未知,技术,人工智能/算法,深度学习
算法工程师（大模型、机器学习/深度学习、Python）,1.2-1.6万,深圳·龙岗·坂田,软通动力信息技术(集团)股份有限公司,上市公司,10000人以上,本科,3-5年,"深度学习, 机器学习, 大模型算法, 运筹优化, 时间序列",技术-人工智能/算法-深度学习,2026-05-20 17:54:13,12.0,16.0,14.0,12.0,168.0,monthly,深圳,龙岗,坂田,上市公司,10000人以上,未知,技术,人工智能/算法,深度学习
算法工程师（本科，理工科--大模型、机器学习/深度学习、Python）,1-1.5万,深圳·龙岗·坂田,软通动力信息技术(集团)股份有限公司,上市公司,10000人以上,本科,1-3年,"深度学习, 机器学习, 大模型算法, 大模型, 运筹优化, 时间序列",技术-人工智能/算法-深度学习,2026-05-20 17:54:13,10.0,15.0,12.5,12.0,150.0,monthly,深圳,龙岗,坂田,上市公司,10000人以上,未知,技术,人工智能/算法,深度学习
A机器学习算法助理工程师,8000-16000元,深圳·龙华·民治,深圳市浩锦益智文化科技有限公司,500-999人,文化艺术/娱乐,本科,经验不限,"Python, 机器学习应用, 技术创新, 团队合作",技术-人工智能/算法-深度学习,2026-05-20 17:54:14,8.0,16.0,12.0,12.0,144.0,monthly,深圳,龙华,民治,文化艺术/娱乐,500-999人,未知,技术,人工智能/算法,深度学习
机器学习算法实习生（控制算法）-世界500强外企正编,180-200元/天,深圳·南山·粤海,智联猎头,其它,10000人以上,硕士,经验不限,"自然语言处理, 机器视觉",技术-人工智能/算法-深度学习,2026-05-20 17:54:14,3.92,4.35,4.13,12.0,49.59,daily,深圳,南山,粤海,其它,10000人以上,未知,技术,人工智能/算法,深度学习
机器学习算法实习生（控制算法）,170-180元/天,深圳·南山·粤海,四川新南泰企业管理咨询有限公司,民营,100-299人,硕士,经验不限,"机器学习, 外企",技术-人工智能/算法-深度学习,2026-05-20 17:54:14,3.7,3.92,3.81,12.0,45.67,daily,深圳,南山,粤海,民营,100-299人,未知,技术,人工智能/算法,深度学习
无人车业务部-机器学习算法专家,面议,深圳,北京三快在线科技有限公司,上市公司,10000人以上,硕士,1-3年,,技术-人工智能/算法-深度学习,2026-05-20 17:54:14,,,,,,negotiable,深圳,未知,,上市公司,10000人以上,未知,技术,人工智能/算法,深度学习
主任算法工程师（声学方向）,4-6万,深圳·龙岗·宝龙,比亚迪股份有限公司,民营,10000人以上,硕士,10年以上,音频,技术-人工智能/算法-算法工程师,2026-05-20 17:52:40,40.0,60.0,50.0,12.0,600.0,monthly,深圳,龙岗,宝龙,民营,10000人以上,未知,技术,人工智能/算法,算法工程师
算法工程师（驻广东佛山）,3.5-6万,深圳·福田·福田街道,北京可利邦信息技术股份有限公司,民营,100-299人,本科,经验不限,"强化学习, 机器学习, 大模型算法, PyTorch, TensorFlow",技术-人工智能/算法-算法工程师,2026-05-20 17:52:39,35.0,60.0,47.5,12.0,570.0,monthly,深圳,福田,福田街道,民营,100-299人,未知,技术,人工智能/算法,算法工程师
无人机算法工程师-B2026D,3.5-6万·16薪,深圳·福田·华强北,京东集团,合资,10000人以上,学历不限,经验不限,"DSP, PX4, 自动化, 实飞测试, 航空航天",技术-人工智能/算法-算法工程师,2026-05-20 17:52:41,35.0,60.0,47.5,16.0,760.0,monthly,深圳,福田,华强北,合资,10000人以上,未知,技术,人工智能/算法,算法工程师
高级算法工程师 (ROS 2/ 部署方向)（深圳008）,2.5-5万,深圳·宝安·石岩,拓邦股份,上市公司,10000人以上,硕士,1-3年,"VLA, ROS2, PyTorch, Python, C++, 具身智能, 深度学习",技术-人工智能/算法-算法工程师,2026-05-20 17:52:40,25.0,50.0,37.5,12.0,450.0,monthly,深圳,宝安,石岩,上市公司,10000人以上,未知,技术,人工智能/算法,算法工程师
具身智能算法工程师（模型量化与部署方向）,2.5-5万,深圳·宝安·石岩,拓邦股份,上市公司,10000人以上,本科,1-3年,"模型量化, Transformer, CNN, 具身智能核心算法, 语言模型",技术-人工智能/算法-算法工程师,2026-05-20 17:52:41,25.0,50.0,37.5,12.0,450.0,monthly,深圳,宝安,石岩,上市公司,10000人以上,未知,技术,人工智能/算法,算法工程师
大模型Agent算法工程师,2.6-4万,深圳·南山·粤海,光启技术股份有限公司,上市公司,1000-9999人,硕士,1-3年,"大模型算法, GPT, 自然语言处理, 机器视觉, 搜索/推荐算法",技术-人工智能/算法-算法工程师,2026-05-20 17:52:40,26.0,40.0,33.0,12.0,396.0,monthly,深圳,南山,粤海,上市公司,1000-9999人,未知,技术,人工智能/算法,算法工程师
机器人运动控制算法工程师,2.2-3.5万·14薪,深圳·宝安·石岩,深圳金奥博,上市公司,500-999人,本科,1-3年,"机器人算法, 运动控制算法, 运动规划, 动力控制, C/C++",技术-人工智能/算法-算法工程师,2026-05-20 17:52:49,22.0,35.0,28.5,14.0,399.0,monthly,深圳,宝安,石岩,上市公司,500-999人,未知,技术,人工智能/算法,算法工程师
算法工程师（低空经济方向）,2-3.5万,深圳·龙岗·坂田,国能汇智(天津)科技发展有限公司,股份制企业,20-99人,硕士,3-5年,大模型算法,技术-人工智能/算法-算法工程师,2026-05-20 17:52:39,20.0,35.0,27.5,12.0,330.0,monthly,深圳,龙岗,坂田,股份制企业,20-99人,未知,技术,人工智能/算法,算法工程师
混合动力能量管理算法工程师,2-3.5万,深圳·宝安·福海,深圳吉阳智能科技有限公司,合资,1000-9999人,本科,3-5年,"控制策略设计, 混合动力系统",技术-人工智能/算法-算法工程师,2026-05-20 17:52:40,20.0,35.0,27.5,12.0,330.0,monthly,深圳,宝安,福海,合资,1000-9999人,未知,技术,人工智能/算法,算法工程师
交通仿真算法工程师,1.8-3.5万,深圳·南山·粤海,深城交科技集团股份有限公司,国企,1000-9999人,本科,经验不限,,技术-人工智能/算法-算法工程师,2026-05-20 17:52:40,18.0,35.0,26.5,12.0,318.0,monthly,深圳,南山,粤海,国企,1000-9999人,未知,技术,人工智能/算法,算法工程师
AI算法工程师,2-3万·13薪,深圳·坪山·龙田,深圳清力技术有限公司,合资,100-299人,本科,5-10年,"深度学习, 机器学习",技术-人工智能/算法-算法工程师,2026-05-20 17:52:41,20.0,30.0,25.0,13.0,325.0,monthly,深圳,坪山,龙田,合资,100-299人,未知,技术,人工智能/算法,算法工程师
算法工程师,2-2.8万,深圳·宝安·新安,英德仕(北京)人力资源服务有限公司,合资,300-499人,本科,3-5年,推广算法,技术-人工智能/算法-算法工程师,2026-05-20 17:52:39,20.0,28.0,24.0,12.0,288.0,monthly,深圳,宝安,新安,合资,300-499人,未知,技术,人工智能/算法,算法工程师
机器人导航算法工程师,2-2.5万·14薪,深圳·南山·西丽,合肥市广玉兰英才管理咨询有限公司,合资,100-299人,本科,1-3年,"导航算法, 机器人算法, 运动控制算法, 导航定位, 路径规划",技术-人工智能/算法-算法工程师,2026-05-20 17:52:40,20.0,25.0,22.5,14.0,315.0,monthly,深圳,南山,西丽,合资,100-299人,未知,技术,人工智能/算法,算法工程师
"AI算法工程师((14薪,六险一金,接受考公考研失败/25届)",1.5-3万·14薪,深圳·龙岗·坂田,外企德科数字技术有限公司,合资,10000人以上,本科,经验不限,"大模型算法, 自然语言处理, Python, C++, Java",技术-人工智能/算法-算法工程师,2026-05-20 17:52:49,15.0,30.0,22.5,14.0,315.0,monthly,深圳,龙岗,坂田,合资,10000人以上,未知,技术,人工智能/算法,算法工程师
算法工程师,1.5-3万·15薪,深圳·龙岗·坂田,外企德科数字技术有限公司,合资,10000人以上,本科,经验不限,"机器学习, 图像算法, 大模型算法",技术-人工智能/算法-算法工程师,2026-05-20 17:53:00,15.0,30.0,22.5,15.0,337.5,monthly,深圳,龙岗,坂田,合资,10000人以上,未知,技术,人工智能/算法,算法工程师
算法工程师,1.4-2.8万·14薪,深圳·龙岗·坂田,外企德科数字技术有限公司,合资,10000人以上,本科,1-3年,"Python, C++, 算法研究与开发, 算法优化与集成, 团队协作",技术-人工智能/算法-算法工程师,2026-05-20 17:52:40,14.0,28.0,21.0,14.0,294.0,monthly,深圳,龙岗,坂田,合资,10000人以上,未知,技术,人工智能/算法,算法工程师
AI算法工程师（采购数字化方向）,1.6-2.6万,深圳·宝安·沙井,奇宏电子(深圳)有限公司,外商独资,1000-9999人,本科,1-3年,,技术-人工智能/算法-算法工程师,2026-05-20 17:53:10,16.0,26.0,21.0,12.0,252.0,monthly,深圳,宝安,沙井,外商独资,1000-9999人,未知,技术,人工智能/算法,算法工程师
大语言/NLP算法工程师,1.5-2.5万,深圳·光明·凤凰,深圳惠特科学技术有限公司,民营,20-99人,硕士,1-3年,"计算机科学, C++, Python",技术-人工智能/算法-算法工程师,2026-05-20 17:52:49,15.0,25.0,20.0,12.0,240.0,monthly,深圳,光明,凤凰,民营,20-99人,未知,技术,人工智能/算法,算法工程师
算法工程师,1.5-2万,深圳·宝安·新安,深圳亿维锐创科技股份有限公司,民营,100-299人,本科,1-3年,"PyTorch, TensorFlow, CNN / RNN, 声纹识别",技术-人工智能/算法-算法工程师,2026-05-20 17:52:39,15.0,20.0,17.5,12.0,210.0,monthly,深圳,宝安,新安,民营,100-299人,未知,技术,人工智能/算法,算法工程师
算法工程师（机器学习、深度学习、自然语言、机器视觉、图像算法、AI算法等）,1.4-2.1万·14薪,深圳·龙岗·坂田,外企德科数字技术有限公司,合资,10000人以上,本科,1-3年,"深度学习, 机器学习, 图像算法",技术-人工智能/算法-算法工程师,2026-05-20 17:52:41,14.0,21.0,17.5,14.0,245.0,monthly,深圳,龙岗,坂田,合资,10000人以上,未知,技术,人工智能/算法,算法工程师
车载语音算法工程师（座舱方向）,1.3-1.5万,深圳·南山·粤海,首聘(北京)科技有限公司,民营,1000-9999人,大专,1-3年,"OPENCLAW, Python, PyTorch, TensorFlow, AGENT",技术-人工智能/算法-算法工程师,2026-05-20 17:52:39,13.0,15.0,14.0,12.0,168.0,monthly,深圳,南山,粤海,民营,1000-9999人,未知,技术,人工智能/算法,算法工程师
算法工程师（大模型、机器学习/深度学习、Python）,1.2-1.6万,深圳·龙岗·坂田,软通动力信息技术(集团)股份有限公司,上市公司,10000人以上,本科,3-5年,"深度学习, 机器学习, 大模型算法, 运筹优化, 时间序列",技术-人工智能/算法-算法工程师,2026-05-20 17:52:39,12.0,16.0,14.0,12.0,168.0,monthly,深圳,龙岗,坂田,上市公司,10000人以上,未知,技术,人工智能/算法,算法工程师
视觉算法工程师,8000-16000元·13薪,深圳·宝安·石岩,深度创新科技(深圳)有限公司,民营,20人以下,本科,1-3年,"图像处理, Halcon, 机器视觉, 图像算法, 点云处理, C++",技术-人工智能/算法-算法工程师,2026-05-20 17:52:39,8.0,16.0,12.0,13.0,156.0,monthly,深圳,宝安,石岩,民营,20人以下,未知,技术,人工智能/算法,算法工程师
运筹优化算法工程师（实习生）,150-200元/天,深圳·宝安·石岩,欣旺达电子,上市公司,1000-9999人,硕士,经验不限,运筹优化,技术-人工智能/算法-算法工程师,2026-05-20 17:52:40,3.26,4.35,3.81,12.0,45.67,daily,深圳,宝安,石岩,上市公司,1000-9999人,未知,技术,人工智能/算法,算法工程师
无人车业务部-静态感知算法工程师,面议,深圳,北京三快在线科技有限公司,上市公司,10000人以上,本科,1-3年,,技术-人工智能/算法-算法工程师,2026-05-20 17:52:40,,,,,,negotiable,深圳,未知,,上市公司,10000人以上,未知,技术,人工智能/算法,算法工程师
全栈工程师,2.5-3.5万,深圳·南山·粤海,苏州人瑞普惠人力资源服务有限公司,上市公司,20-99人,本科,5-10年,"EXPRESS.JS, KOA.JS, NESTJS, node.js",技术-前端开发-Node.js,2026-05-20 17:39:26,25.0,35.0,30.0,12.0,360.0,monthly,深圳,南山,粤海,上市公司,20-99人,未知,技术,前端开发,Node.js
高级全栈工程师（IoT方向）,1.8-3.5万,深圳·宝安·西乡,重庆旱獭信息技术有限公司,民营,20-99人,本科,5-10年,,技术-前端开发-Node.js,2026-05-20 17:39:25,18.0,35.0,26.5,12.0,318.0,monthly,深圳,宝安,西乡,民营,20-99人,未知,技术,前端开发,Node.js
web前端开发工程师,1.5-3万,深圳·龙岗·坂田,外企德科数字技术有限公司,合资,10000人以上,本科,经验不限,"五险一金, Vue, jQuery, React Native, 鸿蒙项目, Node.js",技术-前端开发-Node.js,2026-05-20 17:39:25,15.0,30.0,22.5,12.0,270.0,monthly,深圳,龙岗,坂田,合资,10000人以上,未知,技术,前端开发,Node.js
前端开发工程师--招聘类App研发,1.5-2.5万,深圳·罗湖·南湖,深圳浦艺迈通用数据有限公司,民营,20人以下,本科,5-10年,"CSS, JavaScript, HTML5, React, uni-app, React Native",技术-前端开发-Node.js,2026-05-20 17:39:26,15.0,25.0,20.0,12.0,240.0,monthly,深圳,罗湖,南湖,民营,20人以下,未知,技术,前端开发,Node.js
高级前端工程师,1.5-2.5万·13薪,深圳·南山·南山,拜特科技,上市公司,300-499人,本科,5-10年,"CSS, JavaScript, HTML5, Vue, React, uni-app",技术-前端开发-Node.js,2026-05-20 17:39:26,15.0,25.0,20.0,13.0,260.0,monthly,深圳,南山,南山,上市公司,300-499人,未知,技术,前端开发,Node.js
全栈工程师14K-24K五险一金周末双休,1.4-2.4万,深圳·宝安·西乡,深圳市成之恒人力资源有限公司,民营,300-499人,本科,3-5年,"前端开发, 后端开发, PostgreSQL, 全栈开发, REACT组件设计",技术-前端开发-Node.js,2026-05-20 17:39:25,14.0,24.0,19.0,12.0,228.0,monthly,深圳,宝安,西乡,民营,300-499人,未知,技术,前端开发,Node.js
后端工程师,1.2-2.3万·13薪,深圳·南山·粤海,麦田控股集团有限公司,民营,100-299人,本科,3-5年,"JavaScript, Python, SQL, 微服务架构, 后端开发",技术-前端开发-Node.js,2026-05-20 17:39:26,12.0,23.0,17.5,13.0,227.5,monthly,深圳,南山,粤海,民营,100-299人,未知,技术,前端开发,Node.js
高级全栈工程师,1.6-1.8万,深圳·南山·粤海,新宇智慧,民营,100-299人,本科,5-10年,"Java, PHP",技术-前端开发-Node.js,2026-05-20 17:39:26,16.0,18.0,17.0,12.0,204.0,monthly,深圳,南山,粤海,民营,100-299人,未知,技术,前端开发,Node.js
前端（五险一金，远程面试）,1.2-1.4万,深圳·龙岗·坂田,湖南拓维云创科技有限责任公司,上市公司,1000-9999人,本科,3-5年,"GIS/地图项目, 大屏/可视化项目, CSS, JavaScript, HTML5",技术-前端开发-Node.js,2026-05-20 17:39:26,12.0,14.0,13.0,12.0,156.0,monthly,深圳,龙岗,坂田,上市公司,1000-9999人,未知,技术,前端开发,Node.js
Node.js 后端开发工程师（测试平台方向）,1.2-1.3万,深圳·南山·粤海,中电金信软件有限公司,国企,10000人以上,本科,1-3年,"PHP, Python, 负载均衡技术, 分布式技术, Windows, Linux",技术-前端开发-Node.js,2026-05-20 17:39:24,12.0,13.0,12.5,12.0,150.0,monthly,深圳,南山,粤海,国企,10000人以上,未知,技术,前端开发,Node.js
大模型智能体开发工程师,1-1.5万,深圳·南山·粤海,深圳市嘉讯软件有限公司,民营,20-99人,本科,1-3年,"TypeScript, 全栈开发, 后端开发",技术-前端开发-Node.js,2026-05-20 17:39:25,10.0,15.0,12.5,12.0,150.0,monthly,深圳,南山,粤海,民营,20-99人,未知,技术,前端开发,Node.js
后端开发,9000-16000元,深圳·龙华·民治,深圳华智经纬科技有限公司,100-299人,物联网,大专,1-3年,,技术-前端开发-Node.js,2026-05-20 17:39:25,9.0,16.0,12.5,12.0,150.0,monthly,深圳,龙华,民治,物联网,100-299人,未知,技术,前端开发,Node.js
A I-大模型智能体开发工程师,1-1.5万,深圳·南山·粤海,深圳市嘉讯软件有限公司,民营,20-99人,本科,1-3年,"TypeScript, 全栈开发, 后端开发",技术-前端开发-Node.js,2026-05-20 17:39:25,10.0,15.0,12.5,12.0,150.0,monthly,深圳,南山,粤海,民营,20-99人,未知,技术,前端开发,Node.js
前端开发工程师,1-1.5万,深圳·南山·粤海,金斧子,民营,500-999人,本科,1-3年,"CSS, JavaScript, Vue, React, HTML5, Node.js, Redux",技术-前端开发-Node.js,2026-05-20 17:39:26,10.0,15.0,12.5,12.0,150.0,monthly,深圳,南山,粤海,民营,500-999人,未知,技术,前端开发,Node.js
系统开发工程师,9000-14000元,深圳·宝安·石岩,深圳市轩宇车鼎科技有限公司,民营,100-299人,大专,3-5年,"Python, MySQL, Redis, TypeScript, node.js, Kubernetes",技术-前端开发-Node.js,2026-05-20 17:39:24,9.0,14.0,11.5,12.0,138.0,monthly,深圳,宝安,石岩,民营,100-299人,未知,技术,前端开发,Node.js
web前端工程师(现场面试）,1-1.2万,深圳·龙岗·坂田,深圳市睿服科技有限公司,股份制企业,1000-9999人,大专,5-10年,"大屏/可视化项目, JavaScript, HTML5, CSS, Vue",技术-前端开发-Node.js,2026-05-20 17:39:25,10.0,12.0,11.0,12.0,132.0,monthly,深圳,龙岗,坂田,股份制企业,1000-9999人,未知,技术,前端开发,Node.js
Node.js,8000-13000元,深圳·福田·莲花,长沙恩欣科技有限公司,20-99人,软件/IT服务,学历不限,经验不限,,技术-前端开发-Node.js,2026-05-20 17:39:24,8.0,13.0,10.5,12.0,126.0,monthly,深圳,福田,莲花,软件/IT服务,20-99人,未知,技术,前端开发,Node.js
Node.js,8000-13000元,深圳·坪山·莲花,海南倍素科技有限公司,20-99人,软件/IT服务,学历不限,经验不限,,技术-前端开发-Node.js,2026-05-20 17:39:24,8.0,13.0,10.5,12.0,126.0,monthly,深圳,坪山,莲花,软件/IT服务,20-99人,未知,技术,前端开发,Node.js
兼职-前端开发工程师,1000-2000元,深圳·宝安·西乡,深圳市慧惠研科技有限公司,民营,20人以下,大专,经验不限,"Vue, React, uni-app, 电商项目, 直播视频项目, 游戏项目",技术-前端开发-Node.js,2026-05-20 17:39:25,1.0,2.0,1.5,12.0,18.0,monthly,深圳,宝安,西乡,民营,20人以下,未知,技术,前端开发,Node.js
前端开发工程师-深圳/武汉/成都,面议,深圳·坪山·龙田,中软国际,上市公司,10000人以上,本科,5-10年,"Vue, React, JavaScript, HTML5, TypeScript, Node.js",技术-前端开发-Node.js,2026-05-20 17:39:24,,,,,,negotiable,深圳,坪山,龙田,上市公司,10000人以上,未知,技术,前端开发,Node.js
全栈工程师,2.5-4万,深圳·南山·粤海,啄木鸟医疗,民营,500-999人,本科,3-5年,Shell,技术-前端开发-全栈工程师,2026-05-20 17:38:38,25.0,40.0,32.5,12.0,390.0,monthly,深圳,南山,粤海,民营,500-999人,未知,技术,前端开发,全栈工程师
全栈工程师,2.5-3.5万,深圳·南山·粤海,苏州人瑞普惠人力资源服务有限公司,上市公司,20-99人,本科,5-10年,"EXPRESS.JS, KOA.JS, NESTJS, node.js",技术-前端开发-全栈工程师,2026-05-20 17:38:38,25.0,35.0,30.0,12.0,360.0,monthly,深圳,南山,粤海,上市公司,20-99人,未知,技术,前端开发,全栈工程师
javascript全栈工程师,2-3.5万,深圳·南山·西丽,苏州人瑞普惠人力资源服务有限公司,上市公司,20-99人,大专,3-5年,"React, Vue, 前端性能优化, 跨浏览器兼容性, 前端工程化",技术-前端开发-全栈工程师,2026-05-20 17:38:37,20.0,35.0,27.5,12.0,330.0,monthly,深圳,南山,西丽,上市公司,20-99人,未知,技术,前端开发,全栈工程师
高级全栈工程师（IoT方向）,1.8-3.5万,深圳·宝安·西乡,重庆旱獭信息技术有限公司,民营,20-99人,本科,5-10年,,技术-前端开发-全栈工程师,2026-05-20 17:38:37,18.0,35.0,26.5,12.0,318.0,monthly,深圳,宝安,西乡,民营,20-99人,未知,技术,前端开发,全栈工程师
高级全栈工程师,2-3万,深圳·南山·桃源,方大集团,股份制企业,1000-9999人,学历不限,5-10年,"前端开发, 后端开发",技术-前端开发-全栈工程师,2026-05-20 17:38:37,20.0,30.0,25.0,12.0,300.0,monthly,深圳,南山,桃源,股份制企业,1000-9999人,未知,技术,前端开发,全栈工程师
AI赋能全栈工程师,2-3万,深圳·福田·福田街道,蜂巢数科(深圳)科技有限公司,20人以下,互联网金融,本科,3-5年,"架构开发, 前端开发, 后端开发",技术-前端开发-全栈工程师,2026-05-20 17:38:38,20.0,30.0,25.0,12.0,300.0,monthly,深圳,福田,福田街道,互联网金融,20人以下,未知,技术,前端开发,全栈工程师
高级全栈工程师,2-2.5万,深圳·南山·粤海,深圳市希格斯科技服务有限公司,民营,20-99人,本科,5-10年,"后端开发, 架构开发, Python, MySQL, SQL Server",技术-前端开发-全栈工程师,2026-05-20 17:38:37,20.0,25.0,22.5,12.0,270.0,monthly,深圳,南山,粤海,民营,20-99人,未知,技术,前端开发,全栈工程师
前端开发/后端开发/全栈工程师,1.5-3万·15薪,深圳·龙岗·坂田,外企德科数字技术有限公司,合资,10000人以上,本科,经验不限,"C语言, Python",技术-前端开发-全栈工程师,2026-05-20 17:38:38,15.0,30.0,22.5,15.0,337.5,monthly,深圳,龙岗,坂田,合资,10000人以上,未知,技术,前端开发,全栈工程师
全栈工程师,2-2.5万,深圳·福田·福田街道,深圳市郑中设计股份有限公司,上市公司,1000-9999人,本科,3-5年,"JavaScript, Vue, Angular, Python, Java, React, Express",技术-前端开发-全栈工程师,2026-05-20 17:38:38,20.0,25.0,22.5,12.0,270.0,monthly,深圳,福田,福田街道,上市公司,1000-9999人,未知,技术,前端开发,全栈工程师
前端开发/后端开发/全栈工程师,1.4-2.8万·15薪,深圳·龙岗·坂田,外企德科数字技术有限公司,合资,10000人以上,本科,经验不限,"Python, Java, C, 前端开发, 后端开发, 软件测试, MySQL",技术-前端开发-全栈工程师,2026-05-20 17:38:37,14.0,28.0,21.0,15.0,315.0,monthly,深圳,龙岗,坂田,合资,10000人以上,未知,技术,前端开发,全栈工程师
java全栈工程师,1.7-2.2万,深圳·龙岗·布吉,深圳市朗格瑞实业发展有限公司,民营,20-99人,本科,5-10年,"Java, 架构开发, 后端开发, 前端开发, JavaScript, MySQL",技术-前端开发-全栈工程师,2026-05-20 17:38:38,17.0,22.0,19.5,12.0,234.0,monthly,深圳,龙岗,布吉,民营,20-99人,未知,技术,前端开发,全栈工程师
全栈工程师14K-24K五险一金周末双休,1.4-2.4万,深圳·宝安·西乡,深圳市成之恒人力资源有限公司,民营,300-499人,本科,3-5年,"前端开发, 后端开发, PostgreSQL, 全栈开发, REACT组件设计",技术-前端开发-全栈工程师,2026-05-20 17:38:37,14.0,24.0,19.0,12.0,228.0,monthly,深圳,宝安,西乡,民营,300-499人,未知,技术,前端开发,全栈工程师
全栈工程师,1.2-1.9万,深圳·南山·粤海,深圳市易领商务服务有限责任公司,民营,20-99人,本科,1-3年,"全栈技术开发, 技术方案设计, 跨团队协作, MySQL, MongoDB",技术-前端开发-全栈工程师,2026-05-20 17:38:37,12.0,19.0,15.5,12.0,186.0,monthly,深圳,南山,粤海,民营,20-99人,未知,技术,前端开发,全栈工程师
高级全栈工程师,1.2-1.8万·13薪,深圳·福田·沙头,深圳市深湾汇网络科技有限公司,民营,20-99人,本科,5-10年,"前端开发, 后端开发, Java, Python, GoLang, 全栈开发",技术-前端开发-全栈工程师,2026-05-20 17:38:38,12.0,18.0,15.0,13.0,195.0,monthly,深圳,福田,沙头,民营,20-99人,未知,技术,前端开发,全栈工程师
Android/IOS全栈工程师,1-2万,深圳·南山·粤海,造悟科技(深圳)有限公司,20-99人,消费电子/智能硬件,本科,3-5年,"Android开发, iOS开发, 音视频开发, 小程序开发, 消息队列",技术-前端开发-全栈工程师,2026-05-20 17:38:38,10.0,20.0,15.0,12.0,180.0,monthly,深圳,南山,粤海,消费电子/智能硬件,20-99人,未知,技术,前端开发,全栈工程师
全栈工程师,1.4-1.5万,深圳·罗湖·东门,深圳中迈信息技术有限公司,股份制企业,500-999人,本科,1-3年,"前端开发, 后端开发, Vue, Python, Java",技术-前端开发-全栈工程师,2026-05-20 17:38:37,14.0,15.0,14.5,12.0,174.0,monthly,深圳,罗湖,东门,股份制企业,500-999人,未知,技术,前端开发,全栈工程师
php全栈工程师,1.3-1.4万,深圳·罗湖·南湖,深圳市硕凯电子股份有限公司,股份制企业,100-299人,本科,3-5年,"HTML, CSS, SQL, Laravel, ThinkPHP, MySQL, Redis",技术-前端开发-全栈工程师,2026-05-20 17:38:36,13.0,14.0,13.5,12.0,162.0,monthly,深圳,罗湖,南湖,股份制企业,100-299人,未知,技术,前端开发,全栈工程师
前端开发/后端开发/全栈工程师,1-1.5万·14薪,深圳·龙岗·坂田,外企德科数字技术有限公司,合资,10000人以上,本科,经验不限,"前端开发, 后端开发, Java, C++, MySQL, JavaScript, Vue",技术-前端开发-全栈工程师,2026-05-20 17:38:37,10.0,15.0,12.5,14.0,175.0,monthly,深圳,龙岗,坂田,合资,10000人以上,未知,技术,前端开发,全栈工程师
全栈工程师,8000-13000元,深圳·宝安·莲花,海南倍素科技有限公司,20-99人,软件/IT服务,学历不限,经验不限,,技术-前端开发-全栈工程师,2026-05-20 17:38:36,8.0,13.0,10.5,12.0,126.0,monthly,深圳,宝安,莲花,软件/IT服务,20-99人,未知,技术,前端开发,全栈工程师
react前端开发工程师/React.js,2-3万·13薪,深圳·福田·沙头,大连弗斯特高新人才发展管理有限公司,民营,1000-9999人,大专,3-5年,"React, 金融项目, 银行项目, 证券项目, 保险项目",技术-前端开发-前端开发,2026-05-20 17:37:46,20.0,30.0,25.0,13.0,325.0,monthly,深圳,福田,沙头,民营,1000-9999人,未知,技术,前端开发,前端开发
web/h5前端开发工程师,2-3万,深圳·福田·福田街道,苏州人瑞普惠人力资源服务有限公司,上市公司,1000-9999人,大专,3-5年,"Vue, React, CSS, JavaScript, 移动端H5开发, 前端性能优化",技术-前端开发-前端开发,2026-05-20 17:37:47,20.0,30.0,25.0,12.0,300.0,monthly,深圳,福田,福田街道,上市公司,1000-9999人,未知,技术,前端开发,前端开发
html5前端开发工程师,1.8-2.8万,深圳·南山·西丽,苏州人瑞普惠人力资源服务有限公司,上市公司,20-99人,大专,3-5年,"CSS, JavaScript, Vue, React, H5页面开发, 移动端适配",技术-前端开发-前端开发,2026-05-20 17:37:47,18.0,28.0,23.0,12.0,276.0,monthly,深圳,南山,西丽,上市公司,20-99人,未知,技术,前端开发,前端开发
web前端开发工程师,1.5-3万,深圳·龙岗·坂田,外企德科数字技术有限公司,合资,10000人以上,本科,经验不限,"五险一金, Vue, jQuery, React Native, 鸿蒙项目, Node.js",技术-前端开发-前端开发,2026-05-20 17:37:47,15.0,30.0,22.5,12.0,270.0,monthly,深圳,龙岗,坂田,合资,10000人以上,未知,技术,前端开发,前端开发
「后/前端开发、测试【24/25/无经验也可投】接受java、c＋＋、js不限语言」,1.5-3万·14薪,深圳·龙岗·坂田,外企德科数字技术有限公司,合资,10000人以上,本科,经验不限,"Python, C++, C, Spring, MySQL",技术-前端开发-前端开发,2026-05-20 17:37:48,15.0,30.0,22.5,14.0,315.0,monthly,深圳,龙岗,坂田,合资,10000人以上,未知,技术,前端开发,前端开发
前端开发/后端开发/全栈工程师,1.5-3万·15薪,深圳·龙岗·坂田,外企德科数字技术有限公司,合资,10000人以上,本科,经验不限,"C语言, Python",技术-前端开发-前端开发,2026-05-20 17:37:48,15.0,30.0,22.5,15.0,337.5,monthly,深圳,龙岗,坂田,合资,10000人以上,未知,技术,前端开发,前端开发
java/c++/C/Python/前端开发工程师,1.5-3万·14薪,深圳·龙岗·坂田,外企德科数字技术有限公司,合资,10000人以上,本科,经验不限,"C语言, Java, Python",技术-前端开发-前端开发,2026-05-20 17:37:58,15.0,30.0,22.5,14.0,315.0,monthly,深圳,龙岗,坂田,合资,10000人以上,未知,技术,前端开发,前端开发
后/前端开发、测试【24/25/无经验也可投】接受java、c＋＋、js不限语言,1.5-3万·14薪,深圳·龙岗·坂田,外企德科数字技术有限公司,合资,10000人以上,本科,经验不限,"后端开发, 前端开发",技术-前端开发-前端开发,2026-05-20 17:38:07,15.0,30.0,22.5,14.0,315.0,monthly,深圳,龙岗,坂田,合资,10000人以上,未知,技术,前端开发,前端开发
前端开发/后端开发/全栈工程师,1.4-2.8万·15薪,深圳·龙岗·坂田,外企德科数字技术有限公司,合资,10000人以上,本科,经验不限,"Python, Java, C, 前端开发, 后端开发, 软件测试, MySQL",技术-前端开发-前端开发,2026-05-20 17:37:47,14.0,28.0,21.0,15.0,315.0,monthly,深圳,龙岗,坂田,合资,10000人以上,未知,技术,前端开发,前端开发
【Shopify】前端开发/双休/五险一金/年终奖,1.5-1.8万,深圳·南山·西丽,上海职派金才人才服务集团有限公司,民营,500-999人,本科,1-3年,"SHOPIFY, CSS, JavaScript, HTML5, 电商项目",技术-前端开发-前端开发,2026-05-20 17:37:46,15.0,18.0,16.5,12.0,198.0,monthly,深圳,南山,西丽,民营,500-999人,未知,技术,前端开发,前端开发
前端开发工程师,1.5-1.8万,深圳·光明·凤凰,广州哇达科技有限公司,20-99人,互联网社交/数字内容,大专,经验不限,"HTML5, CSS, JavaScript, React, Vue, React Native",技术-前端开发-前端开发,2026-05-20 17:37:47,15.0,18.0,16.5,12.0,198.0,monthly,深圳,光明,凤凰,互联网社交/数字内容,20-99人,未知,技术,前端开发,前端开发
架构-前端开发,1.5-1.7万·13薪,深圳·坪山·莲花,广州一滴水企业管理服务有限公司,100-299人,人力资源,学历不限,经验不限,"JavaScript, Express, 游戏项目, 金融项目, Bootstrap",技术-前端开发-前端开发,2026-05-20 17:37:47,15.0,17.0,16.0,13.0,208.0,monthly,深圳,坪山,莲花,人力资源,100-299人,未知,技术,前端开发,前端开发
研发/前端开发,1.5-1.7万·13薪,深圳·坪山·莲花,广州一滴水企业管理服务有限公司,100-299人,人力资源,高中,经验不限,"金融项目, CSS, 鸿蒙项目, JavaScript",技术-前端开发-前端开发,2026-05-20 17:37:48,15.0,17.0,16.0,13.0,208.0,monthly,深圳,坪山,莲花,人力资源,100-299人,未知,技术,前端开发,前端开发
web前端开发工程师/早九晚五+交通补贴,1.5-1.6万,深圳·南山·南山,广州中诚汇才人力资源有限公司,20-99人,人力资源,本科,1-3年,"HTML5, CSS, JavaScript, Vue, React, 前端工程化",技术-前端开发-前端开发,2026-05-20 17:37:47,15.0,16.0,15.5,12.0,186.0,monthly,深圳,南山,南山,人力资源,20-99人,未知,技术,前端开发,前端开发
React前端开发-AI信创,1.2-1.7万,深圳·南山·粤海,软通动力信息技术(集团)股份有限公司,上市公司,10000人以上,大专,3-5年,"React, CSS, JavaScript, HTML5",技术-前端开发-前端开发,2026-05-20 17:37:58,12.0,17.0,14.5,12.0,174.0,monthly,深圳,南山,粤海,上市公司,10000人以上,未知,技术,前端开发,前端开发
Shopify 前端开发工程师,1.3-1.5万,深圳·南山·桃源,深德科,民营,1000-9999人,大专,3-5年,"电商项目, SHOPIFY",技术-前端开发-前端开发,2026-05-20 17:37:47,13.0,15.0,14.0,12.0,168.0,monthly,深圳,南山,桃源,民营,1000-9999人,未知,技术,前端开发,前端开发
前端开发/后端开发/全栈工程师,1-1.5万·14薪,深圳·龙岗·坂田,外企德科数字技术有限公司,合资,10000人以上,本科,经验不限,"前端开发, 后端开发, Java, C++, MySQL, JavaScript, Vue",技术-前端开发-前端开发,2026-05-20 17:37:47,10.0,15.0,12.5,14.0,175.0,monthly,深圳,龙岗,坂田,合资,10000人以上,未知,技术,前端开发,前端开发
前端开发工程师（深圳）,1.2-1.3万,深圳·南山·西丽,同方鼎欣科技股份有限公司,股份制企业,1000-9999人,大专,5-10年,大型网站构建,技术-前端开发-前端开发,2026-05-20 17:37:48,12.0,13.0,12.5,12.0,150.0,monthly,深圳,南山,西丽,股份制企业,1000-9999人,未知,技术,前端开发,前端开发
前端开发工程师/web开发工程师,1-1.5万,深圳·罗湖·清水河,深圳市科锐技术有限公司,民营,20-99人,大专,1-3年,"OT项目开发, 物联网, 大屏/可视化项目",技术-前端开发-前端开发,2026-05-20 17:37:48,10.0,15.0,12.5,12.0,150.0,monthly,深圳,罗湖,清水河,民营,20-99人,未知,技术,前端开发,前端开发
前端开发,8000-15000元,深圳·龙华·民治,深圳华智经纬科技有限公司,100-299人,物联网,大专,1-3年,GIS/地图项目,技术-前端开发-前端开发,2026-05-20 17:37:48,8.0,15.0,11.5,12.0,138.0,monthly,深圳,龙华,民治,物联网,100-299人,未知,技术,前端开发,前端开发
前端开发,8000-13000元,深圳·南山·莲花,海南倍素科技有限公司,20-99人,软件/IT服务,学历不限,经验不限,,技术-前端开发-前端开发,2026-05-20 17:37:46,8.0,13.0,10.5,12.0,126.0,monthly,深圳,南山,莲花,软件/IT服务,20-99人,未知,技术,前端开发,前端开发
兼职-前端开发工程师,1000-2000元,深圳·宝安·西乡,深圳市慧惠研科技有限公司,民营,20人以下,大专,经验不限,"Vue, React, uni-app, 电商项目, 直播视频项目, 游戏项目",技术-前端开发-前端开发,2026-05-20 17:37:48,1.0,2.0,1.5,12.0,18.0,monthly,深圳,宝安,西乡,民营,20人以下,未知,技术,前端开发,前端开发
前端开发工程师-深圳/武汉/成都,面议,深圳·坪山·龙田,中软国际,上市公司,10000人以上,本科,5-10年,"Vue, React, JavaScript, HTML5, TypeScript, Node.js",技术-前端开发-前端开发,2026-05-20 17:37:46,,,,,,negotiable,深圳,坪山,龙田,上市公司,10000人以上,未知,技术,前端开发,前端开发
产品经理（TOB /C 硬件）,3-5万,深圳·龙华·观湖,海目星激光科技集团股份有限公司,民营,1000-9999人,本科,5-10年,智能硬件产品,技术-后端开发-C/C++,2026-05-20 17:09:51,30.0,50.0,40.0,12.0,480.0,monthly,深圳,龙华,观湖,民营,1000-9999人,未知,技术,后端开发,C/C++
C 【高薪直招】海外市场（英语/小语种）,1.9-2.8万,深圳·福田·沙头,湖南外企德科人力资源服务有限公司,合资,10000人以上,本科,1-3年,"大客户（KA）, 展会, 供应商, 商品, 大型机械",技术-后端开发-C/C++,2026-05-20 17:09:51,19.0,28.0,23.5,12.0,282.0,monthly,深圳,福田,沙头,合资,10000人以上,未知,技术,后端开发,C/C++
通用软件开发（Java、Python、C/C++、go、JS等）,1.6-3万·14薪,深圳·龙岗·坂田,外企德科数字技术有限公司,合资,10000人以上,本科,经验不限,JavaScript,技术-后端开发-C/C++,2026-05-20 17:10:01,16.0,30.0,23.0,14.0,322.0,monthly,深圳,龙岗,坂田,合资,10000人以上,未知,技术,后端开发,C/C++
C/C++/Java/Python//JS无经验可投递-双休五险一金年终奖,1.5-3万·14薪,深圳·龙岗·坂田,外企德科数字技术有限公司,合资,10000人以上,本科,经验不限,"Java, Python, C语言",技术-后端开发-C/C++,2026-05-20 17:09:50,15.0,30.0,22.5,14.0,315.0,monthly,深圳,龙岗,坂田,合资,10000人以上,未知,技术,后端开发,C/C++
C/C++/Java/JS/Python软开（接受应届）,1.5-3万,深圳·龙岗·坂田,外企德科数字技术有限公司,合资,10000人以上,本科,经验不限,"Java, Python",技术-后端开发-C/C++,2026-05-20 17:09:51,15.0,30.0,22.5,12.0,270.0,monthly,深圳,龙岗,坂田,合资,10000人以上,未知,技术,后端开发,C/C++
C/C++/JAVA/Python/大数据/AI/开发（一二线城市均有岗位需求）,1.5-3万·14薪,深圳·龙岗·坂田,外企德科数字技术有限公司,合资,10000人以上,本科,经验不限,"C++, Python, C#",技术-后端开发-C/C++,2026-05-20 17:09:51,15.0,30.0,22.5,14.0,315.0,monthly,深圳,龙岗,坂田,合资,10000人以上,未知,技术,后端开发,C/C++
JAVA/C++/C/Python 14薪双休 应届生可投,1.5-3万,深圳·福田·福田街道,外企德科数字技术有限公司,合资,10000人以上,本科,经验不限,"C++, Python, JavaScript, Spring, Hibernate, Struts",技术-后端开发-C/C++,2026-05-20 17:09:51,15.0,30.0,22.5,12.0,270.0,monthly,深圳,福田,福田街道,合资,10000人以上,未知,技术,后端开发,C/C++
C++/python/Java/C/C# （一年半以上经验，有力扣经验最佳）线上面试,1.5-3万·14薪,深圳·龙岗·坂田,外企德科数字技术有限公司,合资,10000人以上,本科,经验不限,"Java, C语言, Python, 模块开发与调试, 团队协作",技术-后端开发-C/C++,2026-05-20 17:09:52,15.0,30.0,22.5,14.0,315.0,monthly,深圳,龙岗,坂田,合资,10000人以上,未知,技术,后端开发,C/C++
C/C++/JAVA/Python/大数据/AI/开发/测试（一二线城市均有岗位需求）,1.5-3万·14薪,深圳·龙岗·坂田,外企德科数字技术有限公司,合资,10000人以上,本科,经验不限,"C++, Python, C#",技术-后端开发-C/C++,2026-05-20 17:10:01,15.0,30.0,22.5,14.0,315.0,monthly,深圳,龙岗,坂田,合资,10000人以上,未知,技术,后端开发,C/C++
C/C ++/Java,1.4-2.8万,深圳·龙岗·坂田,外企德科数字技术有限公司,合资,10000人以上,本科,经验不限,"C语言, C#, Java",技术-后端开发-C/C++,2026-05-20 17:09:50,14.0,28.0,21.0,12.0,252.0,monthly,深圳,龙岗,坂田,合资,10000人以上,未知,技术,后端开发,C/C++
JAVA/C/C++/Python/开发/测试(24/25届无经验即可),1.6-2.6万,深圳·龙岗·坂田,外企德科数字技术有限公司,合资,10000人以上,本科,经验不限,"C++, Python, Java",技术-后端开发-C/C++,2026-05-20 17:09:59,16.0,26.0,21.0,12.0,252.0,monthly,深圳,龙岗,坂田,合资,10000人以上,未知,技术,后端开发,C/C++
java/python/c/c++ 应届可培养,1.6-2.4万·16薪,深圳·龙岗·坂田,外企德科数字技术有限公司,合资,10000人以上,本科,经验不限,"C++, Python, JavaScript",技术-后端开发-C/C++,2026-05-20 17:10:12,16.0,24.0,20.0,16.0,320.0,monthly,深圳,龙岗,坂田,合资,10000人以上,未知,技术,后端开发,C/C++
Java/C/C++/python/测试工程师,1.3-2.6万·14薪,深圳·龙岗·坂田,外企德科数字技术有限公司,合资,10000人以上,本科,经验不限,"Java, Python, C/C++",技术-后端开发-C/C++,2026-05-20 17:09:52,13.0,26.0,19.5,14.0,273.0,monthly,深圳,龙岗,坂田,合资,10000人以上,未知,技术,后端开发,C/C++
cobol/RPG/PRO*C对日开发,1.2-2.4万,深圳·南山·招商,杭州优灿科技有限公司,合资,500-999人,学历不限,经验不限,"COBOL, 日语, N1, 对日, RPG, PRO*C",技术-后端开发-C/C++,2026-05-20 17:09:51,12.0,24.0,18.0,12.0,216.0,monthly,深圳,南山,招商,合资,500-999人,未知,技术,后端开发,C/C++
海洋工程施工安全管理（要有安全C证书）,1-2万,深圳·南山·粤海,普斯瑞克石油化工工程有限公司,民营,100-299人,本科,3-5年,"海工结构设计, 海下钢结构工程, 海洋施工工程, 英语, 出海",技术-后端开发-C/C++,2026-05-20 17:09:51,10.0,20.0,15.0,12.0,180.0,monthly,深圳,南山,粤海,民营,100-299人,未知,技术,后端开发,C/C++
c/c++开发工程师,1-1.5万,深圳·龙岗·坂田,软通动力信息技术(集团)股份有限公司,上市公司,10000人以上,本科,1-3年,"C语言, ARM处理器, UART, SPI",技术-后端开发-C/C++,2026-05-20 17:09:52,10.0,15.0,12.5,12.0,150.0,monthly,深圳,龙岗,坂田,上市公司,10000人以上,未知,技术,后端开发,C/C++
月子中心销售顾问（TO C),8000-16000元,深圳·南山·蛇口,深圳市爱帝宫新航线健康管理有限公司,上市公司,1000-9999人,高中,3-5年,"个人客户, 门店销售, 面销/陌拜, 电话销售, 面谈促单",技术-后端开发-C/C++,2026-05-20 17:09:51,8.0,16.0,12.0,12.0,144.0,monthly,深圳,南山,蛇口,上市公司,1000-9999人,未知,技术,后端开发,C/C++
c研发工程师,8000-16000元,深圳·龙岗·坂田,软通动力信息技术(集团)股份有限公司,上市公司,10000人以上,本科,1-3年,"C语言, PIC单片机, ARM处理器, 32位单片机",技术-后端开发-C/C++,2026-05-20 17:09:51,8.0,16.0,12.0,12.0,144.0,monthly,深圳,龙岗,坂田,上市公司,10000人以上,未知,技术,后端开发,C/C++
c/c++开发工程师,9000-14000元,深圳·龙岗·坂田,软通动力信息技术(集团)股份有限公司,上市公司,10000人以上,本科,1-3年,"C语言, C++, 单片机, 嵌入式",技术-后端开发-C/C++,2026-05-20 17:09:52,9.0,14.0,11.5,12.0,138.0,monthly,深圳,龙岗,坂田,上市公司,10000人以上,未知,技术,后端开发,C/C++
c/c++(25届起，全额五险一金）,7000-14000元,深圳·龙岗·坂田,软通动力信息技术(集团)股份有限公司,上市公司,10000人以上,本科,1-3年,"C语言, 嵌入式开发, C++",技术-后端开发-C/C++,2026-05-20 17:09:50,7.0,14.0,10.5,12.0,126.0,monthly,深圳,龙岗,坂田,上市公司,10000人以上,未知,技术,后端开发,C/C++
c/c++开发工程师,7000-14000元,深圳·龙岗·坂田,软通动力信息技术(集团)股份有限公司,上市公司,10000人以上,本科,1-3年,"C开发, C++开发",技术-后端开发-C/C++,2026-05-20 17:09:51,7.0,14.0,10.5,12.0,126.0,monthly,深圳,龙岗,坂田,上市公司,10000人以上,未知,技术,后端开发,C/C++
Cπ康养财富规划师,8000-12000元,深圳·龙岗·龙城,中国太平洋人寿保险股份有限公司深圳分公司,股份制企业,300-499人,大专,经验不限,"康养规划师, 财富规划师",技术-后端开发-C/C++,2026-05-20 17:09:50,8.0,12.0,10.0,12.0,120.0,monthly,深圳,龙岗,龙城,股份制企业,300-499人,未知,技术,后端开发,C/C++
c/C++实习生,150-200元/天,深圳·南山·南头,深圳市同强信息技术有限责任公司,民营,100-299人,大专,经验不限,"C/C++, Linux开发, QT开发, SQLite, STL, Qt",技术-后端开发-C/C++,2026-05-20 17:09:50,3.26,4.35,3.81,12.0,45.67,daily,深圳,南山,南头,民营,100-299人,未知,技术,后端开发,C/C++
硬件测试工程师C（深圳+双休+五险一金+大厂）,面议,深圳·龙岗·平湖,中软国际,上市公司,10000人以上,本科,1-3年,"硬件测试, 测试, 功能测试, 信号测试, 电源测试, 射频测试",技术-后端开发-C/C++,2026-05-20 17:09:52,,,,,,negotiable,深圳,龙岗,平湖,上市公司,10000人以上,未知,技术,后端开发,C/C++
Golang后台开发工程师,3-6万·15薪,深圳·粤海,腾讯科技,股份制企业,10000人以上,本科,经验不限,"C++, Java, Golang",技术-后端开发-Golang,2026-05-20 17:10:39,30.0,60.0,45.0,15.0,675.0,monthly,深圳,粤海,,股份制企业,10000人以上,未知,技术,后端开发,Golang
Golang高级工程师,2-4万,深圳·南山·粤海,深圳市共济科技股份有限公司,民营,500-999人,本科,经验不限,GO,技术-后端开发-Golang,2026-05-20 17:10:39,20.0,40.0,30.0,12.0,360.0,monthly,深圳,南山,粤海,民营,500-999人,未知,技术,后端开发,Golang
Golang开发工程师,1.8-3.5万·14薪,深圳·龙岗·坂田,北京鼎腾科技有限公司,民营,500-999人,本科,经验不限,"Python, C++",技术-后端开发-Golang,2026-05-20 17:10:39,18.0,35.0,26.5,14.0,371.0,monthly,深圳,龙岗,坂田,民营,500-999人,未知,技术,后端开发,Golang
软件开发/软件测试（接受25届无经验+导师带教）,1.5-3万·14薪,深圳·龙岗·坂田,外企德科数字技术有限公司,合资,10000人以上,本科,经验不限,"Java, C++, Python, Spring, MySQL, 数据结构, 算法",技术-后端开发-Golang,2026-05-20 17:10:49,15.0,30.0,22.5,14.0,315.0,monthly,深圳,龙岗,坂田,合资,10000人以上,未知,技术,后端开发,Golang
Golang后台开发工程师,1.5-2.5万,深圳·南山·粤海,深圳创想悦动科技有限公司,民营,20-99人,本科,3-5年,"Golang, MySQL, Redis",技术-后端开发-Golang,2026-05-20 17:10:39,15.0,25.0,20.0,12.0,240.0,monthly,深圳,南山,粤海,民营,20-99人,未知,技术,后端开发,Golang
Golang开发（线上面试）,1.8-2万,深圳·南山·西丽,深圳市法本信息技术股份有限公司,上市公司,1000-9999人,大专,1-3年,Golang,技术-后端开发-Golang,2026-05-20 17:10:39,18.0,20.0,19.0,12.0,228.0,monthly,深圳,南山,西丽,上市公司,1000-9999人,未知,技术,后端开发,Golang
Golang（大厂双休，全额公积金）,1.7-2万,深圳·南山·粤海,深德科,民营,1000-9999人,大专,3-5年,"Java, Golang",技术-后端开发-Golang,2026-05-20 17:10:39,17.0,20.0,18.5,12.0,222.0,monthly,深圳,南山,粤海,民营,1000-9999人,未知,技术,后端开发,Golang
golang开发工程师,1.7-2万,深圳·龙华·大浪,大连君彩科技有限公司,民营,20-99人,学历不限,5-10年,PHP,技术-后端开发-Golang,2026-05-20 17:10:39,17.0,20.0,18.5,12.0,222.0,monthly,深圳,龙华,大浪,民营,20-99人,未知,技术,后端开发,Golang
golang,1.7-2万,深圳·南山·粤海,上海微创软件股份有限公司,合资,10000人以上,大专,3-5年,金融项目,技术-后端开发-Golang,2026-05-20 17:10:39,17.0,20.0,18.5,12.0,222.0,monthly,深圳,南山,粤海,合资,10000人以上,未知,技术,后端开发,Golang
golang开发,1.7-2万,深圳·宝安·新安,深圳市法本信息技术股份有限公司,上市公司,1000-9999人,本科,3-5年,AI项目,技术-后端开发-Golang,2026-05-20 17:10:39,17.0,20.0,18.5,12.0,222.0,monthly,深圳,宝安,新安,上市公司,1000-9999人,未知,技术,后端开发,Golang
golang,1.5-2万,深圳·南山·粤海,上海微创软件股份有限公司,合资,10000人以上,本科,1-3年,Golang,技术-后端开发-Golang,2026-05-20 17:10:40,15.0,20.0,17.5,12.0,210.0,monthly,深圳,南山,粤海,合资,10000人以上,未知,技术,后端开发,Golang
golang,1.5-1.9万,深圳·南山·西丽,深圳市法本信息技术股份有限公司,上市公司,1000-9999人,大专,5-10年,"MySQL, MongoDB",技术-后端开发-Golang,2026-05-20 17:10:40,15.0,19.0,17.0,12.0,204.0,monthly,深圳,南山,西丽,上市公司,1000-9999人,未知,技术,后端开发,Golang
Golang开发工程师（龙华区+大小休）,1.5-1.8万,深圳·龙华·大浪,长沙巨云教育咨询有限公司,民营,20-99人,大专,3-5年,"Java, PHP, GO",技术-后端开发-Golang,2026-05-20 17:10:38,15.0,18.0,16.5,12.0,198.0,monthly,深圳,龙华,大浪,民营,20-99人,未知,技术,后端开发,Golang
golang,1.5-1.8万,深圳·南山·西丽,深圳市法本信息技术股份有限公司,上市公司,1000-9999人,大专,5-10年,"Java, 前端, Golang",技术-后端开发-Golang,2026-05-20 17:10:39,15.0,18.0,16.5,12.0,198.0,monthly,深圳,南山,西丽,上市公司,1000-9999人,未知,技术,后端开发,Golang
中级Golang开发工程师,1.2-1.5万,深圳·宝安·新安,上海微创软件股份有限公司,合资,10000人以上,大专,1-3年,"Python, MySQL",技术-后端开发-Golang,2026-05-20 17:10:39,12.0,15.0,13.5,12.0,162.0,monthly,深圳,宝安,新安,合资,10000人以上,未知,技术,后端开发,Golang
golang,1-1.4万,深圳·罗湖·笋岗,财富在线(深圳)科技有限公司,其它,500-999人,本科,经验不限,"MySQL, 金融项目, Python",技术-后端开发-Golang,2026-05-20 17:10:38,10.0,14.0,12.0,12.0,144.0,monthly,深圳,罗湖,笋岗,其它,500-999人,未知,技术,后端开发,Golang
Java开发（FAE）,1-1.4万,深圳·南山·粤海,万宝盛华企业管理咨询(上海)有限公司大连分公司,上市公司,1000-9999人,本科,3-5年,Java,技术-后端开发-Golang,2026-05-20 17:10:40,10.0,14.0,12.0,12.0,144.0,monthly,深圳,南山,粤海,上市公司,1000-9999人,未知,技术,后端开发,Golang
Golang,8000-13000元,深圳·龙华·莲花,长沙恩欣科技有限公司,20-99人,软件/IT服务,学历不限,经验不限,,技术-后端开发-Golang,2026-05-20 17:10:38,8.0,13.0,10.5,12.0,126.0,monthly,深圳,龙华,莲花,软件/IT服务,20-99人,未知,技术,后端开发,Golang
Golang,8000-13000元,深圳·罗湖·莲花,海南倍素科技有限公司,20-99人,软件/IT服务,学历不限,经验不限,,技术-后端开发-Golang,2026-05-20 17:10:38,8.0,13.0,10.5,12.0,126.0,monthly,深圳,罗湖,莲花,软件/IT服务,20-99人,未知,技术,后端开发,Golang
golang实习生,8000-12000元,深圳·南山·粤海,云领天下,民营,300-499人,本科,经验不限,,技术-后端开发-Golang,2026-05-20 17:10:40,8.0,12.0,10.0,12.0,120.0,monthly,深圳,南山,粤海,民营,300-499人,未知,技术,后端开发,Golang
java研发实习生,150-200元/天,深圳·南山·南头,深圳市同强信息技术有限责任公司,民营,100-299人,本科,经验不限,"SPRINGBOOT, JavaScript, MySQL",技术-后端开发-Golang,2026-05-20 17:10:40,3.26,4.35,3.81,12.0,45.67,daily,深圳,南山,南头,民营,100-299人,未知,技术,后端开发,Golang
java开发工程师/架构师,2.3-3万·13薪,深圳·福田·福田街道,大连弗斯特高新人才发展管理有限公司,民营,100-299人,大专,5-10年,"JavaScript, Spring, MySQL",技术-后端开发-Java,2026-05-20 17:08:12,23.0,30.0,26.5,13.0,344.5,monthly,深圳,福田,福田街道,民营,100-299人,未知,技术,后端开发,Java
C/C++/Java/Python//JS无经验可投递-双休五险一金年终奖,1.5-3万·14薪,深圳·龙岗·坂田,外企德科数字技术有限公司,合资,10000人以上,本科,经验不限,"Java, Python, C语言",技术-后端开发-Java,2026-05-20 17:08:12,15.0,30.0,22.5,14.0,315.0,monthly,深圳,龙岗,坂田,合资,10000人以上,未知,技术,后端开发,Java
Java高级开发工程师,1.8-2.3万,深圳·南山·西丽,河北起聘信息科技有限责任公司,民营,500-999人,大专,5-10年,"RAG, AI, JavaScript",技术-后端开发-Java,2026-05-20 17:08:11,18.0,23.0,20.5,12.0,246.0,monthly,深圳,南山,西丽,民营,500-999人,未知,技术,后端开发,Java
Java开发中高级（银行项目）,1.6-2万,深圳·福田·沙头,紫金支点,民营,1000-9999人,大专,5-10年,,技术-后端开发-Java,2026-05-20 17:08:13,16.0,20.0,18.0,12.0,216.0,monthly,深圳,福田,沙头,民营,1000-9999人,未知,技术,后端开发,Java
java开发工程师,1.6-1.8万,深圳·光明·凤凰,广州哇达科技有限公司,20-99人,互联网社交/数字内容,大专,经验不限,"Spring, MySQL, Redis, 高并发系统开发, 分布式技术",技术-后端开发-Java,2026-05-20 17:08:12,16.0,18.0,17.0,12.0,204.0,monthly,深圳,光明,凤凰,互联网社交/数字内容,20-99人,未知,技术,后端开发,Java
java开发工程师,1.6-1.8万,深圳·龙岗·龙城,广州哇达科技有限公司,20-99人,互联网社交/数字内容,大专,经验不限,"Spring, MySQL, Redis, 高并发系统开发, 分布式技术",技术-后端开发-Java,2026-05-20 17:08:12,16.0,18.0,17.0,12.0,204.0,monthly,深圳,龙岗,龙城,互联网社交/数字内容,20-99人,未知,技术,后端开发,Java
Java（跨境电商 现场面试）,1.5-1.9万,深圳·南山·粤海,纬致科技(北京)有限公司,港澳台公司,1000-9999人,本科,3-5年,跨境电商,技术-后端开发-Java,2026-05-20 17:08:13,15.0,19.0,17.0,12.0,204.0,monthly,深圳,南山,粤海,港澳台公司,1000-9999人,未知,技术,后端开发,Java
java技术经理,1.5-1.8万,深圳·龙华·民治,深圳思特顺科技有限公司,民营,100-299人,大专,5-10年,JavaScript,技术-后端开发-Java,2026-05-20 17:08:12,15.0,18.0,16.5,12.0,198.0,monthly,深圳,龙华,民治,民营,100-299人,未知,技术,后端开发,Java
中级Java开发,1.5-1.7万·13薪,深圳·南山·粤海,深圳市汇合发展有限公司,其它,10000人以上,本科,3-5年,"JavaScript, Spring, MySQL",技术-后端开发-Java,2026-05-20 17:08:11,15.0,17.0,16.0,13.0,208.0,monthly,深圳,南山,粤海,其它,10000人以上,未知,技术,后端开发,Java
AI Java开发工程师,1.2-1.8万,深圳·南山·招商,中电金信软件有限公司,国企,10000人以上,本科,3-5年,"JavaScript, Spring, MySQL, Oracle, Redis, AI",技术-后端开发-Java,2026-05-20 17:08:12,12.0,18.0,15.0,12.0,180.0,monthly,深圳,南山,招商,国企,10000人以上,未知,技术,后端开发,Java
java开发岗,1.3-1.6万,深圳·福田·福田街道,深圳华云信息系统科技股份有限公司,民营,1000-9999人,本科,3-5年,"Spring, Oracle, 微服务架构开发, 信创项目经验",技术-后端开发-Java,2026-05-20 17:08:13,13.0,16.0,14.5,12.0,174.0,monthly,深圳,福田,福田街道,民营,1000-9999人,未知,技术,后端开发,Java
深圳Java开发（BPIT-本科2年以上）,1.1-1.5万,深圳·龙岗·坂田,软通动力信息技术(集团)股份有限公司,上市公司,10000人以上,本科,3-5年,"JavaScript, Spring, Mybatis, Maven, git, Jenkins",技术-后端开发-Java,2026-05-20 17:08:11,11.0,15.0,13.0,12.0,156.0,monthly,深圳,龙岗,坂田,上市公司,10000人以上,未知,技术,后端开发,Java
Java开发工程师,1-1.6万,深圳·南山·粤海,中电金信软件有限公司,国企,10000人以上,本科,3-5年,"Spring, Oracle",技术-后端开发-Java,2026-05-20 17:08:13,10.0,16.0,13.0,12.0,156.0,monthly,深圳,南山,粤海,国企,10000人以上,未知,技术,后端开发,Java
JAVA开发工程师（线上面试，项目稳定，双休）,1-1.5万,深圳·龙岗·坂田,软通动力信息技术(集团)股份有限公司,上市公司,10000人以上,本科,3-5年,"SPRINGBOOT, SPRINGCLOUD, 微服务",技术-后端开发-Java,2026-05-20 17:08:12,10.0,15.0,12.5,12.0,150.0,monthly,深圳,龙岗,坂田,上市公司,10000人以上,未知,技术,后端开发,Java
中级java开发工程师（外编）,1.1-1.4万,深圳·宝安·西乡,天津新聘信息技术有限公司,上市公司,1000-9999人,大专,3-5年,"Spring, 分布式系统优化, AI辅助开发, 前后端协作",技术-后端开发-Java,2026-05-20 17:08:12,11.0,14.0,12.5,12.0,150.0,monthly,深圳,宝安,西乡,上市公司,1000-9999人,未知,技术,后端开发,Java
Java开发（FAE）,1-1.4万,深圳·南山·粤海,万宝盛华企业管理咨询(上海)有限公司大连分公司,上市公司,1000-9999人,本科,3-5年,Java,技术-后端开发-Java,2026-05-20 17:08:11,10.0,14.0,12.0,12.0,144.0,monthly,深圳,南山,粤海,上市公司,1000-9999人,未知,技术,后端开发,Java
Java,8000-13000元,深圳·大鹏新区·莲花,海南倍素科技有限公司,20-99人,软件/IT服务,学历不限,经验不限,,技术-后端开发-Java,2026-05-20 17:08:13,8.0,13.0,10.5,12.0,126.0,monthly,深圳,大鹏新区,莲花,软件/IT服务,20-99人,未知,技术,后端开发,Java
Java软件开发工程师,8000-12000元,深圳·宝安·新安,立能派(深圳)新能源科技有限公司,民营,20-99人,本科,3-5年,"Spring, Mybatis, MySQL, Redis",技术-后端开发-Java,2026-05-20 17:08:12,8.0,12.0,10.0,12.0,120.0,monthly,深圳,宝安,新安,民营,20-99人,未知,技术,后端开发,Java
java研发实习生,150-200元/天,深圳·南山·南头,深圳市同强信息技术有限责任公司,民营,100-299人,本科,经验不限,"SPRINGBOOT, JavaScript, MySQL",技术-后端开发-Java,2026-05-20 17:08:11,3.26,4.35,3.81,12.0,45.67,daily,深圳,南山,南头,民营,100-299人,未知,技术,后端开发,Java
Java开发（岗头发展大厦）,面议,深圳·龙岗·坂田,中软国际,上市公司,10000人以上,本科,1-3年,"Java, Spring, SpringCloud, SpringMVC, SpringBoot",技术-后端开发-Java,2026-05-20 17:08:12,,,,,,negotiable,深圳,龙岗,坂田,上市公司,10000人以上,未知,技术,后端开发,Java
react前端开发工程师/React.js,2-3万·13薪,深圳·福田·沙头,大连弗斯特高新人才发展管理有限公司,民营,1000-9999人,大专,3-5年,"React, 金融项目, 银行项目, 证券项目, 保险项目",技术-后端开发-PHP,2026-05-20 17:11:27,20.0,30.0,25.0,13.0,325.0,monthly,深圳,福田,沙头,民营,1000-9999人,未知,技术,后端开发,PHP
前端工程师,2-3万,深圳·福田·福保,深圳市人力资本(集团)有限公司,国企,10000人以上,硕士,5-10年,"前端架构, AI工程化或AIGC系统开发经验, React Native",技术-后端开发-PHP,2026-05-20 17:11:28,20.0,30.0,25.0,12.0,300.0,monthly,深圳,福田,福保,国企,10000人以上,未知,技术,后端开发,PHP
PHP开发工程师,1.5-2.7万,深圳·福田·福保,曼迪匹艾(大连)科技服务有限公司,民营,1000-9999人,本科,1-3年,Linux,技术-后端开发-PHP,2026-05-20 17:11:26,15.0,27.0,21.0,12.0,252.0,monthly,深圳,福田,福保,民营,1000-9999人,未知,技术,后端开发,PHP
php开发工程师,1.5-2万,深圳·龙岗·坂田,深圳市易检车服科技有限公司,民营,100-299人,本科,5-10年,"Golang, LINUX部署, MySQL, PHP开发经验PHP",技术-后端开发-PHP,2026-05-20 17:11:26,15.0,20.0,17.5,12.0,210.0,monthly,深圳,龙岗,坂田,民营,100-299人,未知,技术,后端开发,PHP
Web前端工程师,1.5-2万,深圳·南山·南头,深圳市会丰能源科技有限公司,20-99人,软件/IT服务,学历不限,经验不限,"游戏项目, 电商项目, ERP项目, CSS, JavaScript, HTML5",技术-后端开发-PHP,2026-05-20 17:11:27,15.0,20.0,17.5,12.0,210.0,monthly,深圳,南山,南头,软件/IT服务,20-99人,未知,技术,后端开发,PHP
web前端工程师,1.5-1.8万,深圳·龙岗·龙城,成都成树深汽车服务有限公司,民营,100-299人,本科,3-5年,"HTML5, CSS, JavaScript, Vue, React, 前端架构设计",技术-后端开发-PHP,2026-05-20 17:11:28,15.0,18.0,16.5,12.0,198.0,monthly,深圳,龙岗,龙城,民营,100-299人,未知,技术,后端开发,PHP
前端开发工程师,1.5-1.8万,深圳·光明·凤凰,广州哇达科技有限公司,20-99人,互联网社交/数字内容,大专,经验不限,"HTML5, CSS, JavaScript, React, Vue, React Native",技术-后端开发-PHP,2026-05-20 17:11:37,15.0,18.0,16.5,12.0,198.0,monthly,深圳,光明,凤凰,互联网社交/数字内容,20-99人,未知,技术,后端开发,PHP
php研发工程师,1.4-1.8万,深圳·南山·粤海,深圳市巨米网络科技有限责任公司,民营,20-99人,大专,3-5年,"网络爬虫技术, 消息队列, 多进程",技术-后端开发-PHP,2026-05-20 17:11:26,14.0,18.0,16.0,12.0,192.0,monthly,深圳,南山,粤海,民营,20-99人,未知,技术,后端开发,PHP
PHP开发,1.4-1.7万,深圳·南山·桃源,深圳建广数字科技有限公司青岛分公司,民营,20人以下,大专,5-10年,"PHP, Redis, JS",技术-后端开发-PHP,2026-05-20 17:11:26,14.0,17.0,15.5,12.0,186.0,monthly,深圳,南山,桃源,民营,20人以下,未知,技术,后端开发,PHP
php程序员/网络主管,1.4-1.6万,深圳·龙岗·南湾,深圳市怡亚通供应链股份有限公司,上市公司,1000-9999人,大专,3-5年,"Laravel, ThinkPHP, 网络协议, Linux, PHP后端开发维护",技术-后端开发-PHP,2026-05-20 17:11:27,14.0,16.0,15.0,12.0,180.0,monthly,深圳,龙岗,南湾,上市公司,1000-9999人,未知,技术,后端开发,PHP
php全栈工程师,1.4-1.6万,深圳·龙岗·南湾,深圳市怡亚通供应链股份有限公司,上市公司,1000-9999人,本科,3-5年,"HTML, CSS, MySQL, Redis, Laravel, ThinkPHP",技术-后端开发-PHP,2026-05-20 17:11:27,14.0,16.0,15.0,12.0,180.0,monthly,深圳,龙岗,南湾,上市公司,1000-9999人,未知,技术,后端开发,PHP
PHP程序员,1.4-1.5万,深圳·南山·南山,深圳市澳华集团股份有限公司,民营,1000-9999人,大专,3-5年,"HTML, CSS, MySQL, Laravel, ThinkPHP, 后端开发",技术-后端开发-PHP,2026-05-20 17:11:27,14.0,15.0,14.5,12.0,174.0,monthly,深圳,南山,南山,民营,1000-9999人,未知,技术,后端开发,PHP
php程序员,1.3-1.4万,深圳·罗湖·南湖,深圳市硕凯电子股份有限公司,股份制企业,100-299人,本科,1-3年,"Laravel, ThinkPHP, MySQL, 后端开发, 高级软件工程师",技术-后端开发-PHP,2026-05-20 17:11:26,13.0,14.0,13.5,12.0,162.0,monthly,深圳,罗湖,南湖,股份制企业,100-299人,未知,技术,后端开发,PHP
php全栈工程师,1.3-1.4万,深圳·罗湖·南湖,深圳市硕凯电子股份有限公司,股份制企业,100-299人,本科,3-5年,"HTML, CSS, SQL, Laravel, ThinkPHP, MySQL, Redis",技术-后端开发-PHP,2026-05-20 17:11:26,13.0,14.0,13.5,12.0,162.0,monthly,深圳,罗湖,南湖,股份制企业,100-299人,未知,技术,后端开发,PHP
PHP程序员,1.3-1.4万,深圳·南山·粤海,新宇智慧,民营,100-299人,大专,1-3年,"SQL, MySQL, Laravel, ThinkPHP, 后端开发, MVC开发",技术-后端开发-PHP,2026-05-20 17:11:26,13.0,14.0,13.5,12.0,162.0,monthly,深圳,南山,粤海,民营,100-299人,未知,技术,后端开发,PHP
PHP,1.1-1.6万,深圳·南山·桃源,深圳建广数字科技有限公司青岛分公司,民营,20人以下,大专,5-10年,"MySQL, Laravel",技术-后端开发-PHP,2026-05-20 17:11:26,11.0,16.0,13.5,12.0,162.0,monthly,深圳,南山,桃源,民营,20人以下,未知,技术,后端开发,PHP
后端开发工程师（ai方向）,9000-18000元,深圳·福田·梅林,小雨伞保险经纪有限公司,民营,500-999人,本科,1-3年,"Python, C++, C语言, PHP, AI开发",技术-后端开发-PHP,2026-05-20 17:11:28,9.0,18.0,13.5,12.0,162.0,monthly,深圳,福田,梅林,民营,500-999人,未知,技术,后端开发,PHP
PHP程序员,1.2-1.3万,深圳·南山·西丽,盛视科技,上市公司,500-999人,本科,3-5年,"Laravel, ThinkPHP, MySQL, Redis, 后端开发",技术-后端开发-PHP,2026-05-20 17:11:27,12.0,13.0,12.5,12.0,150.0,monthly,深圳,南山,西丽,上市公司,500-999人,未知,技术,后端开发,PHP
PHP,8000-13000元,深圳·福田·莲花,海南倍素科技有限公司,20-99人,软件/IT服务,学历不限,经验不限,,技术-后端开发-PHP,2026-05-20 17:11:26,8.0,13.0,10.5,12.0,126.0,monthly,深圳,福田,莲花,软件/IT服务,20-99人,未知,技术,后端开发,PHP
Java/C#/PHP 软件工程师,8000-12000元,深圳·宝安·福海,深圳市开乾科技有限公司,民营,20-99人,本科,1-3年,"Python, Java, C",技术-后端开发-PHP,2026-05-20 17:11:26,8.0,12.0,10.0,12.0,120.0,monthly,深圳,宝安,福海,民营,20-99人,未知,技术,后端开发,PHP
PHP开发工程师,8000-12000元,深圳·南山·招商,深圳市盼游国际旅行社有限公司,民营,20-99人,本科,经验不限,"后端开发, APP后台开发, 软件工程师, 初级软件工程师",技术-后端开发-PHP,2026-05-20 17:11:27,8.0,12.0,10.0,12.0,120.0,monthly,深圳,南山,招商,民营,20-99人,未知,技术,后端开发,PHP
通用软件开发（Java、Python、C/C++、go、JS等）,1.6-3万·14薪,深圳·龙岗·坂田,外企德科数字技术有限公司,合资,10000人以上,本科,经验不限,JavaScript,技术-后端开发-Python,2026-05-20 17:09:02,16.0,30.0,23.0,14.0,322.0,monthly,深圳,龙岗,坂田,合资,10000人以上,未知,技术,后端开发,Python
C/C++/Java/Python//JS无经验可投递-双休五险一金年终奖,1.5-3万·14薪,深圳·龙岗·坂田,外企德科数字技术有限公司,合资,10000人以上,本科,经验不限,"Java, Python, C语言",技术-后端开发-Python,2026-05-20 17:09:00,15.0,30.0,22.5,14.0,315.0,monthly,深圳,龙岗,坂田,合资,10000人以上,未知,技术,后端开发,Python
C/C++/JAVA/Python/大数据/AI/开发/测试（一二线城市均有岗位需求）,1.5-3万·14薪,深圳·龙岗·坂田,外企德科数字技术有限公司,合资,10000人以上,本科,经验不限,"C++, Python, C#",技术-后端开发-Python,2026-05-20 17:09:01,15.0,30.0,22.5,14.0,315.0,monthly,深圳,龙岗,坂田,合资,10000人以上,未知,技术,后端开发,Python
python开发【Java可投】,1.5-3万·14薪,深圳·龙岗·坂田,外企德科数字技术有限公司,合资,10000人以上,本科,经验不限,"Java, Python, 蓝桥杯, 代码习惯好",技术-后端开发-Python,2026-05-20 17:09:01,15.0,30.0,22.5,14.0,315.0,monthly,深圳,龙岗,坂田,合资,10000人以上,未知,技术,后端开发,Python
C++/python/Java/C/C# （一年半以上经验，有力扣经验最佳）线上面试,1.5-3万·14薪,深圳·龙岗·坂田,外企德科数字技术有限公司,合资,10000人以上,本科,经验不限,"Java, C语言, Python, 模块开发与调试, 团队协作",技术-后端开发-Python,2026-05-20 17:09:01,15.0,30.0,22.5,14.0,315.0,monthly,深圳,龙岗,坂田,合资,10000人以上,未知,技术,后端开发,Python
C/C++/Java/JS/Python软开（接受应届）,1.5-3万,深圳·龙岗·坂田,外企德科数字技术有限公司,合资,10000人以上,本科,经验不限,"Java, Python",技术-后端开发-Python,2026-05-20 17:09:31,15.0,30.0,22.5,12.0,270.0,monthly,深圳,龙岗,坂田,合资,10000人以上,未知,技术,后端开发,Python
C/C++/JAVA/Python/大数据/AI/开发（一二线城市均有岗位需求）,1.5-3万·14薪,深圳·龙岗·坂田,外企德科数字技术有限公司,合资,10000人以上,本科,经验不限,"C++, Python, C#",技术-后端开发-Python,2026-05-20 17:09:32,15.0,30.0,22.5,14.0,315.0,monthly,深圳,龙岗,坂田,合资,10000人以上,未知,技术,后端开发,Python
JAVA/C++/C/Python 14薪双休 应届生可投,1.5-3万,深圳·福田·福田街道,外企德科数字技术有限公司,合资,10000人以上,本科,经验不限,"C++, Python, JavaScript, Spring, Hibernate, Struts",技术-后端开发-Python,2026-05-20 17:09:32,15.0,30.0,22.5,12.0,270.0,monthly,深圳,福田,福田街道,合资,10000人以上,未知,技术,后端开发,Python
python开发,1.5-3万·14薪,深圳·龙岗·坂田,外企德科数字技术有限公司,合资,10000人以上,本科,经验不限,,技术-后端开发-Python,2026-05-20 17:09:32,15.0,30.0,22.5,14.0,315.0,monthly,深圳,龙岗,坂田,合资,10000人以上,未知,技术,后端开发,Python
月薪15-35k/java/c++/python后端开发/算法/测试,1.5-3万·14薪,深圳·龙岗·坂田,外企德科数字技术有限公司,合资,10000人以上,本科,经验不限,"Java, C++, C",技术-后端开发-Python,2026-05-20 17:09:33,15.0,30.0,22.5,14.0,315.0,monthly,深圳,龙岗,坂田,合资,10000人以上,未知,技术,后端开发,Python
Python开发工程师 （智能体 / Agent方向）,1.8-2.5万,深圳·南山·蛇口,牧原股份,上市公司,10000人以上,本科,5-10年,,技术-后端开发-Python,2026-05-20 17:09:01,18.0,25.0,21.5,12.0,258.0,monthly,深圳,南山,蛇口,上市公司,10000人以上,未知,技术,后端开发,Python
JAVA/C/C++/Python/开发/测试(24/25届无经验即可),1.6-2.6万,深圳·龙岗·坂田,外企德科数字技术有限公司,合资,10000人以上,本科,经验不限,"C++, Python, Java",技术-后端开发-Python,2026-05-20 17:09:02,16.0,26.0,21.0,12.0,252.0,monthly,深圳,龙岗,坂田,合资,10000人以上,未知,技术,后端开发,Python
python开发工程师/python爬虫方向,1.4-2.5万,深圳·龙岗·坂田,深圳市猎芯科技有限公司,民营,300-499人,本科,3-5年,数据采集,技术-后端开发-Python,2026-05-20 17:09:02,14.0,25.0,19.5,12.0,234.0,monthly,深圳,龙岗,坂田,民营,300-499人,未知,技术,后端开发,Python
python运维开发工程师-深圳,1.5-1.8万,深圳·南山·西丽,深圳市法本信息技术股份有限公司,上市公司,1000-9999人,大专,3-5年,"系统运维, Python, Ansible",技术-后端开发-Python,2026-05-20 17:09:00,15.0,18.0,16.5,12.0,198.0,monthly,深圳,南山,西丽,上市公司,1000-9999人,未知,技术,后端开发,Python
python开发工程师,1.2-2万,深圳·南山·粤海,软通动力信息技术(集团)股份有限公司,上市公司,10000人以上,大专,3-5年,"AI, 信创",技术-后端开发-Python,2026-05-20 17:09:01,12.0,20.0,16.0,12.0,192.0,monthly,深圳,南山,粤海,上市公司,10000人以上,未知,技术,后端开发,Python
python开发工程师,1.3-1.7万,深圳·南山·粤海,软通动力信息技术(集团)股份有限公司,上市公司,10000人以上,大专,3-5年,"Django, RPA, 信创",技术-后端开发-Python,2026-05-20 17:09:01,13.0,17.0,15.0,12.0,180.0,monthly,深圳,南山,粤海,上市公司,10000人以上,未知,技术,后端开发,Python
react（会写Python）,1.4-1.5万,深圳·南山·粤海,深圳建广数字科技有限公司青岛分公司,民营,20人以下,大专,5-10年,"React, Python",技术-后端开发-Python,2026-05-20 17:09:01,14.0,15.0,14.5,12.0,174.0,monthly,深圳,南山,粤海,民营,20人以下,未知,技术,后端开发,Python
react前端开发工程师（python）,1.4-1.5万,深圳·南山·粤海,深圳建广数字科技有限公司青岛分公司,民营,20人以下,本科,5-10年,"React, Python, 架构设计",技术-后端开发-Python,2026-05-20 17:09:02,14.0,15.0,14.5,12.0,174.0,monthly,深圳,南山,粤海,民营,20人以下,未知,技术,后端开发,Python
算法工程师（大模型、机器学习/深度学习、Python）,1.2-1.6万,深圳·龙岗·坂田,软通动力信息技术(集团)股份有限公司,上市公司,10000人以上,本科,3-5年,"深度学习, 机器学习, 大模型算法, 运筹优化, 时间序列",技术-后端开发-Python,2026-05-20 17:09:00,12.0,16.0,14.0,12.0,168.0,monthly,深圳,龙岗,坂田,上市公司,10000人以上,未知,技术,后端开发,Python
python/c++开发工程师,9000-15000元·14薪,深圳·福田·华强北,深圳市凯瑞佳易科技有限公司,港澳台公司,100-299人,本科,3-5年,本科,技术-后端开发-Python,2026-05-20 17:09:01,9.0,15.0,12.0,14.0,168.0,monthly,深圳,福田,华强北,港澳台公司,100-299人,未知,技术,后端开发,Python
软件开发-Python,9000-14000元·14薪,深圳·福田·华强北,深圳市凯瑞佳易科技有限公司,港澳台公司,100-299人,本科,3-5年,本科,技术-后端开发-Python,2026-05-20 17:09:01,9.0,14.0,11.5,14.0,161.0,monthly,深圳,福田,华强北,港澳台公司,100-299人,未知,技术,后端开发,Python
python后端开发工程师助理,8000-13000元·13薪,深圳·南山·粤海,深圳市智元数创科技有限公司,20-99人,软件/IT服务,本科,1-3年,"Flask, MySQL, 后端服务开发, 系统集成与联调, 技术文档整理",技术-后端开发-Python,2026-05-20 17:09:02,8.0,13.0,10.5,13.0,136.5,monthly,深圳,南山,粤海,软件/IT服务,20-99人,未知,技术,后端开发,Python
python爬虫（实习）,150-200元/天,深圳·宝安·西乡,深圳市胖达摸鱼科技有限公司,民营,20人以下,大专,经验不限,"Python, SQL",技术-后端开发-Python,2026-05-20 17:09:02,3.26,4.35,3.81,12.0,45.67,daily,深圳,宝安,西乡,民营,20人以下,未知,技术,后端开发,Python
Python开发工程师（周末双休，长期稳定）,面议,深圳·龙岗·平湖,中软国际,上市公司,10000人以上,本科,3-5年,"Django, Flask, Shell, MySQL, Oracle",技术-后端开发-Python,2026-05-20 17:09:00,,,,,,negotiable,深圳,龙岗,平湖,上市公司,10000人以上,未知,技术,后端开发,Python
python开发&测试,面议,深圳·龙岗·平湖,中软国际,上市公司,10000人以上,大专,3-5年,,技术-后端开发-Python,2026-05-20 17:09:01,,,,,,negotiable,深圳,龙岗,平湖,上市公司,10000人以上,未知,技术,后端开发,Python
数据架构资深经理,2.5-4万·15薪,深圳·南山·粤海,中电数据产业集团有限公司,20-99人,云计算,硕士,10年以上,"数学/统计相关专业, 计算机相关专业",技术-数据-数据挖掘,2026-05-20 18:04:21,25.0,40.0,32.5,15.0,487.5,monthly,深圳,南山,粤海,云计算,20-99人,未知,技术,数据,数据挖掘
数据挖掘工程师,2-4万,深圳·南山·蛇口,牧原股份,上市公司,10000人以上,本科,1-3年,"深度学习, 分类算法, 集成算法, Python, SQL, MySQL",技术-数据-数据挖掘,2026-05-20 18:04:21,20.0,40.0,30.0,12.0,360.0,monthly,深圳,南山,蛇口,上市公司,10000人以上,未知,技术,数据,数据挖掘
数据运营资深经理,2-3.5万·15薪,深圳·南山·粤海,中电数据产业集团有限公司,20-99人,云计算,本科,5-10年,,技术-数据-数据挖掘,2026-05-20 18:04:21,20.0,35.0,27.5,15.0,412.5,monthly,深圳,南山,粤海,云计算,20-99人,未知,技术,数据,数据挖掘
主数据管理专员(零售行业，不加班，急招）,1.5-2.5万,深圳·福田·香蜜湖,大连思泰克科技有限公司,外商独资,100-299人,本科,经验不限,商品主数据,技术-数据-数据挖掘,2026-05-20 18:04:21,15.0,25.0,20.0,12.0,240.0,monthly,深圳,福田,香蜜湖,外商独资,100-299人,未知,技术,数据,数据挖掘
数据开发工程师,1.5-2.5万·14薪,深圳·南山·西丽,山东普罗世纪人力资源有限公司,民营,100-299人,大专,3-5年,"数据仓库, 数据库开发, 数据中台开发, Java, Shell",技术-数据-数据挖掘,2026-05-20 18:04:22,15.0,25.0,20.0,14.0,280.0,monthly,深圳,南山,西丽,民营,100-299人,未知,技术,数据,数据挖掘
外企高新双休不加班-数据治理（零售）,1.8-1.9万,深圳·福田·香蜜湖,大连思泰克科技有限公司,外商独资,100-299人,本科,3-5年,"数据治理, 供应商, 商品",技术-数据-数据挖掘,2026-05-20 18:04:22,18.0,19.0,18.5,12.0,222.0,monthly,深圳,福田,香蜜湖,外商独资,100-299人,未知,技术,数据,数据挖掘
数据挖掘工程师,1.5-1.7万,深圳·福田·福田街道,深圳市紫川软件有限公司,民营,500-999人,本科,3-5年,"机器学习, Python, Hive",技术-数据-数据挖掘,2026-05-20 18:04:21,15.0,17.0,16.0,12.0,192.0,monthly,深圳,福田,福田街道,民营,500-999人,未知,技术,数据,数据挖掘
数据资产管理中心架构师,1-2万,深圳·龙岗·龙城,深圳市龙岗区数据有限公司,国企,20-99人,本科,3-5年,,技术-数据-数据挖掘,2026-05-20 18:04:21,10.0,20.0,15.0,12.0,180.0,monthly,深圳,龙岗,龙城,国企,20-99人,未知,技术,数据,数据挖掘
python数据挖掘工程师,1.2-1.7万,深圳·龙岗·坂田,软通动力信息技术(集团)股份有限公司,上市公司,10000人以上,本科,1-3年,"机器学习, 深度学习, 分类算法, 回归算法, 聚类算法, 图像算法",技术-数据-数据挖掘,2026-05-20 18:04:21,12.0,17.0,14.5,12.0,174.0,monthly,深圳,龙岗,坂田,上市公司,10000人以上,未知,技术,数据,数据挖掘
3D GIS/航测数据/遥感技术工程师,1-1.5万,深圳·福田·沙头,深圳市宏图空间科技有限公司,民营,20-99人,本科,3-5年,"航测, PIX4D, CC, 三维建模, DP-MODELLOR, LIDAR",技术-数据-数据挖掘,2026-05-20 18:04:22,10.0,15.0,12.5,12.0,150.0,monthly,深圳,福田,沙头,民营,20-99人,未知,技术,数据,数据挖掘
数据分析师,7000-14000元,深圳·龙岗·宝龙,广东联兴建设有限公司,合资,1000-9999人,本科,1-3年,"数据治理, 数据分析, 需求分析",技术-数据-数据挖掘,2026-05-20 18:04:22,7.0,14.0,10.5,12.0,126.0,monthly,深圳,龙岗,宝龙,合资,1000-9999人,未知,技术,数据,数据挖掘
数据开发,8000-13000元,深圳·罗湖·莲花,海南倍素科技有限公司,20-99人,软件/IT服务,学历不限,经验不限,,技术-数据-数据挖掘,2026-05-20 18:04:22,8.0,13.0,10.5,12.0,126.0,monthly,深圳,罗湖,莲花,软件/IT服务,20-99人,未知,技术,数据,数据挖掘
数据分析师,8000-10000元,深圳·龙岗·坂田,湖南拓维云创科技有限责任公司,上市公司,1000-9999人,本科,1-3年,"数据建模, 数据挖掘, 报表开发, Sql, Python, R语言",技术-数据-数据挖掘,2026-05-20 18:04:22,8.0,10.0,9.0,12.0,108.0,monthly,深圳,龙岗,坂田,上市公司,1000-9999人,未知,技术,数据,数据挖掘
数据分析师,7000-10000元,深圳·罗湖·东晓,煦巍(深圳)计算机科技有限公司,股份制企业,20-99人,大专,3-5年,,技术-数据-数据挖掘,2026-05-20 18:04:22,7.0,10.0,8.5,12.0,102.0,monthly,深圳,罗湖,东晓,股份制企业,20-99人,未知,技术,数据,数据挖掘
数据助理 综合调度 双休,7000-9000元,深圳·南山·粤海,中南国际服务外包(深圳)有限公司,民营,300-499人,本科,经验不限,"行业数据分析, 金融数据分析",技术-数据-数据挖掘,2026-05-20 18:04:22,7.0,9.0,8.0,12.0,96.0,monthly,深圳,南山,粤海,民营,300-499人,未知,技术,数据,数据挖掘
市场数据分析专员,6000-8000元·13薪,深圳·龙岗·布吉,深圳市智亿数据科技有限公司,民营,20-99人,本科,1-3年,"Tableau, 多元统计分析, 销售数据分析, 财务数据分析",技术-数据-数据挖掘,2026-05-20 18:04:21,6.0,8.0,7.0,13.0,91.0,monthly,深圳,龙岗,布吉,民营,20-99人,未知,技术,数据,数据挖掘
数据挖掘岗(012136),面议,深圳·福田·福田街道,中信银行信用卡中心,国企,1000-9999人,本科,3-5年,,技术-数据-数据挖掘,2026-05-20 18:04:21,,,,,,negotiable,深圳,福田,福田街道,国企,1000-9999人,未知,技术,数据,数据挖掘
数据挖掘分析师（渠道获客方向）(012195),面议,深圳·福田·福田街道,中信银行信用卡中心,国企,1000-9999人,本科,3-5年,,技术-数据-数据挖掘,2026-05-20 18:04:21,,,,,,negotiable,深圳,福田,福田街道,国企,1000-9999人,未知,技术,数据,数据挖掘
数据挖掘分析师（线上经营方向）(012178),面议,深圳·福田·福田街道,中信银行信用卡中心,国企,1000-9999人,本科,3-5年,,技术-数据-数据挖掘,2026-05-20 18:04:21,,,,,,negotiable,深圳,福田,福田街道,国企,1000-9999人,未知,技术,数据,数据挖掘
etl数据开发工程师（双休 五险一金）,面议,深圳·龙岗·坂田,中软国际,上市公司,10000人以上,本科,3-5年,"Oracle, MySQL, 数据开发, Hadoop, Flink, Spark, SQL",技术-数据-数据挖掘,2026-05-20 18:04:32,,,,,,negotiable,深圳,龙岗,坂田,上市公司,10000人以上,未知,技术,数据,数据挖掘
资深测试工程师,2.5-4万·15薪,深圳·南山·粤海,深圳市奇聘咨询有限公司,民营,20-99人,本科,5-10年,嵌入式软件开发,技术-测试-测试工程师,2026-05-20 18:10:51,25.0,40.0,32.5,15.0,487.5,monthly,深圳,南山,粤海,民营,20-99人,未知,技术,测试,测试工程师
软件测试工程师,2-4万·15薪,深圳·南山·桃源,北京外企德科人力资源服务深圳有限公司,合资,1000-9999人,本科,3-5年,"C++, Python, 智能座舱测试, 车载软件测试, 域控制器测试",技术-测试-测试工程师,2026-05-20 18:10:51,20.0,40.0,30.0,15.0,450.0,monthly,深圳,南山,桃源,合资,1000-9999人,未知,技术,测试,测试工程师
FCT测试治具工程师,1.5-2.5万,深圳·宝安·西乡,深圳市振云精密测试设备有限公司,外商独资,500-999人,大专,3-5年,,技术-测试-测试工程师,2026-05-20 18:10:51,15.0,25.0,20.0,12.0,240.0,monthly,深圳,宝安,西乡,外商独资,500-999人,未知,技术,测试,测试工程师
测试工程师,1.5-2.5万,深圳·宝安·福海,深圳市英霏特科技有限公司,民营,100-299人,大专,3-5年,"硬件测试, 功能测试, 性能测试",技术-测试-测试工程师,2026-05-20 18:10:51,15.0,25.0,20.0,12.0,240.0,monthly,深圳,宝安,福海,民营,100-299人,未知,技术,测试,测试工程师
无线通讯测试工程师（FAE-SZ）,1.3-2.4万,深圳·宝安·石岩,创信测试技术(深圳)有限公司,民营,20-99人,本科,5-10年,"无线测试, 性能测试, WIFI, WLAN, 5G",技术-测试-测试工程师,2026-05-20 18:10:51,13.0,24.0,18.5,12.0,222.0,monthly,深圳,宝安,石岩,民营,20-99人,未知,技术,测试,测试工程师
测试工程师-LBS方向,1.5-1.9万,深圳·南山·粤海,上海微创软件股份有限公司,合资,10000人以上,本科,经验不限,"软件测试, LBS",技术-测试-测试工程师,2026-05-20 18:10:52,15.0,19.0,17.0,12.0,204.0,monthly,深圳,南山,粤海,合资,10000人以上,未知,技术,测试,测试工程师
光学测试工程师,1.3-1.8万,深圳·龙岗·南湾,深圳市兆驰股份有限公司,上市公司,10000人以上,本科,1-3年,测试,技术-测试-测试工程师,2026-05-20 18:10:52,13.0,18.0,15.5,12.0,186.0,monthly,深圳,龙岗,南湾,上市公司,10000人以上,未知,技术,测试,测试工程师
测试治具工程师,1-2万,深圳·宝安·西乡,深圳市振云精密测试设备有限公司,外商独资,500-999人,大专,3-5年,,技术-测试-测试工程师,2026-05-20 18:10:51,10.0,20.0,15.0,12.0,180.0,monthly,深圳,宝安,西乡,外商独资,500-999人,未知,技术,测试,测试工程师
硬件测试工程师（测试-深圳）,1-2万,深圳·南山·西丽,麦格米特,上市公司,1000-9999人,本科,3-5年,"电源测试, 车载测试, EMC测试, 整机测试, 功能测试",技术-测试-测试工程师,2026-05-20 18:10:52,10.0,20.0,15.0,12.0,180.0,monthly,深圳,南山,西丽,上市公司,1000-9999人,未知,技术,测试,测试工程师
AI Agent开发工程师（通信测试方向）,1-1.8万,深圳·宝安·石岩,创信测试技术(深圳)有限公司,民营,20-99人,大专,3-5年,"Python, AI, 大模型",技术-测试-测试工程师,2026-05-20 18:10:51,10.0,18.0,14.0,12.0,168.0,monthly,深圳,宝安,石岩,民营,20-99人,未知,技术,测试,测试工程师
测试助理工程师,9000-16000元,深圳·龙岗·南湾,深圳市金凯博自动化测试有限公司,民营,100-299人,大专,1-3年,"labview, C#",技术-测试-测试工程师,2026-05-20 18:10:51,9.0,16.0,12.5,12.0,150.0,monthly,深圳,龙岗,南湾,民营,100-299人,未知,技术,测试,测试工程师
硬件测试工程师,1-1.5万,深圳·龙岗·南湾,深圳市广明科技有限公司,民营,20-99人,本科,3-5年,"整机测试, 单板测试",技术-测试-测试工程师,2026-05-20 18:10:52,10.0,15.0,12.5,12.0,150.0,monthly,深圳,龙岗,南湾,民营,20-99人,未知,技术,测试,测试工程师
python自动化测试工程师,9000-15000元,深圳·龙岗·平湖,软通动力信息技术(集团)股份有限公司,上市公司,10000人以上,本科,1-3年,"Python, Linux, PYTEST",技术-测试-测试工程师,2026-05-20 18:10:51,9.0,15.0,12.0,12.0,144.0,monthly,深圳,龙岗,平湖,上市公司,10000人以上,未知,技术,测试,测试工程师
软件测试工程师,8000-15000元,深圳·福田·莲花,深圳市艾泰克工程咨询有限公司,民营,100-299人,本科,3-5年,"功能测试, 渗透测试, 性能测试, 软件测评工程师",技术-测试-测试工程师,2026-05-20 18:10:52,8.0,15.0,11.5,12.0,138.0,monthly,深圳,福田,莲花,民营,100-299人,未知,技术,测试,测试工程师
光学测试工程师,8000-14000元,深圳·龙岗·平湖,软通动力信息技术(集团)股份有限公司,上市公司,10000人以上,大专,1-3年,"测试, 光模块, 激光器, 光学仪器, 半导体激光器, 手机镜头模组",技术-测试-测试工程师,2026-05-20 18:10:52,8.0,14.0,11.0,12.0,132.0,monthly,深圳,龙岗,平湖,上市公司,10000人以上,未知,技术,测试,测试工程师
研发测试工程师,9000-12000元·14薪,深圳·光明·凤凰,高视医疗集团,民营,500-999人,本科,经验不限,"功能测试, 软件测试, 系统测试",技术-测试-测试工程师,2026-05-20 18:10:52,9.0,12.0,10.5,14.0,147.0,monthly,深圳,光明,凤凰,民营,500-999人,未知,技术,测试,测试工程师
PM/测试工程师,8000-12000元,深圳·南山·粤海,Realis,民营,100-299人,本科,1-3年,"硬件测试, 软件测试, 项目管理, 研发测试",技术-测试-测试工程师,2026-05-20 18:10:51,8.0,12.0,10.0,12.0,120.0,monthly,深圳,南山,粤海,民营,100-299人,未知,技术,测试,测试工程师
emc测试工程师,8000-12000元,深圳·龙岗·平湖,软通动力信息技术(集团)股份有限公司,上市公司,10000人以上,大专,1-3年,"EMC32, 频谱仪, 示波器, 接收器",技术-测试-测试工程师,2026-05-20 18:10:52,8.0,12.0,10.0,12.0,120.0,monthly,深圳,龙岗,平湖,上市公司,10000人以上,未知,技术,测试,测试工程师
硬件测试工程师,7000-12000元,深圳·宝安·新安,深圳市摩尔环宇通信技术有限公司,民营,100-299人,本科,经验不限,"射频测试, 信号测试",技术-测试-测试工程师,2026-05-20 18:10:52,7.0,12.0,9.5,12.0,114.0,monthly,深圳,宝安,新安,民营,100-299人,未知,技术,测试,测试工程师
软件测试工程师,6000-10000元,深圳·宝安·新安,深圳智信方略工程咨询有限公司,民营,20-99人,本科,1-3年,"软件测试, 性能测试",技术-测试-测试工程师,2026-05-20 18:10:52,6.0,10.0,8.0,12.0,96.0,monthly,深圳,宝安,新安,民营,20-99人,未知,技术,测试,测试工程师
软件测试工程师,2-4万·15薪,深圳·南山·桃源,北京外企德科人力资源服务深圳有限公司,合资,1000-9999人,本科,3-5年,"C++, Python, 智能座舱测试, 车载软件测试, 域控制器测试",技术-测试-软件测试,2026-05-20 18:11:41,20.0,40.0,30.0,15.0,450.0,monthly,深圳,南山,桃源,合资,1000-9999人,未知,技术,测试,软件测试
软件开发/软件测试工程师,1.8-3万·14薪,深圳·龙岗·坂田,科锐尔人力资源服务(苏州)有限公司,上市公司,1000-9999人,本科,经验不限,"Java, Python, C/C++, 测试",技术-测试-软件测试,2026-05-20 18:11:41,18.0,30.0,24.0,14.0,336.0,monthly,深圳,龙岗,坂田,上市公司,1000-9999人,未知,技术,测试,软件测试
软件开发/软件测试工程师,1.8-3万·14薪,深圳·龙华·福城,科锐尔人力资源服务(苏州)有限公司,上市公司,1000-9999人,本科,经验不限,"Java, Python, C/C++, 测试",技术-测试-软件测试,2026-05-20 18:11:50,18.0,30.0,24.0,14.0,336.0,monthly,深圳,龙华,福城,上市公司,1000-9999人,未知,技术,测试,软件测试
软件开发/软件测试（接受25届无经验+导师带教）,1.5-3万·14薪,深圳·龙岗·坂田,外企德科数字技术有限公司,合资,10000人以上,本科,经验不限,"Java, C++, Python, Spring, MySQL, 数据结构, 算法",技术-测试-软件测试,2026-05-20 18:11:41,15.0,30.0,22.5,14.0,315.0,monthly,深圳,龙岗,坂田,合资,10000人以上,未知,技术,测试,软件测试
软件测试经理,1.8-2.5万,深圳·宝安·石岩,创信测试技术(深圳)有限公司,民营,20-99人,本科,5-10年,"WiFi, 5G, GNSS, 性能测试",技术-测试-软件测试,2026-05-20 18:11:40,18.0,25.0,21.5,12.0,258.0,monthly,深圳,宝安,石岩,民营,20-99人,未知,技术,测试,软件测试
软件测试工程师,1.2-2.2万,深圳·南山·粤海,北京华胜天成软件技术有限公司,1000-9999人,软件/IT服务,本科,3-5年,"自动化测试, 呼叫中心, 智能语音测试, Selenium, 英语粤语",技术-测试-软件测试,2026-05-20 18:11:40,12.0,22.0,17.0,12.0,204.0,monthly,深圳,南山,粤海,软件/IT服务,1000-9999人,未知,技术,测试,软件测试
智能产品的软件测试(A05561),1-2万,深圳·宝安·新安,中科创达软件股份有限公司,合资,1000-9999人,本科,5-10年,"ANDROID/IOS平台的测试, 移动端测试",技术-测试-软件测试,2026-05-20 18:11:39,10.0,20.0,15.0,12.0,180.0,monthly,深圳,宝安,新安,合资,1000-9999人,未知,技术,测试,软件测试
软件测试工程师,1.2-1.4万,深圳·罗湖·桂园,深圳市紫川软件有限公司,民营,500-999人,本科,5-10年,"自动化测试, 压力测试, Java, Python, Hadoop, 数据仓库",技术-测试-软件测试,2026-05-20 18:11:40,12.0,14.0,13.0,12.0,156.0,monthly,深圳,罗湖,桂园,民营,500-999人,未知,技术,测试,软件测试
软件测试工程师（统本可查，线上面试，双休）,1-1.5万,深圳·龙岗·坂田,软通动力信息技术(集团)股份有限公司,上市公司,10000人以上,本科,5-10年,"功能测试, 自动化测试, 性能测试, 软件测试",技术-测试-软件测试,2026-05-20 18:11:41,10.0,15.0,12.5,12.0,150.0,monthly,深圳,龙岗,坂田,上市公司,10000人以上,未知,技术,测试,软件测试
软件测试工程师,1-1.4万,深圳·南山·粤海,中电金信软件有限公司,国企,10000人以上,本科,3-5年,"自动化测试, 渗透测试, Java, Python, JIRA",技术-测试-软件测试,2026-05-20 18:11:39,10.0,14.0,12.0,12.0,144.0,monthly,深圳,南山,粤海,国企,10000人以上,未知,技术,测试,软件测试
软件测试,1-1.4万,深圳·福田·福田街道,深圳市紫川软件有限公司,民营,500-999人,本科,3-5年,"Oracle, MySQL, SQL Server, 测试开发, 自动化测试",技术-测试-软件测试,2026-05-20 18:11:41,10.0,14.0,12.0,12.0,144.0,monthly,深圳,福田,福田街道,民营,500-999人,未知,技术,测试,软件测试
软件测试工程师（硬件/支付方向）,8000-15000元,深圳·宝安·新安,拓保软件,民营,1000-9999人,本科,1-3年,"功能测试, 自动化测试, 性能测试, Java, Python, Javascript",技术-测试-软件测试,2026-05-20 18:11:40,8.0,15.0,11.5,12.0,138.0,monthly,深圳,宝安,新安,民营,1000-9999人,未知,技术,测试,软件测试
软件测试工程师,1-1.3万,深圳·福田·福田街道,深圳市紫川软件有限公司,民营,500-999人,本科,3-5年,"自动化测试, 性能测试, Python, Jmeter",技术-测试-软件测试,2026-05-20 18:11:40,10.0,13.0,11.5,12.0,138.0,monthly,深圳,福田,福田街道,民营,500-999人,未知,技术,测试,软件测试
软件测试,1-1.3万,深圳·南山·粤海,深圳市紫川软件有限公司,民营,500-999人,本科,3-5年,"自动化测试, 性能测试, 系统测试, Selenium, Jmeter",技术-测试-软件测试,2026-05-20 18:11:41,10.0,13.0,11.5,12.0,138.0,monthly,深圳,南山,粤海,民营,500-999人,未知,技术,测试,软件测试
软件测试工程师,8000-15000元,深圳·福田·莲花,深圳市艾泰克工程咨询有限公司,民营,100-299人,本科,3-5年,"功能测试, 渗透测试, 性能测试, 软件测评工程师",技术-测试-软件测试,2026-05-20 18:11:41,8.0,15.0,11.5,12.0,138.0,monthly,深圳,福田,莲花,民营,100-299人,未知,技术,测试,软件测试
软件测试,9000-13000元,深圳·南山·粤海,上海微创软件股份有限公司,合资,10000人以上,大专,1-3年,"功能测试, 自动化测试",技术-测试-软件测试,2026-05-20 18:11:40,9.0,13.0,11.0,12.0,132.0,monthly,深圳,南山,粤海,合资,10000人以上,未知,技术,测试,软件测试
软件测试工程师,1-1.1万,深圳·南山·粤海,上海微创软件股份有限公司,合资,10000人以上,大专,1-3年,功能测试,技术-测试-软件测试,2026-05-20 18:11:40,10.0,11.0,10.5,12.0,126.0,monthly,深圳,南山,粤海,合资,10000人以上,未知,技术,测试,软件测试
软件测试,9000-11000元,深圳·福田·沙头,北京联合永道软件股份有限公司,民营,500-999人,大专,3-5年,"功能测试, 自动化测试, 性能测试",技术-测试-软件测试,2026-05-20 18:11:40,9.0,11.0,10.0,12.0,120.0,monthly,深圳,福田,沙头,民营,500-999人,未知,技术,测试,软件测试
软件测试工程师,6000-10000元,深圳·宝安·新安,深圳智信方略工程咨询有限公司,民营,20-99人,本科,1-3年,"软件测试, 性能测试",技术-测试-软件测试,2026-05-20 18:11:41,6.0,10.0,8.0,12.0,96.0,monthly,深圳,宝安,新安,民营,20-99人,未知,技术,测试,软件测试
软件功能测试工程师（大项目）,7000-8000元,深圳·南山·粤海,中电金信软件有限公司,国企,10000人以上,本科,3-5年,软件测试,技术-测试-软件测试,2026-05-20 18:11:40,7.0,8.0,7.5,12.0,90.0,monthly,深圳,南山,粤海,国企,10000人以上,未知,技术,测试,软件测试
嵌入式硬件工程师（电磁传感/硬件设计方向）,2.5-5万·15薪,深圳·福田·沙头,深圳市木薯科技有限公司,民营,20-99人,本科,5-10年,"电磁传感, 磁屏蔽材料, 机器人, PCB, EM SENSOR",电子/通信/半导体-硬件开发-嵌入式硬件,2026-05-20 18:34:30,25.0,50.0,37.5,15.0,562.5,monthly,深圳,福田,沙头,民营,20-99人,未知,电子/通信/半导体,硬件开发,嵌入式硬件
嵌入式硬件工程师（商业航天）,2.5-4.5万,深圳·宝安·航城,广东星际荣耀智慧装备有限责任公司,100-299人,船舶/航空/航天/军工,本科,1-3年,"DSP, ARM处理器, FPGA",电子/通信/半导体-硬件开发-嵌入式硬件,2026-05-20 18:34:30,25.0,45.0,35.0,12.0,420.0,monthly,深圳,宝安,航城,船舶/航空/航天/军工,100-299人,未知,电子/通信/半导体,硬件开发,嵌入式硬件
高级嵌入式硬件工程师,2.5-4万,深圳·光明·凤凰,深圳市诺安智能股份有限公司,股份制企业,100-299人,本科,3-5年,"单片机, 精通模电与数电, 熟悉STM32单片机",电子/通信/半导体-硬件开发-嵌入式硬件,2026-05-20 18:34:30,25.0,40.0,32.5,12.0,390.0,monthly,深圳,光明,凤凰,股份制企业,100-299人,未知,电子/通信/半导体,硬件开发,嵌入式硬件
液冷CDU嵌入式硬件测试工程师,2-4万·15薪,深圳·南山·粤海,杰瑞集团,上市公司,1000-9999人,本科,3-5年,,电子/通信/半导体-硬件开发-嵌入式硬件,2026-05-20 18:34:30,20.0,40.0,30.0,15.0,450.0,monthly,深圳,南山,粤海,上市公司,1000-9999人,未知,电子/通信/半导体,硬件开发,嵌入式硬件
嵌入式硬件工程师,2.5-3万,深圳·宝安·新桥,深圳市诺方舟电子有限公司,其它,20-99人,本科,3-5年,"单片机, 优利德, 深达威, 硬件工程师",电子/通信/半导体-硬件开发-嵌入式硬件,2026-05-20 18:34:30,25.0,30.0,27.5,12.0,330.0,monthly,深圳,宝安,新桥,其它,20-99人,未知,电子/通信/半导体,硬件开发,嵌入式硬件
嵌入式硬件工程师,1.5-3万,深圳·南山·桃源,深圳市中图仪器股份有限公司,民营,500-999人,本科,3-5年,"高压电源, 光电检测, 模拟电路",电子/通信/半导体-硬件开发-嵌入式硬件,2026-05-20 18:34:31,15.0,30.0,22.5,12.0,270.0,monthly,深圳,南山,桃源,民营,500-999人,未知,电子/通信/半导体,硬件开发,嵌入式硬件
嵌入式硬件工程师,1.5-2.5万,深圳·南山·粤海,深圳市杰普特光电股份有限公司,上市公司,1000-9999人,本科,3-5年,"PCB设计, Altium Designer",电子/通信/半导体-硬件开发-嵌入式硬件,2026-05-20 18:34:30,15.0,25.0,20.0,12.0,240.0,monthly,深圳,南山,粤海,上市公司,1000-9999人,未知,电子/通信/半导体,硬件开发,嵌入式硬件
嵌入式硬件开发工程师,1.5-2.4万·13薪,深圳·坪山·龙田,深圳市合广测控技术有限公司,民营,100-299人,本科,3-5年,"C语言, 单片机",电子/通信/半导体-硬件开发-嵌入式硬件,2026-05-20 18:34:29,15.0,24.0,19.5,13.0,253.5,monthly,深圳,坪山,龙田,民营,100-299人,未知,电子/通信/半导体,硬件开发,嵌入式硬件
嵌入式硬件工程师,1.5-2万,深圳·龙华·福城,深圳市裕嘉达科技有限公司,民营,100-299人,本科,3-5年,"蓝牙/Wi-Fi, 无线通信, 无线路由器, 硬件开发, 4G, 5G",电子/通信/半导体-硬件开发-嵌入式硬件,2026-05-20 18:34:30,15.0,20.0,17.5,12.0,210.0,monthly,深圳,龙华,福城,民营,100-299人,未知,电子/通信/半导体,硬件开发,嵌入式硬件
嵌入式硬件工程师,1.2-2.2万,深圳·龙岗·吉华,深圳市理信科技有限公司,民营,20-99人,本科,1-3年,"单片机, ARM处理器",电子/通信/半导体-硬件开发-嵌入式硬件,2026-05-20 18:34:29,12.0,22.0,17.0,12.0,204.0,monthly,深圳,龙岗,吉华,民营,20-99人,未知,电子/通信/半导体,硬件开发,嵌入式硬件
嵌入式硬件工程师,1.1-2.2万·15薪,深圳·光明·玉塘,深圳市优优绿能股份有限公司,股份制企业,500-999人,本科,3-5年,"单片机, ARM处理器, 嵌入式硬件",电子/通信/半导体-硬件开发-嵌入式硬件,2026-05-20 18:34:29,11.0,22.0,16.5,15.0,247.5,monthly,深圳,光明,玉塘,股份制企业,500-999人,未知,电子/通信/半导体,硬件开发,嵌入式硬件
嵌入式硬件工程师(J10208),1.2-2万,深圳·南山·南山,江苏恩迪汽车系统有限公司,民营,500-999人,本科,3-5年,硬件工程师,电子/通信/半导体-硬件开发-嵌入式硬件,2026-05-20 18:34:30,12.0,20.0,16.0,12.0,192.0,monthly,深圳,南山,南山,民营,500-999人,未知,电子/通信/半导体,硬件开发,嵌入式硬件
嵌入式硬件工程师,1.2-1.8万,深圳·龙华·龙华,北京北元电器有限公司,股份制企业,1000-9999人,本科,3-5年,单片机,电子/通信/半导体-硬件开发-嵌入式硬件,2026-05-20 18:34:29,12.0,18.0,15.0,12.0,180.0,monthly,深圳,龙华,龙华,股份制企业,1000-9999人,未知,电子/通信/半导体,硬件开发,嵌入式硬件
嵌入式硬件工程师,1-2万,深圳·光明·光明街道,深圳市为思润华科技有限责任公司,民营,20-99人,本科,3-5年,"星闪技术, 蓝牙模组, WIFI模组",电子/通信/半导体-硬件开发-嵌入式硬件,2026-05-20 18:34:29,10.0,20.0,15.0,12.0,180.0,monthly,深圳,光明,光明街道,民营,20-99人,未知,电子/通信/半导体,硬件开发,嵌入式硬件
嵌入式硬件工程师,1-2万,深圳·南山·南山,江苏恩迪汽车系统有限公司,民营,500-999人,本科,3-5年,嵌入式硬件工程师,电子/通信/半导体-硬件开发-嵌入式硬件,2026-05-20 18:34:30,10.0,20.0,15.0,12.0,180.0,monthly,深圳,南山,南山,民营,500-999人,未知,电子/通信/半导体,硬件开发,嵌入式硬件
嵌入式硬件工程师,1-2万·13薪,深圳·龙华·龙华,北京北元电器有限公司,股份制企业,1000-9999人,大专,5-10年,DSP,电子/通信/半导体-硬件开发-嵌入式硬件,2026-05-20 18:34:30,10.0,20.0,15.0,13.0,195.0,monthly,深圳,龙华,龙华,股份制企业,1000-9999人,未知,电子/通信/半导体,硬件开发,嵌入式硬件
嵌入式硬件工程师,1.2-1.6万,深圳·龙华·大浪,深圳市奥林斯科技有限公司,民营,20人以下,本科,5-10年,"单片机, 大功率电源, DC-DC, PFC, 充电逆变器一体机",电子/通信/半导体-硬件开发-嵌入式硬件,2026-05-20 18:34:30,12.0,16.0,14.0,12.0,168.0,monthly,深圳,龙华,大浪,民营,20人以下,未知,电子/通信/半导体,硬件开发,嵌入式硬件
嵌入式硬件工程师（深圳）,8000-16000元,深圳·坪山·坑梓,南昌贝欧特医疗科技股份有限公司,民营,100-299人,本科,3-5年,"单片机, ARM处理器",电子/通信/半导体-硬件开发-嵌入式硬件,2026-05-20 18:34:31,8.0,16.0,12.0,12.0,144.0,monthly,深圳,坪山,坑梓,民营,100-299人,未知,电子/通信/半导体,硬件开发,嵌入式硬件
嵌入式硬件测试工程师,8000-10000元,深圳·福田·华强北,福州高新区才拓科技有限公司,民营,100-299人,大专,经验不限,"EMC测试, 信号测试, 射频测试, 整机测试, 万用表, 示波器",电子/通信/半导体-硬件开发-嵌入式硬件,2026-05-20 18:34:31,8.0,10.0,9.0,12.0,108.0,monthly,深圳,福田,华强北,民营,100-299人,未知,电子/通信/半导体,硬件开发,嵌入式硬件
嵌入式硬件工程师（兼职）,5000-10000元,深圳·龙岗·葵涌,深圳市美林医疗科技有限公司,民营,20-99人,大专,1-3年,"单片机, RTOS开发, 嵌入式硬件设计",电子/通信/半导体-硬件开发-嵌入式硬件,2026-05-20 18:34:31,5.0,10.0,7.5,12.0,90.0,monthly,深圳,龙岗,葵涌,民营,20-99人,未知,电子/通信/半导体,硬件开发,嵌入式硬件
摄像头硬件工程师,3-6万,深圳·龙华·观湖,深圳卡思科电子有限公司,民营,20-99人,本科,10年以上,摄像头,电子/通信/半导体-硬件开发-硬件工程师,2026-05-20 18:35:16,30.0,60.0,45.0,12.0,540.0,monthly,深圳,龙华,观湖,民营,20-99人,未知,电子/通信/半导体,硬件开发,硬件工程师
嵌入式软件、硬件工程师（标签打印、条码打印、热敏打印）,3-4万·14薪,深圳·南山·粤海,南方新华,其它,100-299人,本科,5-10年,"标签打印、条码打印、热敏打印, 打印机、扫描仪、自助终端、打印",电子/通信/半导体-硬件开发-硬件工程师,2026-05-20 18:35:16,30.0,40.0,35.0,14.0,490.0,monthly,深圳,南山,粤海,其它,100-299人,未知,电子/通信/半导体,硬件开发,硬件工程师
高级硬件工程师,2-3万·13薪,深圳·南山·粤海,深圳市泰永电气科技有限公司,上市公司,1000-9999人,本科,3-5年,"设计, ARM研发",电子/通信/半导体-硬件开发-硬件工程师,2026-05-20 18:35:16,20.0,30.0,25.0,13.0,325.0,monthly,深圳,南山,粤海,上市公司,1000-9999人,未知,电子/通信/半导体,硬件开发,硬件工程师
硬件工程师,1.8-3万,深圳·龙岗·南湾,深圳市广明科技有限公司,民营,20-99人,本科,3-5年,"电路设计, 硬件架构设计",电子/通信/半导体-硬件开发-硬件工程师,2026-05-20 18:35:16,18.0,30.0,24.0,12.0,288.0,monthly,深圳,龙岗,南湾,民营,20-99人,未知,电子/通信/半导体,硬件开发,硬件工程师
智能穿戴硬件工程师（手环/手表方向）,1.5-3万,深圳·龙华·观湖,深圳卡思科电子有限公司,民营,20-99人,大专,3-5年,"硬件开发, 手机, 手环",电子/通信/半导体-硬件开发-硬件工程师,2026-05-20 18:35:17,15.0,30.0,22.5,12.0,270.0,monthly,深圳,龙华,观湖,民营,20-99人,未知,电子/通信/半导体,硬件开发,硬件工程师
硬件工程师,1.8-2.5万·13薪,深圳·龙岗·坂田,深圳市国王科技有限公司,股份制企业,20-99人,本科,5-10年,"技术支持, 硬件测试",电子/通信/半导体-硬件开发-硬件工程师,2026-05-20 18:35:16,18.0,25.0,21.5,13.0,279.5,monthly,深圳,龙岗,坂田,股份制企业,20-99人,未知,电子/通信/半导体,硬件开发,硬件工程师
硬件工程师,1.5-2.5万,深圳·龙岗·坂田,深圳市犀云科技有限公司,民营,100-299人,本科,3-5年,技术支持,电子/通信/半导体-硬件开发-硬件工程师,2026-05-20 18:35:15,15.0,25.0,20.0,12.0,240.0,monthly,深圳,龙岗,坂田,民营,100-299人,未知,电子/通信/半导体,硬件开发,硬件工程师
研发硬件工程师,1.5-2.5万,深圳·南山·西丽,深圳市凌宜科技有限公司,民营,20-99人,本科,1-3年,"国产显卡, 显卡设计",电子/通信/半导体-硬件开发-硬件工程师,2026-05-20 18:35:16,15.0,25.0,20.0,12.0,240.0,monthly,深圳,南山,西丽,民营,20-99人,未知,电子/通信/半导体,硬件开发,硬件工程师
硬件工程师（L1 - L5）,1.5-2.5万·13薪,深圳·宝安·航城,深圳市长音电子有限公司,民营,100-299人,大专,经验不限,"硬件设计, 硬件工程师, 原理图设计",电子/通信/半导体-硬件开发-硬件工程师,2026-05-20 18:35:17,15.0,25.0,20.0,13.0,260.0,monthly,深圳,宝安,航城,民营,100-299人,未知,电子/通信/半导体,硬件开发,硬件工程师
硬件工程师（26届）,1.2-2.4万,深圳·南山·西丽,深圳市华汉伟业科技有限公司,民营,300-499人,本科,经验不限,"数字电路, 模拟电路",电子/通信/半导体-硬件开发-硬件工程师,2026-05-20 18:35:16,12.0,24.0,18.0,12.0,216.0,monthly,深圳,南山,西丽,民营,300-499人,未知,电子/通信/半导体,硬件开发,硬件工程师
硬件工程师,1.2-2.4万·13薪,深圳·坪山·龙田,深圳市恒越通电子有限公司,民营,20-99人,本科,5-10年,"硬件测试, 技术支持",电子/通信/半导体-硬件开发-硬件工程师,2026-05-20 18:35:17,12.0,24.0,18.0,13.0,234.0,monthly,深圳,坪山,龙田,民营,20-99人,未知,电子/通信/半导体,硬件开发,硬件工程师
硬件工程师-投影仪,1.5-2万,深圳·龙岗·南湾,深圳市兆驰股份有限公司,上市公司,10000人以上,本科,5-10年,,电子/通信/半导体-硬件开发-硬件工程师,2026-05-20 18:35:17,15.0,20.0,17.5,12.0,210.0,monthly,深圳,龙岗,南湾,上市公司,10000人以上,未知,电子/通信/半导体,硬件开发,硬件工程师
嵌入式硬件工程师,1.2-2.2万,深圳·龙岗·吉华,深圳市理信科技有限公司,民营,20-99人,本科,1-3年,"单片机, ARM处理器",电子/通信/半导体-硬件开发-硬件工程师,2026-05-20 18:35:15,12.0,22.0,17.0,12.0,204.0,monthly,深圳,龙岗,吉华,民营,20-99人,未知,电子/通信/半导体,硬件开发,硬件工程师
硬件工程师（蜂窝通讯类）,1.2-2万·13薪,深圳·宝安·新桥,深圳市中龙通电子科技有限公司,股份制企业,500-999人,大专,5-10年,硬件 射频蜂窝,电子/通信/半导体-硬件开发-硬件工程师,2026-05-20 18:35:16,12.0,20.0,16.0,13.0,208.0,monthly,深圳,宝安,新桥,股份制企业,500-999人,未知,电子/通信/半导体,硬件开发,硬件工程师
硬件工程师,1-2万,深圳·福田·梅林,深圳市新威尔电子有限公司,民营,500-999人,本科,1-3年,"元器件, 原理图设计, 硬件开发, 器件选型, 硬件电路设计",电子/通信/半导体-硬件开发-硬件工程师,2026-05-20 18:35:16,10.0,20.0,15.0,12.0,180.0,monthly,深圳,福田,梅林,民营,500-999人,未知,电子/通信/半导体,硬件开发,硬件工程师
硬件工程师,1-2万,深圳·南山·西丽,深圳海博电机驱动有限公司,民营,20-99人,大专,3-5年,,电子/通信/半导体-硬件开发-硬件工程师,2026-05-20 18:35:16,10.0,20.0,15.0,12.0,180.0,monthly,深圳,南山,西丽,民营,20-99人,未知,电子/通信/半导体,硬件开发,硬件工程师
硬件工程师（消费电子类）,1-2万·13薪,深圳·宝安·航城,深圳市长音电子有限公司,民营,100-299人,大专,3-5年,"硬件设计, 硬件工程师",电子/通信/半导体-硬件开发-硬件工程师,2026-05-20 18:35:16,10.0,20.0,15.0,13.0,195.0,monthly,深圳,宝安,航城,民营,100-299人,未知,电子/通信/半导体,硬件开发,硬件工程师
硬件工程师（风筒项目）,1-2万,深圳·宝安·新安,深圳市英尚微电子有限公司,民营,20-99人,大专,3-5年,"高速风筒, 无刷电机, 220V小家电",电子/通信/半导体-硬件开发-硬件工程师,2026-05-20 18:35:17,10.0,20.0,15.0,12.0,180.0,monthly,深圳,宝安,新安,民营,20-99人,未知,电子/通信/半导体,硬件开发,硬件工程师
硬件工程师,9000-14000元,深圳·光明·光明街道,深圳市铭尔达科技有限公司,20-99人,半导体/芯片,大专,经验不限,"焊接, 芯片原厂, FAE",电子/通信/半导体-硬件开发-硬件工程师,2026-05-20 18:35:15,9.0,14.0,11.5,12.0,138.0,monthly,深圳,光明,光明街道,半导体/芯片,20-99人,未知,电子/通信/半导体,硬件开发,硬件工程师
硬件工程师,8000-12000元,深圳·宝安·新安,深圳市华智康电子有限公司,民营,20人以下,大专,1-3年,"电路设计, 硬件开发",电子/通信/半导体-硬件开发-硬件工程师,2026-05-20 18:35:15,8.0,12.0,10.0,12.0,120.0,monthly,深圳,宝安,新安,民营,20人以下,未知,电子/通信/半导体,硬件开发,硬件工程师
信息与通信工程专业工程师,2.1-4万,深圳·光明·新湖,深圳先进光源研究院,事业单位,300-499人,硕士,经验不限,"射频信号处理, 低电平系统, 功率源系统",电子/通信/半导体-通信-数据通信工程师,2026-05-20 18:23:49,21.0,40.0,30.5,12.0,366.0,monthly,深圳,光明,新湖,事业单位,300-499人,未知,电子/通信/半导体,通信,数据通信工程师
方案工程师（数据中心，新能源，通信电源，销售方向）,1-2万,深圳·光明·公明,深圳市雷能混合集成电路有限公司,民营,500-999人,本科,3-5年,"储能产品, 数据中心产品, 电力储能产品, 光伏储能产品",电子/通信/半导体-通信-数据通信工程师,2026-05-20 18:23:49,10.0,20.0,15.0,12.0,180.0,monthly,深圳,光明,公明,民营,500-999人,未知,电子/通信/半导体,通信,数据通信工程师
通信工程,8000-15000元,深圳·福田·福田街道,上海棱智峰信息技术有限公司,20-99人,产业互联网平台,大专,经验不限,"运维, 测试, 硬件测试, 通信测试, 网络运维, 硬件/设备运维",电子/通信/半导体-通信-数据通信工程师,2026-05-20 18:23:49,8.0,15.0,11.5,12.0,138.0,monthly,深圳,福田,福田街道,产业互联网平台,20-99人,未知,电子/通信/半导体,通信,数据通信工程师
通信工程设计员（应届/实习),135-200元/天,深圳·龙华·大浪,广东原创科技有限公司,民营,300-499人,大专,经验不限,"通信工程, 勘察设计",电子/通信/半导体-通信-数据通信工程师,2026-05-20 18:23:49,2.94,4.35,3.64,12.0,43.72,daily,深圳,龙华,大浪,民营,300-499人,未知,电子/通信/半导体,通信,数据通信工程师
TAM（专属技术经理）,2.1-2.5万,深圳·龙岗·坂田,软通动力信息技术(集团)股份有限公司,上市公司,10000人以上,本科,5-10年,"千万级别/年云服务, 阿里云、AWS, 微软、腾讯等公有云, Python",电子/通信/半导体-通信-通信技术工程师,2026-05-20 18:22:17,21.0,25.0,23.0,12.0,276.0,monthly,深圳,龙岗,坂田,上市公司,10000人以上,未知,电子/通信/半导体,通信,通信技术工程师
通信技术工程师,1.4-2.8万·15薪,深圳·光明·凤凰,中兵智能创新研究院(深圳)有限公司,国企,20-99人,本科,经验不限,"无线通信, 移动通信",电子/通信/半导体-通信-通信技术工程师,2026-05-20 18:22:15,14.0,28.0,21.0,15.0,315.0,monthly,深圳,光明,凤凰,国企,20-99人,未知,电子/通信/半导体,通信,通信技术工程师
海外售前技术支持,1.3-2.6万,深圳·宝安·石岩,深圳英飞源技术有限公司,民营,1000-9999人,本科,1-3年,,电子/通信/半导体-通信-通信技术工程师,2026-05-20 18:22:16,13.0,26.0,19.5,12.0,234.0,monthly,深圳,宝安,石岩,民营,1000-9999人,未知,电子/通信/半导体,通信,通信技术工程师
技术负责人,1.5-2万,深圳·福田·莲花,深圳市金鼎安全技术有限公司,民营,100-299人,本科,5-10年,"技术管理, 施工管理, 安全管理, 质量管理, 招投标管理",电子/通信/半导体-通信-通信技术工程师,2026-05-20 18:22:17,15.0,20.0,17.5,12.0,210.0,monthly,深圳,福田,莲花,民营,100-299人,未知,电子/通信/半导体,通信,通信技术工程师
海外技术支持工程师,1.3-2万·14薪,深圳·宝安·石岩,深圳英飞源技术有限公司,民营,1000-9999人,本科,经验不限,"售后技术支持, 售前技术支持, 安全技术支持",电子/通信/半导体-通信-通信技术工程师,2026-05-20 18:22:17,13.0,20.0,16.5,14.0,231.0,monthly,深圳,宝安,石岩,民营,1000-9999人,未知,电子/通信/半导体,通信,通信技术工程师
通信技术工程师,1.2-2万,深圳·宝安·西乡,深圳市芯瑞恒科技有限公司,民营,20-99人,本科,1-3年,"运维, 测试, 光纤通信, 数据通信",电子/通信/半导体-通信-通信技术工程师,2026-05-20 18:22:15,12.0,20.0,16.0,12.0,192.0,monthly,深圳,宝安,西乡,民营,20-99人,未知,电子/通信/半导体,通信,通信技术工程师
Service-高级技术支持工程师（深圳）,1.4-1.8万,深圳·南山·桃源,维谛技术有限公司,外商独资,1000-9999人,本科,5-10年,精密空调,电子/通信/半导体-通信-通信技术工程师,2026-05-20 18:22:16,14.0,18.0,16.0,12.0,192.0,monthly,深圳,南山,桃源,外商独资,1000-9999人,未知,电子/通信/半导体,通信,通信技术工程师
技术负责人,1.2-2万,深圳·福田·莲花,深圳市金鼎安全技术有限公司,民营,100-299人,本科,5-10年,,电子/通信/半导体-通信-通信技术工程师,2026-05-20 18:22:26,12.0,20.0,16.0,12.0,192.0,monthly,深圳,福田,莲花,民营,100-299人,未知,电子/通信/半导体,通信,通信技术工程师
通信电源售前技术工程师,1-2万,深圳·宝安·新安,中天宽带技术有限公司,民营,1000-9999人,本科,5-10年,电源,电子/通信/半导体-通信-通信技术工程师,2026-05-20 18:22:15,10.0,20.0,15.0,12.0,180.0,monthly,深圳,宝安,新安,民营,1000-9999人,未知,电子/通信/半导体,通信,通信技术工程师
安全评价技术负责人,1.2-1.8万,深圳·福田·莲花,深圳市金鼎安全技术有限公司,民营,100-299人,本科,5-10年,,电子/通信/半导体-通信-通信技术工程师,2026-05-20 18:22:16,12.0,18.0,15.0,12.0,180.0,monthly,深圳,福田,莲花,民营,100-299人,未知,电子/通信/半导体,通信,通信技术工程师
三坐标技术员,1-1.6万,深圳·龙岗·平湖,软通动力信息技术(集团)股份有限公司,上市公司,10000人以上,大专,3-5年,"三坐标测量操作, 测量程序编制, 蔡司",电子/通信/半导体-通信-通信技术工程师,2026-05-20 18:22:17,10.0,16.0,13.0,12.0,156.0,monthly,深圳,龙岗,平湖,上市公司,10000人以上,未知,电子/通信/半导体,通信,通信技术工程师
深圳云计算运维（技术支持TAM）,1-1.3万,深圳·福田·福保,软通动力信息技术(集团)股份有限公司,上市公司,10000人以上,本科,3-5年,"云计算架构, 云计算运维, Shell, MySQL, 华为云, Openstack",电子/通信/半导体-通信-通信技术工程师,2026-05-20 18:22:16,10.0,13.0,11.5,12.0,138.0,monthly,深圳,福田,福保,上市公司,10000人以上,未知,电子/通信/半导体,通信,通信技术工程师
光胶贴合技术员,8000-13000元·13薪,深圳·龙岗·平湖,外企德科数字技术有限公司,合资,10000人以上,大专,1-3年,"工艺改良, 激光工艺, 机加工工艺, 表面处理工艺",电子/通信/半导体-通信-通信技术工程师,2026-05-20 18:22:26,8.0,13.0,10.5,13.0,136.5,monthly,深圳,龙岗,平湖,合资,10000人以上,未知,电子/通信/半导体,通信,通信技术工程师
cnc技术员,8000-12000元,深圳·龙华·福城,深圳旭辉东晟智能技术有限公司,股份制企业,20-99人,初中及以下,3-5年,"三菱, 西门子, 发那科, CNC加工中心",电子/通信/半导体-通信-通信技术工程师,2026-05-20 18:22:16,8.0,12.0,10.0,12.0,120.0,monthly,深圳,龙华,福城,股份制企业,20-99人,未知,电子/通信/半导体,通信,通信技术工程师
售后技术员,8000-10000元,深圳·光明·玉塘,深圳悦和精密技术有限公司,民营,300-499人,大专,1-3年,"机械设备, 机电设备, 设备售后管理, 设备故障诊断",电子/通信/半导体-通信-通信技术工程师,2026-05-20 18:22:17,8.0,10.0,9.0,12.0,108.0,monthly,深圳,光明,玉塘,民营,300-499人,未知,电子/通信/半导体,通信,通信技术工程师
广东通信项目经理（290601）,7000-10000元,深圳·福田·华富,中通建技术有限公司,民营,500-999人,本科,3-5年,通信项目管理,电子/通信/半导体-通信-通信技术工程师,2026-05-20 18:22:17,7.0,10.0,8.5,12.0,102.0,monthly,深圳,福田,华富,民营,500-999人,未知,电子/通信/半导体,通信,通信技术工程师
SMT技术员领班,6000-10000元,深圳·宝安·燕罗,广东金宏电子技术有限公司,民营,100-299人,中专/中技,1-3年,"SMT设备工程师, SMT工艺工程师, SMT设备, AOI设备, 回流焊",电子/通信/半导体-通信-通信技术工程师,2026-05-20 18:22:16,6.0,10.0,8.0,12.0,96.0,monthly,深圳,宝安,燕罗,民营,100-299人,未知,电子/通信/半导体,通信,通信技术工程师
SMT技术员,7000-8000元,深圳·宝安·燕罗,广东金宏电子技术有限公司,民营,100-299人,初中及以下,1-3年,"SMT设备工程师, SMT工艺工程师, SMT设备, AOI设备",电子/通信/半导体-通信-通信技术工程师,2026-05-20 18:22:16,7.0,8.0,7.5,12.0,90.0,monthly,深圳,宝安,燕罗,民营,100-299人,未知,电子/通信/半导体,通信,通信技术工程师
检验技术员,6000-9000元·13薪,深圳·光明·马田,深圳麦科田生物医疗技术股份有限公司,股份制企业,1000-9999人,大专,1-3年,"环境检测, 水质检测, IQC",电子/通信/半导体-通信-通信技术工程师,2026-05-20 18:22:16,6.0,9.0,7.5,13.0,97.5,monthly,深圳,光明,马田,股份制企业,1000-9999人,未知,电子/通信/半导体,通信,通信技术工程师
研发部电子技术员,6000-8000元,深圳·宝安·燕罗,广东金宏电子技术有限公司,民营,100-299人,大专,1-3年,"测试, 维修/保养, 安装/调试",电子/通信/半导体-通信-通信技术工程师,2026-05-20 18:22:16,6.0,8.0,7.0,12.0,84.0,monthly,深圳,宝安,燕罗,民营,100-299人,未知,电子/通信/半导体,通信,通信技术工程师
功能维修技术员,6000-8000元,深圳·宝安·燕罗,广东金宏电子技术有限公司,民营,100-299人,高中,1-3年,"电子维修, 电路维修",电子/通信/半导体-通信-通信技术工程师,2026-05-20 18:22:17,6.0,8.0,7.0,12.0,84.0,monthly,深圳,宝安,燕罗,民营,100-299人,未知,电子/通信/半导体,通信,通信技术工程师
急招技工 月入7000,6000-7000元,深圳·龙岗·龙岗街道,深圳市胜天光电技术有限公司,其它,300-499人,高中,1-3年,,电子/通信/半导体-通信-通信技术工程师,2026-05-20 18:22:16,6.0,7.0,6.5,12.0,78.0,monthly,深圳,龙岗,龙岗街道,其它,300-499人,未知,电子/通信/半导体,通信,通信技术工程师
通信工程师,3.5-5万,深圳·福田·莲花,天津缘众达管道工程有限公司,民营,20-99人,大专,3-5年,"无线通信, 光纤通信, 卫星通信, 运维, 网络运维, CCTV",电子/通信/半导体-通信-通信研发工程师,2026-05-20 18:23:01,35.0,50.0,42.5,12.0,510.0,monthly,深圳,福田,莲花,民营,20-99人,未知,电子/通信/半导体,通信,通信研发工程师
软件工程师（交换机）,2-4万,深圳·南山·西丽,TP-LINK,民营,1000-9999人,本科,经验不限,"C++, C语言, 交换机, 网络协议, 数通",电子/通信/半导体-通信-通信研发工程师,2026-05-20 18:23:01,20.0,40.0,30.0,12.0,360.0,monthly,深圳,南山,西丽,民营,1000-9999人,未知,电子/通信/半导体,通信,通信研发工程师
无线通信软件工程师,2-3万,深圳·福田·莲花,富斯科技,民营,100-299人,大专,3-5年,"C++, C语言",电子/通信/半导体-通信-通信研发工程师,2026-05-20 18:23:01,20.0,30.0,25.0,12.0,300.0,monthly,深圳,福田,莲花,民营,100-299人,未知,电子/通信/半导体,通信,通信研发工程师
通信接口与算法设计工程师,1.8-3万,深圳·南山·粤海,深圳市晶准通信技术有限公司,民营,20-99人,硕士,1-3年,"研发, 运维, 测试, 硬件测试, 通信测试, 硬件/设备运维",电子/通信/半导体-通信-通信研发工程师,2026-05-20 18:23:00,18.0,30.0,24.0,12.0,288.0,monthly,深圳,南山,粤海,民营,20-99人,未知,电子/通信/半导体,通信,通信研发工程师
网络协议开发工程师,1.6-3万·15薪,深圳·南山·桃源,深圳市澜潮科技有限公司,民营,100-299人,本科,1-3年,"无线通信, 网络协议",电子/通信/半导体-通信-通信研发工程师,2026-05-20 18:23:01,16.0,30.0,23.0,15.0,345.0,monthly,深圳,南山,桃源,民营,100-299人,未知,电子/通信/半导体,通信,通信研发工程师
光通讯产品研发经理,1.5-3万,深圳·龙华·龙华,深圳市创新胜为科技有限公司,民营,100-299人,大专,3-5年,"光通讯产品经理, 光纤研发工程师",电子/通信/半导体-通信-通信研发工程师,2026-05-20 18:23:01,15.0,30.0,22.5,12.0,270.0,monthly,深圳,龙华,龙华,民营,100-299人,未知,电子/通信/半导体,通信,通信研发工程师
通讯协议工程师（薪资面议）,1.2-2.4万,深圳·龙华·观湖,深圳市鼎阳机电设备有限公司,民营,20-99人,本科,3-5年,"C语言, C++, 工业自动化",电子/通信/半导体-通信-通信研发工程师,2026-05-20 18:23:01,12.0,24.0,18.0,12.0,216.0,monthly,深圳,龙华,观湖,民营,20-99人,未知,电子/通信/半导体,通信,通信研发工程师
研发工程师,1.5-2万,深圳·龙华·福城,深圳市裕嘉达科技有限公司,民营,100-299人,本科,3-5年,"无线通信, 无线路由器, 硬件开发",电子/通信/半导体-通信-通信研发工程师,2026-05-20 18:23:01,15.0,20.0,17.5,12.0,210.0,monthly,深圳,龙华,福城,民营,100-299人,未知,电子/通信/半导体,通信,通信研发工程师
高级硬件工程师,1.5-2万,深圳·龙华·福城,深圳市裕嘉达科技有限公司,民营,100-299人,本科,3-5年,"蓝牙/Wi-Fi, 5G, 无线路由器, 硬件开发",电子/通信/半导体-通信-通信研发工程师,2026-05-20 18:23:01,15.0,20.0,17.5,12.0,210.0,monthly,深圳,龙华,福城,民营,100-299人,未知,电子/通信/半导体,通信,通信研发工程师
硬件工程师,1.5-2万,深圳·龙华·福城,深圳市裕嘉达科技有限公司,民营,100-299人,本科,3-5年,"蓝牙/Wi-Fi, 无线通信, 无线路由器, 硬件开发, 4G, 5G",电子/通信/半导体-通信-通信研发工程师,2026-05-20 18:23:02,15.0,20.0,17.5,12.0,210.0,monthly,深圳,龙华,福城,民营,100-299人,未知,电子/通信/半导体,通信,通信研发工程师
硬件工程师（路由器）,1.5-2万,深圳·龙华·福城,深圳市裕嘉达科技有限公司,民营,100-299人,本科,3-5年,"蓝牙/Wi-Fi, 无线通信, 无线路由器, 硬件开发, 4G, 5G",电子/通信/半导体-通信-通信研发工程师,2026-05-20 18:23:02,15.0,20.0,17.5,12.0,210.0,monthly,深圳,龙华,福城,民营,100-299人,未知,电子/通信/半导体,通信,通信研发工程师
视觉工程师,1.5-2万,深圳·宝安·新桥,深圳市波若波罗科技有限公司,民营,20-99人,大专,3-5年,"通信协议, 懂光学CCD, 测试, 研发, 数据通信, 光缆通信",电子/通信/半导体-通信-通信研发工程师,2026-05-20 18:23:02,15.0,20.0,17.5,12.0,210.0,monthly,深圳,宝安,新桥,民营,20-99人,未知,电子/通信/半导体,通信,通信研发工程师
协议工程师,1.5-1.6万·15薪,深圳·南山·粤海,深圳市桑达无线通讯技术有限公司,国企,20-99人,硕士,经验不限,无线通信,电子/通信/半导体-通信-通信研发工程师,2026-05-20 18:23:12,15.0,16.0,15.5,15.0,232.5,monthly,深圳,南山,粤海,国企,20-99人,未知,电子/通信/半导体,通信,通信研发工程师
工业设备通讯开发工程师,1-2万,深圳·龙华·观湖,海目星激光科技集团股份有限公司,民营,1000-9999人,本科,3-5年,"C++, C语言, 无线通信, AGV通讯开发, 设备调度通讯",电子/通信/半导体-通信-通信研发工程师,2026-05-20 18:23:01,10.0,20.0,15.0,12.0,180.0,monthly,深圳,龙华,观湖,民营,1000-9999人,未知,电子/通信/半导体,通信,通信研发工程师
软件助理工程师（协议栈）,1-1.5万,深圳·南山·西丽,福建科立讯通信有限公司深圳分公司,民营,300-499人,本科,经验不限,"C++, C语言, linux, ARM, 无线通信协议, DMR, PDT",电子/通信/半导体-通信-通信研发工程师,2026-05-20 18:23:00,10.0,15.0,12.5,12.0,150.0,monthly,深圳,南山,西丽,民营,300-499人,未知,电子/通信/半导体,通信,通信研发工程师
网络通信助理工程师,8000-12000元,深圳·罗湖·南湖,深圳金富东实业有限公司,民营,100-299人,本科,经验不限,本科,电子/通信/半导体-通信-通信研发工程师,2026-05-20 18:23:02,8.0,12.0,10.0,12.0,120.0,monthly,深圳,罗湖,南湖,民营,100-299人,未知,电子/通信/半导体,通信,通信研发工程师
通信运维工程师,8000-12000元,深圳·罗湖·东晓,深圳市星火电子工程公司,国企,1000-9999人,本科,1-3年,"运维, 无线通信, 移动通信, 数据通信",电子/通信/半导体-通信-通信研发工程师,2026-05-20 18:23:02,8.0,12.0,10.0,12.0,120.0,monthly,深圳,罗湖,东晓,国企,1000-9999人,未知,电子/通信/半导体,通信,通信研发工程师
通信服务项目热招专员 | 免费住宿+团建活动,5000-10000元,深圳·光明·玉塘,深圳市智城速达科技有限公司,100-299人,综合商贸,学历不限,经验不限,移动通信,电子/通信/半导体-通信-通信研发工程师,2026-05-20 18:23:00,5.0,10.0,7.5,12.0,90.0,monthly,深圳,光明,玉塘,综合商贸,100-299人,未知,电子/通信/半导体,通信,通信研发工程师
IP技术工程师,面议,深圳·粤海,中兴通讯,股份制企业,10000人以上,本科,经验不限,"无线通信, 通信设备装维, 数据通信",电子/通信/半导体-通信-通信研发工程师,2026-05-20 18:23:02,,,,,,negotiable,深圳,粤海,,股份制企业,10000人以上,未知,电子/通信/半导体,通信,通信研发工程师
通信/信号工程师（深圳·属地化）(J10667),面议,深圳·福田·沙头,卡斯柯信号有限公司（CASCO）,合资,1000-9999人,大专,经验不限,"运维, 硬件/设备运维, 归档交通",电子/通信/半导体-通信-通信研发工程师,2026-05-20 18:23:02,,,,,,negotiable,深圳,福田,沙头,合资,1000-9999人,未知,电子/通信/半导体,通信,通信研发工程师
